ISO-10303-21;
HEADER;
FILE_DESCRIPTION(('Open CASCADE Model'),'2;1');
FILE_NAME('Open CASCADE Shape Model','2024-10-31T12:04:47',('Author'),(
    'Open CASCADE'),'Open CASCADE STEP processor 7.6','Open CASCADE 7.6'
  ,'Unknown');
FILE_SCHEMA((
'AP242_MANAGED_MODEL_BASED_3D_ENGINEERING_MIM_LF. {1 0 10303 442 1 1 4 
}'));
ENDSEC;
DATA;
#1 = APPLICATION_PROTOCOL_DEFINITION('international standard',
  'ap242_managed_model_based_3d_engineering',2013,#2);
#2 = APPLICATION_CONTEXT('Managed model based 3d engineering');
#3 = SHAPE_DEFINITION_REPRESENTATION(#4,#10);
#4 = PRODUCT_DEFINITION_SHAPE('','',#5);
#5 = PRODUCT_DEFINITION('design','',#6,#9);
#6 = PRODUCT_DEFINITION_FORMATION('','',#7);
#7 = PRODUCT('afterextendface2','afterextendface2','',(#8));
#8 = PRODUCT_CONTEXT('',#2,'mechanical');
#9 = PRODUCT_DEFINITION_CONTEXT('part definition',#2,'design');
#10 = SHAPE_REPRESENTATION('',(#11,#15,#19),#23);
#11 = AXIS2_PLACEMENT_3D('',#12,#13,#14);
#12 = CARTESIAN_POINT('',(0.,0.,0.));
#13 = DIRECTION('',(0.,0.,1.));
#14 = DIRECTION('',(1.,0.,-0.));
#15 = AXIS2_PLACEMENT_3D('',#16,#17,#18);
#16 = CARTESIAN_POINT('',(0.,0.,0.));
#17 = DIRECTION('',(0.,0.,1.));
#18 = DIRECTION('',(1.,0.,-0.));
#19 = AXIS2_PLACEMENT_3D('',#20,#21,#22);
#20 = CARTESIAN_POINT('',(0.,0.,0.));
#21 = DIRECTION('',(0.,0.,1.));
#22 = DIRECTION('',(1.,0.,-0.));
#23 = ( GEOMETRIC_REPRESENTATION_CONTEXT(3) 
GLOBAL_UNCERTAINTY_ASSIGNED_CONTEXT((#27)) GLOBAL_UNIT_ASSIGNED_CONTEXT(
(#24,#25,#26)) REPRESENTATION_CONTEXT('Context #1',
  '3D Context with UNIT and UNCERTAINTY') );
#24 = ( LENGTH_UNIT() NAMED_UNIT(*) SI_UNIT(.MILLI.,.METRE.) );
#25 = ( NAMED_UNIT(*) PLANE_ANGLE_UNIT() SI_UNIT($,.RADIAN.) );
#26 = ( NAMED_UNIT(*) SI_UNIT($,.STERADIAN.) SOLID_ANGLE_UNIT() );
#27 = UNCERTAINTY_MEASURE_WITH_UNIT(LENGTH_MEASURE(1.E-03),#24,
  'distance_accuracy_value','confusion accuracy');
#28 = PRODUCT_RELATED_PRODUCT_CATEGORY('part',$,(#7));
#29 = SHAPE_DEFINITION_REPRESENTATION(#30,#36);
#30 = PRODUCT_DEFINITION_SHAPE('','',#31);
#31 = PRODUCT_DEFINITION('design','',#32,#35);
#32 = PRODUCT_DEFINITION_FORMATION('','',#33);
#33 = PRODUCT('part_268435457','part_268435457','',(#34));
#34 = PRODUCT_CONTEXT('',#2,'mechanical');
#35 = PRODUCT_DEFINITION_CONTEXT('part definition',#2,'design');
#36 = MANIFOLD_SURFACE_SHAPE_REPRESENTATION('',(#11,#37),#2162);
#37 = SHELL_BASED_SURFACE_MODEL('',(#38));
#38 = OPEN_SHELL('',(#39,#574,#1194,#1634));
#39 = ADVANCED_FACE('',(#40),#153,.T.);
#40 = FACE_BOUND('',#41,.T.);
#41 = EDGE_LOOP('',(#42,#128,#135,#148));
#42 = ORIENTED_EDGE('',*,*,#43,.T.);
#43 = EDGE_CURVE('',#44,#46,#48,.T.);
#44 = VERTEX_POINT('',#45);
#45 = CARTESIAN_POINT('',(-33.04958933361,880.48416249676,
    -2.811139674694E+03));
#46 = VERTEX_POINT('',#47);
#47 = CARTESIAN_POINT('',(1.364789813484,960.21565951256,
    -2.773852357334E+03));
#48 = B_SPLINE_CURVE_WITH_KNOTS('',8,(#49,#50,#51,#52,#53,#54,#55,#56,
    #57,#58,#59,#60,#61,#62,#63,#64,#65,#66,#67,#68,#69,#70,#71,#72,#73,
    #74,#75,#76,#77,#78,#79,#80,#81,#82,#83,#84,#85,#86,#87,#88,#89,#90,
    #91,#92,#93,#94,#95,#96,#97,#98,#99,#100,#101,#102,#103,#104,#105,
    #106,#107,#108,#109,#110,#111,#112,#113,#114,#115,#116,#117,#118,
    #119,#120,#121,#122,#123,#124,#125,#126,#127),.UNSPECIFIED.,.F.,.F.,
  (9,7,7,7,7,7,7,7,7,7,7,9),(0.,0.122951025916,0.184219572052,
    0.255022603607,0.315427776092,0.415467039195,0.525510059893,
    0.585411194121,0.684251364209,0.782883227313,0.891423398097,1.),
  .UNSPECIFIED.);
#49 = CARTESIAN_POINT('',(-33.04958933361,880.48416249676,
    -2.811139674694E+03));
#50 = CARTESIAN_POINT('',(-32.36580832153,881.82206277349,
    -2.811554368678E+03));
#51 = CARTESIAN_POINT('',(-31.67851836479,883.17427019165,
    -2.811936276269E+03));
#52 = CARTESIAN_POINT('',(-30.98785155207,884.54053938764,
    -2.812285255971E+03));
#53 = CARTESIAN_POINT('',(-30.29390620242,885.92101319015,
    -2.81259967543E+03));
#54 = CARTESIAN_POINT('',(-29.59678596004,887.3150161321,
    -2.81288168952E+03));
#55 = CARTESIAN_POINT('',(-28.89663179713,888.72288600387,
    -2.813128333717E+03));
#56 = CARTESIAN_POINT('',(-28.19347965168,890.14446318814,
    -2.813340005212E+03));
#57 = CARTESIAN_POINT('',(-27.13557747469,892.29500552175,
    -2.81360329282E+03));
#58 = CARTESIAN_POINT('',(-26.78405914998,893.01152977598,
    -2.813681652366E+03));
#59 = CARTESIAN_POINT('',(-26.43292129098,893.72922966034,
    -2.813750772492E+03));
#60 = CARTESIAN_POINT('',(-26.08222050898,894.44799283579,
    -2.81381062624E+03));
#61 = CARTESIAN_POINT('',(-25.73201294124,895.16770652988,
    -2.813861193327E+03));
#62 = CARTESIAN_POINT('',(-25.38235425101,895.88825753681,
    -2.813902460142E+03));
#63 = CARTESIAN_POINT('',(-25.03329962747,896.60953221739,
    -2.813934419746E+03));
#64 = CARTESIAN_POINT('',(-24.28229129816,898.16563893123,
    -2.813983249075E+03));
#65 = CARTESIAN_POINT('',(-23.88055408002,899.00067628081,
    -2.813997036781E+03));
#66 = CARTESIAN_POINT('',(-23.4797798414,899.83635047364,
    -2.8139984121E+03));
#67 = CARTESIAN_POINT('',(-23.08005625365,900.67248373304,
    -2.813987351127E+03));
#68 = CARTESIAN_POINT('',(-22.6814709494,901.50889857981,
    -2.813963828936E+03));
#69 = CARTESIAN_POINT('',(-22.28411152261,902.34541783223,
    -2.813927819588E+03));
#70 = CARTESIAN_POINT('',(-21.88806552851,903.18186460605,
    -2.813879296125E+03));
#71 = CARTESIAN_POINT('',(-21.15673148202,904.73145926523,
    -2.813766132871E+03));
#72 = CARTESIAN_POINT('',(-20.82106097125,905.44467101076,
    -2.813704936463E+03));
#73 = CARTESIAN_POINT('',(-20.48646400204,906.1575858045,
    -2.813634626884E+03));
#74 = CARTESIAN_POINT('',(-20.15299597916,906.87009076761,
    -2.813555191519E+03));
#75 = CARTESIAN_POINT('',(-19.82071266139,907.58207188904,
    -2.8134666196E+03));
#76 = CARTESIAN_POINT('',(-19.48967016154,908.29341402553,
    -2.813368902204E+03));
#77 = CARTESIAN_POINT('',(-19.15992494643,909.0040009016,
    -2.81326203226E+03));
#78 = CARTESIAN_POINT('',(-18.28767305066,910.8890993268,
    -2.812953846698E+03));
#79 = CARTESIAN_POINT('',(-17.75043716865,912.05581176703,
    -2.812737539823E+03));
#80 = CARTESIAN_POINT('',(-17.21963197524,913.21413105696,
    -2.812497677364E+03));
#81 = CARTESIAN_POINT('',(-16.69518440933,914.36419265975,
    -2.812234338771E+03));
#82 = CARTESIAN_POINT('',(-16.17703965945,915.50610216492,
    -2.811947565054E+03));
#83 = CARTESIAN_POINT('',(-15.66511881834,916.63997787764,
    -2.811637573382E+03));
#84 = CARTESIAN_POINT('',(-15.1593370972,917.76592270739,
    -2.811304710717E+03));
#85 = CARTESIAN_POINT('',(-14.11006349436,920.11372638389,
    -2.810558026462E+03));
#86 = CARTESIAN_POINT('',(-13.56788042335,921.33389583597,
    -2.810139322366E+03));
#87 = CARTESIAN_POINT('',(-13.03317730528,922.54436309746,
    -2.809692935708E+03));
#88 = CARTESIAN_POINT('',(-12.50600324876,923.74503373991,
    -2.809218828922E+03));
#89 = CARTESIAN_POINT('',(-11.98641283033,924.93578918367,
    -2.808717024246E+03));
#90 = CARTESIAN_POINT('',(-11.47446637268,926.11648636046,
    -2.808187602579E+03));
#91 = CARTESIAN_POINT('',(-10.97023022294,927.28695737578,
    -2.807630702342E+03));
#92 = CARTESIAN_POINT('',(-10.20353627323,929.07847510079,
    -2.806728521939E+03));
#93 = CARTESIAN_POINT('',(-9.935603224727,929.70685221418,
    -2.806402433028E+03));
#94 = CARTESIAN_POINT('',(-9.670034796738,930.33202039802,
    -2.806068258192E+03));
#95 = CARTESIAN_POINT('',(-9.406885819586,930.95386164553,
    -2.805726014495E+03));
#96 = CARTESIAN_POINT('',(-9.146209042608,931.57226005678,
    -2.805375729485E+03));
#97 = CARTESIAN_POINT('',(-8.888055134148,932.18710183873,
    -2.805017441188E+03));
#98 = CARTESIAN_POINT('',(-8.632472681558,932.79827530518,
    -2.804651198112E+03));
#99 = CARTESIAN_POINT('',(-7.962102851972,934.40790701782,
    -2.803659709517E+03));
#100 = CARTESIAN_POINT('',(-7.551831384956,935.39985571918,
    -2.803020810132E+03));
#101 = CARTESIAN_POINT('',(-7.14886122018,936.38108633681,
    -2.802360743034E+03));
#102 = CARTESIAN_POINT('',(-6.753475676673,937.35099889465,
    -2.80167955048E+03));
#103 = CARTESIAN_POINT('',(-6.365915677394,938.30905768974,
    -2.800977388083E+03));
#104 = CARTESIAN_POINT('',(-5.986334311298,939.2548562197,
    -2.800254664866E+03));
#105 = CARTESIAN_POINT('',(-5.614864242522,940.18801343277,
    -2.799511870335E+03));
#106 = CARTESIAN_POINT('',(-4.889496857932,942.0258504918,
    -2.797987914351E+03));
#107 = CARTESIAN_POINT('',(-4.535426928222,942.93091225453,
    -2.797206650312E+03));
#108 = CARTESIAN_POINT('',(-4.189710031298,943.82286590334,
    -2.79640513932E+03));
#109 = CARTESIAN_POINT('',(-3.852312296417,944.70174468563,
    -2.795583556867E+03));
#110 = CARTESIAN_POINT('',(-3.523260613469,945.56749526063,
    -2.794741890056E+03));
#111 = CARTESIAN_POINT('',(-3.202703561977,946.41988461534,
    -2.793879778054E+03));
#112 = CARTESIAN_POINT('',(-2.89081678399,947.25865441712,
    -2.79299671397E+03));
#113 = CARTESIAN_POINT('',(-2.253823684512,948.99209556485,
    -2.791097678205E+03));
#114 = CARTESIAN_POINT('',(-1.930460441955,949.88416347995,
    -2.790076862513E+03));
#115 = CARTESIAN_POINT('',(-1.618702664977,950.75690447429,
    -2.789033147172E+03));
#116 = CARTESIAN_POINT('',(-1.319427561876,951.60803233908,
    -2.787968673822E+03));
#117 = CARTESIAN_POINT('',(-1.032919560141,952.43668778614,
    -2.786884690532E+03));
#118 = CARTESIAN_POINT('',(-0.759075643708,953.24303571064,
    -2.785781431822E+03));
#119 = CARTESIAN_POINT('',(-0.497708532423,954.02769408539,
    -2.784657831092E+03));
#120 = CARTESIAN_POINT('',(5.725188440655E-04,955.55600217884,
    -2.782363721406E+03));
#121 = CARTESIAN_POINT('',(0.23651810562,956.2966502947,
    -2.781197818625E+03));
#122 = CARTESIAN_POINT('',(0.459008294457,957.01304997769,
    -2.7800140026E+03));
#123 = CARTESIAN_POINT('',(0.667926458162,957.70481098666,
    -2.778812962901E+03));
#124 = CARTESIAN_POINT('',(0.863112689264,958.37142800291,
    -2.777595505455E+03));
#125 = CARTESIAN_POINT('',(1.044395524534,959.01237461201,
    -2.776362422076E+03));
#126 = CARTESIAN_POINT('',(1.211657309837,959.62725769166,
    -2.775114405801E+03));
#127 = CARTESIAN_POINT('',(1.364789813481,960.21565951256,
    -2.773852357334E+03));
#128 = ORIENTED_EDGE('',*,*,#129,.F.);
#129 = EDGE_CURVE('',#130,#46,#132,.T.);
#130 = VERTEX_POINT('',#131);
#131 = CARTESIAN_POINT('',(183.6561686362,923.30190955735,
    -2.775254273337E+03));
#132 = B_SPLINE_CURVE_WITH_KNOTS('',1,(#133,#134),.UNSPECIFIED.,.F.,.F.,
  (2,2),(-1.,0.210939369459),.PIECEWISE_BEZIER_KNOTS.);
#133 = CARTESIAN_POINT('',(183.65616863621,923.30190955739,
    -2.775254273337E+03));
#134 = CARTESIAN_POINT('',(1.364789813481,960.21565951256,
    -2.773852357334E+03));
#135 = ORIENTED_EDGE('',*,*,#136,.F.);
#136 = EDGE_CURVE('',#137,#130,#139,.T.);
#137 = VERTEX_POINT('',#138);
#138 = CARTESIAN_POINT('',(167.07815138672,839.95858873788,
    -2.812678768168E+03));
#139 = B_SPLINE_CURVE_WITH_KNOTS('',7,(#140,#141,#142,#143,#144,#145,
    #146,#147),.UNSPECIFIED.,.F.,.F.,(8,8),(0.,1.454027998304),
  .PIECEWISE_BEZIER_KNOTS.);
#140 = CARTESIAN_POINT('',(167.07815138672,839.95858873788,
    -2.812678768168E+03));
#141 = CARTESIAN_POINT('',(169.77193328877,853.50114487724,
    -2.817134947782E+03));
#142 = CARTESIAN_POINT('',(172.67640158211,868.10289303193,
    -2.81824479401E+03));
#143 = CARTESIAN_POINT('',(175.60174640374,882.80959458182,
    -2.815694702637E+03));
#144 = CARTESIAN_POINT('',(178.33575680879,896.55439306302,
    -2.80952273667E+03));
#145 = CARTESIAN_POINT('',(180.67770548869,908.32816415006,
    -2.800182033416E+03));
#146 = CARTESIAN_POINT('',(182.4788469506,917.38311375238,
    -2.788449380775E+03));
#147 = CARTESIAN_POINT('',(183.65616863621,923.30190955739,
    -2.775254273337E+03));
#148 = ORIENTED_EDGE('',*,*,#149,.T.);
#149 = EDGE_CURVE('',#137,#44,#150,.T.);
#150 = B_SPLINE_CURVE_WITH_KNOTS('',1,(#151,#152),.UNSPECIFIED.,.F.,.F.,
  (2,2),(-1.,1.197378314767),.PIECEWISE_BEZIER_KNOTS.);
#151 = CARTESIAN_POINT('',(167.07815138672,839.95858873788,
    -2.812678768168E+03));
#152 = CARTESIAN_POINT('',(-33.04958933361,880.48416249676,
    -2.811139674694E+03));
#153 = B_SPLINE_SURFACE_WITH_KNOTS('',14,1,(
    (#154,#155)
    ,(#156,#157)
    ,(#158,#159)
    ,(#160,#161)
    ,(#162,#163)
    ,(#164,#165)
    ,(#166,#167)
    ,(#168,#169)
    ,(#170,#171)
    ,(#172,#173)
    ,(#174,#175)
    ,(#176,#177)
    ,(#178,#179)
    ,(#180,#181)
    ,(#182,#183)
    ,(#184,#185)
    ,(#186,#187)
    ,(#188,#189)
    ,(#190,#191)
    ,(#192,#193)
    ,(#194,#195)
    ,(#196,#197)
    ,(#198,#199)
    ,(#200,#201)
    ,(#202,#203)
    ,(#204,#205)
    ,(#206,#207)
    ,(#208,#209)
    ,(#210,#211)
    ,(#212,#213)
    ,(#214,#215)
    ,(#216,#217)
    ,(#218,#219)
    ,(#220,#221)
    ,(#222,#223)
    ,(#224,#225)
    ,(#226,#227)
    ,(#228,#229)
    ,(#230,#231)
    ,(#232,#233)
    ,(#234,#235)
    ,(#236,#237)
    ,(#238,#239)
    ,(#240,#241)
    ,(#242,#243)
    ,(#244,#245)
    ,(#246,#247)
    ,(#248,#249)
    ,(#250,#251)
    ,(#252,#253)
    ,(#254,#255)
    ,(#256,#257)
    ,(#258,#259)
    ,(#260,#261)
    ,(#262,#263)
    ,(#264,#265)
    ,(#266,#267)
    ,(#268,#269)
    ,(#270,#271)
    ,(#272,#273)
    ,(#274,#275)
    ,(#276,#277)
    ,(#278,#279)
    ,(#280,#281)
    ,(#282,#283)
    ,(#284,#285)
    ,(#286,#287)
    ,(#288,#289)
    ,(#290,#291)
    ,(#292,#293)
    ,(#294,#295)
    ,(#296,#297)
    ,(#298,#299)
    ,(#300,#301)
    ,(#302,#303)
    ,(#304,#305)
    ,(#306,#307)
    ,(#308,#309)
    ,(#310,#311)
    ,(#312,#313)
    ,(#314,#315)
    ,(#316,#317)
    ,(#318,#319)
    ,(#320,#321)
    ,(#322,#323)
    ,(#324,#325)
    ,(#326,#327)
    ,(#328,#329)
    ,(#330,#331)
    ,(#332,#333)
    ,(#334,#335)
    ,(#336,#337)
    ,(#338,#339)
    ,(#340,#341)
    ,(#342,#343)
    ,(#344,#345)
    ,(#346,#347)
    ,(#348,#349)
    ,(#350,#351)
    ,(#352,#353)
    ,(#354,#355)
    ,(#356,#357)
    ,(#358,#359)
    ,(#360,#361)
    ,(#362,#363)
    ,(#364,#365)
    ,(#366,#367)
    ,(#368,#369)
    ,(#370,#371)
    ,(#372,#373)
    ,(#374,#375)
    ,(#376,#377)
    ,(#378,#379)
    ,(#380,#381)
    ,(#382,#383)
    ,(#384,#385)
    ,(#386,#387)
    ,(#388,#389)
    ,(#390,#391)
    ,(#392,#393)
    ,(#394,#395)
    ,(#396,#397)
    ,(#398,#399)
    ,(#400,#401)
    ,(#402,#403)
    ,(#404,#405)
    ,(#406,#407)
    ,(#408,#409)
    ,(#410,#411)
    ,(#412,#413)
    ,(#414,#415)
    ,(#416,#417)
    ,(#418,#419)
    ,(#420,#421)
    ,(#422,#423)
    ,(#424,#425)
    ,(#426,#427)
    ,(#428,#429)
    ,(#430,#431)
    ,(#432,#433)
    ,(#434,#435)
    ,(#436,#437)
    ,(#438,#439)
    ,(#440,#441)
    ,(#442,#443)
    ,(#444,#445)
    ,(#446,#447)
    ,(#448,#449)
    ,(#450,#451)
    ,(#452,#453)
    ,(#454,#455)
    ,(#456,#457)
    ,(#458,#459)
    ,(#460,#461)
    ,(#462,#463)
    ,(#464,#465)
    ,(#466,#467)
    ,(#468,#469)
    ,(#470,#471)
    ,(#472,#473)
    ,(#474,#475)
    ,(#476,#477)
    ,(#478,#479)
    ,(#480,#481)
    ,(#482,#483)
    ,(#484,#485)
    ,(#486,#487)
    ,(#488,#489)
    ,(#490,#491)
    ,(#492,#493)
    ,(#494,#495)
    ,(#496,#497)
    ,(#498,#499)
    ,(#500,#501)
    ,(#502,#503)
    ,(#504,#505)
    ,(#506,#507)
    ,(#508,#509)
    ,(#510,#511)
    ,(#512,#513)
    ,(#514,#515)
    ,(#516,#517)
    ,(#518,#519)
    ,(#520,#521)
    ,(#522,#523)
    ,(#524,#525)
    ,(#526,#527)
    ,(#528,#529)
    ,(#530,#531)
    ,(#532,#533)
    ,(#534,#535)
    ,(#536,#537)
    ,(#538,#539)
    ,(#540,#541)
    ,(#542,#543)
    ,(#544,#545)
    ,(#546,#547)
    ,(#548,#549)
    ,(#550,#551)
    ,(#552,#553)
    ,(#554,#555)
    ,(#556,#557)
    ,(#558,#559)
    ,(#560,#561)
    ,(#562,#563)
    ,(#564,#565)
    ,(#566,#567)
    ,(#568,#569)
    ,(#570,#571)
    ,(#572,#573
    )),.UNSPECIFIED.,.F.,.F.,.F.,(15,13,13,13,13,13,13,13,13,13,13,13,13
    ,13,13,13,15),(2,2),(0.,6.637528000328E-02,0.114225373728,
    0.209925561205,0.257775654944,0.305625748668,0.497026123609,
    0.592726311086,0.688426498549,0.87982687349,0.975527060953,
    1.023377154691,1.07122724843,1.262627623371,1.310477717095,
    1.358327810834,1.454027998311),(0.,1.),.UNSPECIFIED.);
#154 = CARTESIAN_POINT('',(183.65616863621,923.30190955739,
    -2.775254273337E+03));
#155 = CARTESIAN_POINT('',(33.119004331936,953.78547536273,
    -2.774096563844E+03));
#156 = CARTESIAN_POINT('',(183.62929671331,923.16681527815,
    -2.775555446681E+03));
#157 = CARTESIAN_POINT('',(33.297665806159,953.60495839285,
    -2.774394874345E+03));
#158 = CARTESIAN_POINT('',(183.60212480216,923.03021285617,
    -2.775855916747E+03));
#159 = CARTESIAN_POINT('',(33.477295771004,953.42262998955,
    -2.7746926919E+03));
#160 = CARTESIAN_POINT('',(183.57465366207,922.89210610869,
    -2.776155675032E+03));
#161 = CARTESIAN_POINT('',(33.657890030387,953.2384902951,
    -2.774990009746E+03));
#162 = CARTESIAN_POINT('',(183.5468840623,922.75249890312,
    -2.776454713058E+03));
#163 = CARTESIAN_POINT('',(33.839444126402,953.05253953086,
    -2.775286821119E+03));
#164 = CARTESIAN_POINT('',(183.5188167821,922.61139515691,
    -2.776753022369E+03));
#165 = CARTESIAN_POINT('',(34.021953338993,952.86477793286,
    -2.775583119183E+03));
#166 = CARTESIAN_POINT('',(183.4904526106,922.4687988374,
    -2.777050594534E+03));
#167 = CARTESIAN_POINT('',(34.205412686908,952.67520588463,
    -2.775878897201E+03));
#168 = CARTESIAN_POINT('',(183.46179234686,922.32471396164,
    -2.777347421147E+03));
#169 = CARTESIAN_POINT('',(34.389816925623,952.48382369142,
    -2.776174148211E+03));
#170 = CARTESIAN_POINT('',(183.43283679978,922.17914459628,
    -2.777643493825E+03));
#171 = CARTESIAN_POINT('',(34.575160550926,952.29063190193,
    -2.776468865538E+03));
#172 = CARTESIAN_POINT('',(183.4035867881,922.03209485742,
    -2.777938804209E+03));
#173 = CARTESIAN_POINT('',(34.761437793845,952.09563092,
    -2.776763042113E+03));
#174 = CARTESIAN_POINT('',(183.37404314036,921.88356891039,
    -2.77823334397E+03));
#175 = CARTESIAN_POINT('',(34.948642626632,951.89882140377,
    -2.777056671236E+03));
#176 = CARTESIAN_POINT('',(183.34420669487,921.73357096966,
    -2.778527104798E+03));
#177 = CARTESIAN_POINT('',(35.136768756838,951.70020391586,
    -2.777349745854E+03));
#178 = CARTESIAN_POINT('',(183.31407829967,921.58210529863,
    -2.778820078415E+03));
#179 = CARTESIAN_POINT('',(35.325809632234,951.49977918375,
    -2.777642259137E+03));
#180 = CARTESIAN_POINT('',(183.28365881251,921.42917620949,
    -2.779112256566E+03));
#181 = CARTESIAN_POINT('',(35.515758437405,951.29754793677,
    -2.777934204095E+03));
#182 = CARTESIAN_POINT('',(183.23081039821,921.16348928921,
    -2.779613683547E+03));
#183 = CARTESIAN_POINT('',(35.844192058207,950.94642028118,
    -2.778435622874E+03));
#184 = CARTESIAN_POINT('',(183.20852086588,921.05143224305,
    -2.779823318392E+03));
#185 = CARTESIAN_POINT('',(35.982260037925,950.79834704485,
    -2.778645431997E+03));
#186 = CARTESIAN_POINT('',(183.18608082878,920.93861855836,
    -2.780032532474E+03));
#187 = CARTESIAN_POINT('',(36.120802416501,950.64931169022,
    -2.778854970085E+03));
#188 = CARTESIAN_POINT('',(183.16349061452,920.82504988205,
    -2.780241322718E+03));
#189 = CARTESIAN_POINT('',(36.259809574499,950.49933461198,
    -2.779064205999E+03));
#190 = CARTESIAN_POINT('',(183.14075055328,920.71072787414,
    -2.780449686058E+03));
#191 = CARTESIAN_POINT('',(36.399271894992,950.34843623518,
    -2.779273108749E+03));
#192 = CARTESIAN_POINT('',(183.11786097787,920.5956542077,
    -2.780657619431E+03));
#193 = CARTESIAN_POINT('',(36.539179756479,950.19663693275,
    -2.779481647082E+03));
#194 = CARTESIAN_POINT('',(183.09482222366,920.47983056884,
    -2.780865119784E+03));
#195 = CARTESIAN_POINT('',(36.679523544297,950.04395715033,
    -2.779689790127E+03));
#196 = CARTESIAN_POINT('',(183.07163462864,920.36325865667,
    -2.781072184073E+03));
#197 = CARTESIAN_POINT('',(36.820293635275,949.89041725095,
    -2.779897506553E+03));
#198 = CARTESIAN_POINT('',(183.04829853336,920.24594018325,
    -2.781278809257E+03));
#199 = CARTESIAN_POINT('',(36.961480415117,949.73603767359,
    -2.780104765492E+03));
#200 = CARTESIAN_POINT('',(183.02481428093,920.12787687357,
    -2.781484992308E+03));
#201 = CARTESIAN_POINT('',(37.103074261747,949.58083880173,
    -2.780311535686E+03));
#202 = CARTESIAN_POINT('',(183.00118221704,920.00907046552,
    -2.781690730202E+03));
#203 = CARTESIAN_POINT('',(37.245065558803,949.42484104965,
    -2.78051778615E+03));
#204 = CARTESIAN_POINT('',(182.97740268995,919.88952270984,
    -2.781896019923E+03));
#205 = CARTESIAN_POINT('',(37.387444686448,949.26806482044,
    -2.780723485742E+03));
#206 = CARTESIAN_POINT('',(182.95347605043,919.76923537009,
    -2.782100858464E+03));
#207 = CARTESIAN_POINT('',(37.530202026544,949.11053051768,
    -2.780928603393E+03));
#208 = CARTESIAN_POINT('',(182.88125585463,919.40615992761,
    -2.782714011548E+03));
#209 = CARTESIAN_POINT('',(37.959579828003,948.63571460814,
    -2.781542117238E+03));
#210 = CARTESIAN_POINT('',(182.8325220211,919.16115840171,
    -2.783120963552E+03));
#211 = CARTESIAN_POINT('',(38.247302789796,948.31610683707,
    -2.781948931876E+03));
#212 = CARTESIAN_POINT('',(182.78320397795,918.91321985571,
    -2.78352607484E+03));
#213 = CARTESIAN_POINT('',(38.53644193177,947.99345306153,
    -2.782353552832E+03));
#214 = CARTESIAN_POINT('',(182.73330459257,918.66235870495,
    -2.783929321541E+03));
#215 = CARTESIAN_POINT('',(38.826941946535,947.66777143009,
    -2.782755981088E+03));
#216 = CARTESIAN_POINT('',(182.68282677281,918.40858956816,
    -2.78433067991E+03));
#217 = CARTESIAN_POINT('',(39.118747141574,947.33908066328,
    -2.783156218234E+03));
#218 = CARTESIAN_POINT('',(182.63177346673,918.15192726631,
    -2.784730126333E+03));
#219 = CARTESIAN_POINT('',(39.41180142299,947.00739955996,
    -2.783554265408E+03));
#220 = CARTESIAN_POINT('',(182.58014766239,917.89238682138,
    -2.785127637328E+03));
#221 = CARTESIAN_POINT('',(39.706048321366,946.67274779647,
    -2.783950125005E+03));
#222 = CARTESIAN_POINT('',(182.52795238761,917.62998345515,
    -2.785523189546E+03));
#223 = CARTESIAN_POINT('',(40.001430957506,946.33514484328,
    -2.784343798383E+03));
#224 = CARTESIAN_POINT('',(182.47519070967,917.36473258795,
    -2.785916759774E+03));
#225 = CARTESIAN_POINT('',(40.297892080701,945.99461120833,
    -2.784735288457E+03));
#226 = CARTESIAN_POINT('',(182.4218657351,917.0966498374,
    -2.786308324937E+03));
#227 = CARTESIAN_POINT('',(40.59537403244,945.65116722239,
    -2.785124597211E+03));
#228 = CARTESIAN_POINT('',(182.36798060943,916.8257510171,
    -2.786697862098E+03));
#229 = CARTESIAN_POINT('',(40.893818775699,945.30483404987,
    -2.785511727729E+03));
#230 = CARTESIAN_POINT('',(182.31353851691,916.55205213534,
    -2.787085348464E+03));
#231 = CARTESIAN_POINT('',(41.19316787488,944.95563297547,
    -2.785896682788E+03));
#232 = CARTESIAN_POINT('',(182.25854268025,916.27556939376,
    -2.787470761384E+03));
#233 = CARTESIAN_POINT('',(41.493362507351,944.60358582609,
    -2.786279465675E+03));
#234 = CARTESIAN_POINT('',(182.17522320037,915.85669408211,
    -2.788045736836E+03));
#235 = CARTESIAN_POINT('',(41.944833933325,944.07127923701,
    -2.786850386859E+03));
#236 = CARTESIAN_POINT('',(182.1473124196,915.71637711167,
    -2.788236871332E+03));
#237 = CARTESIAN_POINT('',(42.095523058779,943.89313551575,
    -2.787040149468E+03));
#238 = CARTESIAN_POINT('',(182.11926442562,915.5753703239,
    -2.788427479027E+03));
#239 = CARTESIAN_POINT('',(42.246404263953,943.71428566047,
    -2.78722936719E+03));
#240 = CARTESIAN_POINT('',(182.09107962845,915.43367577999,
    -2.788617557118E+03));
#241 = CARTESIAN_POINT('',(42.397470977532,943.53473169784,
    -2.787418039543E+03));
#242 = CARTESIAN_POINT('',(182.06275844045,915.29129555309,
    -2.788807102808E+03));
#243 = CARTESIAN_POINT('',(42.548716630367,943.35447572971,
    -2.787606166161E+03));
#244 = CARTESIAN_POINT('',(182.03430127637,915.1482317283,
    -2.788996113312E+03));
#245 = CARTESIAN_POINT('',(42.700134649351,943.17351971819,
    -2.787793746461E+03));
#246 = CARTESIAN_POINT('',(182.00570855333,915.00448640255,
    -2.789184585854E+03));
#247 = CARTESIAN_POINT('',(42.851718467224,942.99186583555,
    -2.787980780189E+03));
#248 = CARTESIAN_POINT('',(181.97698069078,914.86006168463,
    -2.789372517666E+03));
#249 = CARTESIAN_POINT('',(43.003461509542,942.80951599117,
    -2.788167266675E+03));
#250 = CARTESIAN_POINT('',(181.94811811053,914.71495969508,
    -2.789559905991E+03));
#251 = CARTESIAN_POINT('',(43.155357209319,942.62647237175,
    -2.788353205696E+03));
#252 = CARTESIAN_POINT('',(181.91912123672,914.56918256623,
    -2.789746748081E+03));
#253 = CARTESIAN_POINT('',(43.307398992973,942.4427369159,
    -2.788538596617E+03));
#254 = CARTESIAN_POINT('',(181.88999049582,914.42273244206,
    -2.789933041197E+03));
#255 = CARTESIAN_POINT('',(43.459580291906,942.25831175036,
    -2.788723439129E+03));
#256 = CARTESIAN_POINT('',(181.86072631661,914.27561147823,
    -2.790118782608E+03));
#257 = CARTESIAN_POINT('',(43.611894534308,942.07319888173,
    -2.788907732702E+03));
#258 = CARTESIAN_POINT('',(181.83132913019,914.12782184199,
    -2.790303969596E+03));
#259 = CARTESIAN_POINT('',(43.764335150123,941.88740038027,
    -2.789091476933E+03));
#260 = CARTESIAN_POINT('',(181.77226960973,913.83090958241,
    -2.790673229306E+03));
#261 = CARTESIAN_POINT('',(44.06945598682,941.51443619792,
    -2.789457865786E+03));
#262 = CARTESIAN_POINT('',(181.74260727569,913.68178695906,
    -2.790857302028E+03));
#263 = CARTESIAN_POINT('',(44.222152979508,941.32723365154,
    -2.789640544895E+03));
#264 = CARTESIAN_POINT('',(181.71281280123,913.53200002094,
    -2.791040814906E+03));
#265 = CARTESIAN_POINT('',(44.374975030754,941.13932426053,
    -2.789822696703E+03));
#266 = CARTESIAN_POINT('',(181.68288662204,913.38155095846,
    -2.79122376524E+03));
#267 = CARTESIAN_POINT('',(44.527910626513,940.95072165313,
    -2.790004309378E+03));
#268 = CARTESIAN_POINT('',(181.65282917611,913.2304419735,
    -2.79140615034E+03));
#269 = CARTESIAN_POINT('',(44.68094824867,940.76143941832,
    -2.790185370734E+03));
#270 = CARTESIAN_POINT('',(181.62264090371,913.07867527944,
    -2.791587967525E+03));
#271 = CARTESIAN_POINT('',(44.834076386634,940.57149121643,
    -2.790365869247E+03));
#272 = CARTESIAN_POINT('',(181.59232224737,912.92625310108,
    -2.791769214123E+03));
#273 = CARTESIAN_POINT('',(44.987283518321,940.38089059949,
    -2.790545792371E+03));
#274 = CARTESIAN_POINT('',(181.5618736519,912.7731776746,
    -2.791949887474E+03));
#275 = CARTESIAN_POINT('',(45.140558136381,940.18965125836,
    -2.790725128881E+03));
#276 = CARTESIAN_POINT('',(181.53129556435,912.6194512475,
    -2.792129984927E+03));
#277 = CARTESIAN_POINT('',(45.293888717502,939.99778673292,
    -2.790903866111E+03));
#278 = CARTESIAN_POINT('',(181.50058843404,912.46507607859,
    -2.79230950384E+03));
#279 = CARTESIAN_POINT('',(45.447263753005,939.80531070241,
    -2.791081992725E+03));
#280 = CARTESIAN_POINT('',(181.4697527125,912.31005443791,
    -2.792488441582E+03));
#281 = CARTESIAN_POINT('',(45.600671722901,939.61223673727,
    -2.791259496351E+03));
#282 = CARTESIAN_POINT('',(181.43878885349,912.15438860669,
    -2.792666795532E+03));
#283 = CARTESIAN_POINT('',(45.754101114498,939.41857847911,
    -2.791436365292E+03));
#284 = CARTESIAN_POINT('',(181.407697313,911.99808087731,
    -2.79284456308E+03));
#285 = CARTESIAN_POINT('',(45.907540411252,939.22434953131,
    -2.791612587491E+03));
#286 = CARTESIAN_POINT('',(181.25160349404,911.21334425677,
    -2.793730455802E+03));
#287 = CARTESIAN_POINT('',(46.674728846212,938.25041944165,
    -2.792490405241E+03));
#288 = CARTESIAN_POINT('',(181.12469286616,910.57532144524,
    -2.794429745927E+03));
#289 = CARTESIAN_POINT('',(47.288333212935,937.4624976523,
    -2.793182148857E+03));
#290 = CARTESIAN_POINT('',(180.99577598968,909.92721254094,
    -2.795119445562E+03));
#291 = CARTESIAN_POINT('',(47.901503799121,936.66587765388,
    -2.793863303883E+03));
#292 = CARTESIAN_POINT('',(180.86488275381,909.269167807,
    -2.795799390883E+03));
#293 = CARTESIAN_POINT('',(48.513674428225,935.86075581083,
    -2.79453414065E+03));
#294 = CARTESIAN_POINT('',(180.73204360307,908.6013402984,
    -2.79646942074E+03));
#295 = CARTESIAN_POINT('',(49.12469371884,935.04716934872,
    -2.795194423654E+03));
#296 = CARTESIAN_POINT('',(180.59728952733,907.92388581171,
    -2.797129376712E+03));
#297 = CARTESIAN_POINT('',(49.734224424529,934.22522662616,
    -2.795844139134E+03));
#298 = CARTESIAN_POINT('',(180.46065205157,907.23696283369,
    -2.797779103154E+03));
#299 = CARTESIAN_POINT('',(50.341682347822,933.39513600953,
    -2.796483577456E+03));
#300 = CARTESIAN_POINT('',(180.32216322542,906.54073248879,
    -2.798418447257E+03));
#301 = CARTESIAN_POINT('',(50.946606434097,932.55706718236,
    -2.797112889569E+03));
#302 = CARTESIAN_POINT('',(180.18185561254,905.83535848548,
    -2.799047259093E+03));
#303 = CARTESIAN_POINT('',(51.548848070303,931.71107602532,
    -2.797731854521E+03));
#304 = CARTESIAN_POINT('',(180.03976227967,905.12100706157,
    -2.799665391668E+03));
#305 = CARTESIAN_POINT('',(52.1483141545,930.85719731413,
    -2.79834018255E+03));
#306 = CARTESIAN_POINT('',(179.89591678559,904.39784692844,
    -2.800272700969E+03));
#307 = CARTESIAN_POINT('',(52.744606959314,929.99558073533,
    -2.79893794859E+03));
#308 = CARTESIAN_POINT('',(179.75035316984,903.66604921433,
    -2.800869046011E+03));
#309 = CARTESIAN_POINT('',(53.337185726521,929.12643594122,
    -2.799525407073E+03));
#310 = CARTESIAN_POINT('',(179.60310594118,902.92578740662,
    -2.801454288886E+03));
#311 = CARTESIAN_POINT('',(53.92604201928,928.24978280768,
    -2.800102187461E+03));
#312 = CARTESIAN_POINT('',(179.37976212842,901.80296223638,
    -2.80231529776E+03));
#313 = CARTESIAN_POINT('',(54.803096115791,926.92380186373,
    -2.800951535476E+03));
#314 = CARTESIAN_POINT('',(179.3049020292,901.42661510318,
    -2.802599491478E+03));
#315 = CARTESIAN_POINT('',(55.094417445232,926.47997242636,
    -2.801232005762E+03));
#316 = CARTESIAN_POINT('',(179.22963413914,901.04821786702,
    -2.802880859108E+03));
#317 = CARTESIAN_POINT('',(55.384676579567,926.03432044863,
    -2.801509819833E+03));
#318 = CARTESIAN_POINT('',(179.15396285765,900.66779264516,
    -2.803159383996E+03));
#319 = CARTESIAN_POINT('',(55.673841436517,925.58685935562,
    -2.801784967412E+03));
#320 = CARTESIAN_POINT('',(179.07789261236,900.28536169682,
    -2.803435049683E+03));
#321 = CARTESIAN_POINT('',(55.96188001531,925.1376028595,
    -2.80205743862E+03));
#322 = CARTESIAN_POINT('',(179.00142785876,899.9009474213,
    -2.803707839912E+03));
#323 = CARTESIAN_POINT('',(56.248760386737,924.68656473162,
    -2.802327223609E+03));
#324 = CARTESIAN_POINT('',(178.92457307986,899.51457235616,
    -2.80397773862E+03));
#325 = CARTESIAN_POINT('',(56.534450710168,924.23375918446,
    -2.802594313178E+03));
#326 = CARTESIAN_POINT('',(178.84733278577,899.1262591753,
    -2.804244729947E+03));
#327 = CARTESIAN_POINT('',(56.818919209239,923.77920033795,
    -2.80285869791E+03));
#328 = CARTESIAN_POINT('',(178.76971151336,898.73603068711,
    -2.804508798235E+03));
#329 = CARTESIAN_POINT('',(57.102134201142,923.32290284776,
    -2.803120369191E+03));
#330 = CARTESIAN_POINT('',(178.69171382588,898.34390983255,
    -2.804769928029E+03));
#331 = CARTESIAN_POINT('',(57.384064066748,922.86488127915,
    -2.803379318189E+03));
#332 = CARTESIAN_POINT('',(178.61334431255,897.94991968322,
    -2.805028104077E+03));
#333 = CARTESIAN_POINT('',(57.664677276397,922.40515063524,
    -2.803635536723E+03));
#334 = CARTESIAN_POINT('',(178.53460758821,897.55408343945,
    -2.805283311334E+03));
#335 = CARTESIAN_POINT('',(57.943942371183,921.94372598173,
    -2.803889016641E+03));
#336 = CARTESIAN_POINT('',(178.4555082929,897.15642442835,
    -2.80553553496E+03));
#337 = CARTESIAN_POINT('',(58.221827974191,921.48062266832,
    -2.804139750185E+03));
#338 = CARTESIAN_POINT('',(178.29659389014,896.35750777546,
    -2.80603398569E+03));
#339 = CARTESIAN_POINT('',(58.774777595964,920.55108977851,
    -2.804635709463E+03));
#340 = CARTESIAN_POINT('',(178.21677878268,895.95625013367,
    -2.806280212793E+03));
#341 = CARTESIAN_POINT('',(59.049878621216,920.08457442821,
    -2.804880966121E+03));
#342 = CARTESIAN_POINT('',(178.13661043402,895.55321662842,
    -2.806523427005E+03));
#343 = CARTESIAN_POINT('',(59.323229166902,919.61718289439,
    -2.805123119731E+03));
#344 = CARTESIAN_POINT('',(178.05609353387,895.14843083651,
    -2.806763613902E+03));
#345 = CARTESIAN_POINT('',(59.596519639079,919.14468098453,
    -2.805363987117E+03));
#346 = CARTESIAN_POINT('',(177.97523279637,894.74191645755,
    -2.80700075927E+03));
#347 = CARTESIAN_POINT('',(59.864386793045,918.68025896319,
    -2.805597847288E+03));
#348 = CARTESIAN_POINT('',(177.89403295974,894.3336973121,
    -2.807234849107E+03));
#349 = CARTESIAN_POINT('',(60.138134529138,918.19594984327,
    -2.805836927119E+03));
#350 = CARTESIAN_POINT('',(177.81249878583,893.92379733962,
    -2.807465869621E+03));
#351 = CARTESIAN_POINT('',(60.400863412939,917.73339929741,
    -2.806062750064E+03));
#352 = CARTESIAN_POINT('',(177.73063505975,893.51224059651,
    -2.807693807232E+03));
#353 = CARTESIAN_POINT('',(60.669787920841,917.25011522975,
    -2.806294609345E+03));
#354 = CARTESIAN_POINT('',(177.64844658947,893.09905125411,
    -2.807918648575E+03));
#355 = CARTESIAN_POINT('',(60.933675733729,916.77367409957,
    -2.806519362996E+03));
#356 = CARTESIAN_POINT('',(177.56593820544,892.68425359665,
    -2.808140380502E+03));
#357 = CARTESIAN_POINT('',(61.196192973883,916.29506761135,
    -2.806741983795E+03));
#358 = CARTESIAN_POINT('',(177.48311476016,892.26787201928,
    -2.808358990077E+03));
#359 = CARTESIAN_POINT('',(61.45758611841,915.81356736709,
    -2.806962091639E+03));
#360 = CARTESIAN_POINT('',(177.39998112775,891.84993102597,
    -2.808574464584E+03));
#361 = CARTESIAN_POINT('',(61.716767358156,915.33183639561,
    -2.807178841147E+03));
#362 = CARTESIAN_POINT('',(177.31654220362,891.43045522751,
    -2.808786791523E+03));
#363 = CARTESIAN_POINT('',(61.974194806555,914.84868068323,
    -2.807392645299E+03));
#364 = CARTESIAN_POINT('',(177.06532430472,890.16749756325,
    -2.809414292802E+03));
#365 = CARTESIAN_POINT('',(62.740605198151,913.39629559435,
    -2.808024677858E+03));
#366 = CARTESIAN_POINT('',(176.89664420346,889.31948542861,
    -2.809819987601E+03));
#367 = CARTESIAN_POINT('',(63.243914385347,912.42370036954,
    -2.808433842735E+03));
#368 = CARTESIAN_POINT('',(176.72680193,888.46563065981,
    -2.810212944777E+03));
#369 = CARTESIAN_POINT('',(63.739400323483,911.44690627191,
    -2.808830730108E+03));
#370 = CARTESIAN_POINT('',(176.55583714751,887.60613265705,
    -2.8105930696E+03));
#371 = CARTESIAN_POINT('',(64.226874705134,910.46605421732,
    -2.809215257995E+03));
#372 = CARTESIAN_POINT('',(176.38378983943,886.74119243061,
    -2.810960270879E+03));
#373 = CARTESIAN_POINT('',(64.706153097759,909.48128653551,
    -2.809587349951E+03));
#374 = CARTESIAN_POINT('',(176.21070029621,885.87101253431,
    -2.811314460995E+03));
#375 = CARTESIAN_POINT('',(65.177054928892,908.49274671643,
    -2.8099469347E+03));
#376 = CARTESIAN_POINT('',(176.03660910198,884.99579699833,
    -2.811655555929E+03));
#377 = CARTESIAN_POINT('',(65.63940351117,907.50057983419,
    -2.810293946752E+03));
#378 = CARTESIAN_POINT('',(175.86155712106,884.11575126149,
    -2.811983475291E+03));
#379 = CARTESIAN_POINT('',(66.093026006974,906.50493195293,
    -2.81062832554E+03));
#380 = CARTESIAN_POINT('',(175.68558548437,883.23108210287,
    -2.812298142347E+03));
#381 = CARTESIAN_POINT('',(66.537753470729,905.50595083382,
    -2.810950016442E+03));
#382 = CARTESIAN_POINT('',(175.50873557573,882.34199757296,
    -2.812599484045E+03));
#383 = CARTESIAN_POINT('',(66.973420805826,904.50378521699,
    -2.81125896975E+03));
#384 = CARTESIAN_POINT('',(175.33104901804,881.44870692431,
    -2.812887431037E+03));
#385 = CARTESIAN_POINT('',(67.399866801995,903.49858544421,
    -2.811555141557E+03));
#386 = CARTESIAN_POINT('',(175.15256765946,880.55142054166,
    -2.813161917705E+03));
#387 = CARTESIAN_POINT('',(67.816934107756,902.49050299952,
    -2.811838493108E+03));
#388 = CARTESIAN_POINT('',(174.97333355932,879.65034987174,
    -2.81342288218E+03));
#389 = CARTESIAN_POINT('',(68.224469247567,901.47969079529,
    -2.812108991202E+03));
#390 = CARTESIAN_POINT('',(174.70341668163,878.29338609293,
    -2.813793958449E+03));
#391 = CARTESIAN_POINT('',(68.82124929557,899.95960913828,
    -2.812495416373E+03));
#392 = CARTESIAN_POINT('',(174.61326676782,877.84017187103,
    -2.813914255465E+03));
#393 = CARTESIAN_POINT('',(69.017757838093,899.45226734657,
    -2.812620989905E+03));
#394 = CARTESIAN_POINT('',(174.52294451483,877.38609124155,
    -2.814031150144E+03));
#395 = CARTESIAN_POINT('',(69.211828495779,898.94429406831,
    -2.812743317196E+03));
#396 = CARTESIAN_POINT('',(174.43245521705,876.9311708212,
    -2.814144635461E+03));
#397 = CARTESIAN_POINT('',(69.403441826905,898.43570579693,
    -2.812862387359E+03));
#398 = CARTESIAN_POINT('',(174.34180418076,876.47543728642,
    -2.814254704623E+03));
#399 = CARTESIAN_POINT('',(69.592578681458,897.92651894757,
    -2.812978189567E+03));
#400 = CARTESIAN_POINT('',(174.25099672366,876.0189173712,
    -2.814361351076E+03));
#401 = CARTESIAN_POINT('',(69.779220223856,897.41675016451,
    -2.813090713924E+03));
#402 = CARTESIAN_POINT('',(174.1600381745,875.56163786484,
    -2.814464568505E+03));
#403 = CARTESIAN_POINT('',(69.963347895422,896.90641581137,
    -2.813199950034E+03));
#404 = CARTESIAN_POINT('',(174.06893387254,875.1036256097,
    -2.814564350829E+03));
#405 = CARTESIAN_POINT('',(70.144943466257,896.39553267895,
    -2.813305888969E+03));
#406 = CARTESIAN_POINT('',(173.97768916719,874.64490749903,
    -2.814660692207E+03));
#407 = CARTESIAN_POINT('',(70.32398897449,895.88411715341,
    -2.813408520981E+03));
#408 = CARTESIAN_POINT('',(173.8863094175,874.18551047467,
    -2.81475358704E+03));
#409 = CARTESIAN_POINT('',(70.500466786962,895.37218604833,
    -2.813507837767E+03));
#410 = CARTESIAN_POINT('',(173.79479999178,873.72546152485,
    -2.814843029962E+03));
#411 = CARTESIAN_POINT('',(70.67435954738,894.85975589489,
    -2.813603830552E+03));
#412 = CARTESIAN_POINT('',(173.7031662671,873.26478768191,
    -2.814929015853E+03));
#413 = CARTESIAN_POINT('',(70.845650214161,894.34684345743,
    -2.813696491476E+03));
#414 = CARTESIAN_POINT('',(173.61141362884,872.80351602009,
    -2.815011539829E+03));
#415 = CARTESIAN_POINT('',(71.014322036962,893.83346541648,
    -2.81378581274E+03));
#416 = CARTESIAN_POINT('',(173.47361439101,872.11075246977,
    -2.815130125958E+03));
#417 = CARTESIAN_POINT('',(71.263376834894,893.06272508952,
    -2.813914774204E+03));
#418 = CARTESIAN_POINT('',(173.42765293166,871.87968861005,
    -2.815168788028E+03));
#419 = CARTESIAN_POINT('',(71.345735715376,892.80569899258,
    -2.8139569233E+03));
#420 = CARTESIAN_POINT('',(173.38166376639,871.6484854633,
    -2.81520658288E+03));
#421 = CARTESIAN_POINT('',(71.427433009238,892.5485620834,
    -2.813998233E+03));
#422 = CARTESIAN_POINT('',(173.33564756987,871.41714642124,
    -2.815243509946E+03));
#423 = CARTESIAN_POINT('',(71.508466510449,892.29131614495,
    -2.814038701765E+03));
#424 = CARTESIAN_POINT('',(173.28960501721,871.18567487796,
    -2.815279568678E+03));
#425 = CARTESIAN_POINT('',(71.588834024271,892.03396309654,
    -2.814078328523E+03));
#426 = CARTESIAN_POINT('',(173.24353678403,870.95407422993,
    -2.81531475854E+03));
#427 = CARTESIAN_POINT('',(71.668533335531,891.77650461077,
    -2.814117111355E+03));
#428 = CARTESIAN_POINT('',(173.19744354635,870.72234787586,
    -2.815349079011E+03));
#429 = CARTESIAN_POINT('',(71.747562259262,891.5189427251,
    -2.814155049597E+03));
#430 = CARTESIAN_POINT('',(173.15132598068,870.49049921665,
    -2.815382529589E+03));
#431 = CARTESIAN_POINT('',(71.82591857332,891.26127902756,
    -2.814192141034E+03));
#432 = CARTESIAN_POINT('',(173.1051847639,870.25853165534,
    -2.815415109781E+03));
#433 = CARTESIAN_POINT('',(71.90360009406,891.00351557198,
    -2.814228385065E+03));
#434 = CARTESIAN_POINT('',(173.05902057334,870.026448597,
    -2.815446819114E+03));
#435 = CARTESIAN_POINT('',(71.98060460414,890.74565400432,
    -2.814263779669E+03));
#436 = CARTESIAN_POINT('',(173.0128340867,869.79425344871,
    -2.815477657127E+03));
#437 = CARTESIAN_POINT('',(72.056929911119,890.48769627178,
    -2.814298323882E+03));
#438 = CARTESIAN_POINT('',(172.96662598207,869.56194961944,
    -2.815507623377E+03));
#439 = CARTESIAN_POINT('',(72.132573807148,890.22964413558,
    -2.814332016078E+03));
#440 = CARTESIAN_POINT('',(172.9203969379,869.32954052001,
    -2.815536717434E+03));
#441 = CARTESIAN_POINT('',(72.207534092204,889.97149945092,
    -2.814364854973E+03));
#442 = CARTESIAN_POINT('',(172.8278983281,868.86451860599,
    -2.815593160334E+03));
#443 = CARTESIAN_POINT('',(72.356083034085,889.4550286209,
    -2.814428823316E+03));
#444 = CARTESIAN_POINT('',(172.78162876247,868.6319057914,
    -2.815620509176E+03));
#445 = CARTESIAN_POINT('',(72.429658551717,889.19674896769,
    -2.81445994435E+03));
#446 = CARTESIAN_POINT('',(172.73533961491,868.39919453182,
    -2.815646984997E+03));
#447 = CARTESIAN_POINT('',(72.502530871892,888.93843910406,
    -2.81449020064E+03));
#448 = CARTESIAN_POINT('',(172.68903156458,868.16638824161,
    -2.815672587398E+03));
#449 = CARTESIAN_POINT('',(72.574695748486,888.6801130265,
    -2.814519590467E+03));
#450 = CARTESIAN_POINT('',(172.64270529098,867.9334903368,
    -2.815697315993E+03));
#451 = CARTESIAN_POINT('',(72.646148940054,888.42178480731,
    -2.814548112392E+03));
#452 = CARTESIAN_POINT('',(172.59636147392,867.70050423509,
    -2.815721170416E+03));
#453 = CARTESIAN_POINT('',(72.716886196699,888.16346837677,
    -2.814575764446E+03));
#454 = CARTESIAN_POINT('',(172.55000079353,867.46743335571,
    -2.815744150311E+03));
#455 = CARTESIAN_POINT('',(72.786903280812,887.90517788166,
    -2.814602545471E+03));
#456 = CARTESIAN_POINT('',(172.50362393024,867.23428111938,
    -2.815766255341E+03));
#457 = CARTESIAN_POINT('',(72.856195940032,887.64692719358,
    -2.814628453275E+03));
#458 = CARTESIAN_POINT('',(172.45723156476,867.00105094822,
    -2.815787485182E+03));
#459 = CARTESIAN_POINT('',(72.92475993683,887.38873047936,
    -2.814653486779E+03));
#460 = CARTESIAN_POINT('',(172.41082437804,866.76774626572,
    -2.815807839526E+03));
#461 = CARTESIAN_POINT('',(72.992591021092,887.13060163725,
    -2.814677643888E+03));
#462 = CARTESIAN_POINT('',(172.36440305132,866.53437049663,
    -2.815827318081E+03));
#463 = CARTESIAN_POINT('',(73.059684951738,886.87255477225,
    -2.814700923293E+03));
#464 = CARTESIAN_POINT('',(172.31796826606,866.30092706688,
    -2.815845920568E+03));
#465 = CARTESIAN_POINT('',(73.126037482217,886.61460385594,
    -2.814723323173E+03));
#466 = CARTESIAN_POINT('',(172.27152070395,866.06741940356,
    -2.815863646726E+03));
#467 = CARTESIAN_POINT('',(73.191644368749,886.35676293067,
    -2.814744841983E+03));
#468 = CARTESIAN_POINT('',(172.03922241863,864.89957705981,
    -2.815947894626E+03));
#469 = CARTESIAN_POINT('',(73.515929356983,885.06817832312,
    -2.814848022368E+03));
#470 = CARTESIAN_POINT('',(171.8531902711,863.96433029773,
    -2.816001267712E+03));
#471 = CARTESIAN_POINT('',(73.763526246616,884.03865170307,
    -2.814916540047E+03));
#472 = CARTESIAN_POINT('',(171.66700824575,863.028330049,
    -2.816040599738E+03));
#473 = CARTESIAN_POINT('',(73.99923411273,883.01063303193,
    -2.814971060122E+03));
#474 = CARTESIAN_POINT('',(171.4807200379,862.09179598472,
    -2.816065878772E+03));
#475 = CARTESIAN_POINT('',(74.222930577015,881.98427494103,
    -2.815011501796E+03));
#476 = CARTESIAN_POINT('',(171.29436938212,861.15494797354,
    -2.816077096782E+03));
#477 = CARTESIAN_POINT('',(74.434520666185,880.95973236862,
    -2.815037828871E+03));
#478 = CARTESIAN_POINT('',(171.10800003775,860.21800600849,
    -2.816074249639E+03));
#479 = CARTESIAN_POINT('',(74.63394794832,879.93716457992,
    -2.815050067028E+03));
#480 = CARTESIAN_POINT('',(170.92165577429,859.28119013368,
    -2.816057337119E+03));
#481 = CARTESIAN_POINT('',(74.821169430636,878.91673027405,
    -2.815048258699E+03));
#482 = CARTESIAN_POINT('',(170.73538035681,858.34472037094,
    -2.816026362904E+03));
#483 = CARTESIAN_POINT('',(74.996126574398,877.89858236362,
    -2.815032414168E+03));
#484 = CARTESIAN_POINT('',(170.54921753133,857.40881664646,
    -2.81598133458E+03));
#485 = CARTESIAN_POINT('',(75.158731791041,876.88286524997,
    -2.815002488778E+03));
#486 = CARTESIAN_POINT('',(170.36321101027,856.47369871735,
    -2.815922263633E+03));
#487 = CARTESIAN_POINT('',(75.308877898221,875.86971658283,
    -2.814958401517E+03));
#488 = CARTESIAN_POINT('',(170.17740445782,855.53958609832,
    -2.815849165449E+03));
#489 = CARTESIAN_POINT('',(75.446464893247,874.85927202393,
    -2.814900082249E+03));
#490 = CARTESIAN_POINT('',(169.99184147538,854.60669798838,
    -2.8157620593E+03));
#491 = CARTESIAN_POINT('',(75.571426486075,873.85167003204,
    -2.814827517575E+03));
#492 = CARTESIAN_POINT('',(169.80656558698,853.67525319769,
    -2.815660968343E+03));
#493 = CARTESIAN_POINT('',(75.68372588939,872.84705098313,
    -2.814740740808E+03));
#494 = CARTESIAN_POINT('',(169.57538388425,852.5130242937,
    -2.815517157422E+03));
#495 = CARTESIAN_POINT('',(75.808166260763,871.59516578873,
    -2.814614428691E+03));
#496 = CARTESIAN_POINT('',(169.5291682016,852.28068236716,
    -2.815487522876E+03));
#497 = CARTESIAN_POINT('',(75.832247564951,871.34506984314,
    -2.81458827941E+03));
#498 = CARTESIAN_POINT('',(169.48297385546,852.04844770653,
    -2.815457016391E+03));
#499 = CARTESIAN_POINT('',(75.855521535929,871.09526851539,
    -2.814561245888E+03));
#500 = CARTESIAN_POINT('',(169.43680152411,851.81632372169,
    -2.815425638405E+03));
#501 = CARTESIAN_POINT('',(75.877987607145,870.84577528928,
    -2.814533330646E+03));
#502 = CARTESIAN_POINT('',(169.39065188544,851.58431382065,
    -2.81539338937E+03));
#503 = CARTESIAN_POINT('',(75.899645219761,870.59660374364,
    -2.814504536418E+03));
#504 = CARTESIAN_POINT('',(169.34452561696,851.35242140949,
    -2.815360269754E+03));
#505 = CARTESIAN_POINT('',(75.920493801387,870.34776728552,
    -2.814474865566E+03));
#506 = CARTESIAN_POINT('',(169.29842339577,851.12064989224,
    -2.815326280039E+03));
#507 = CARTESIAN_POINT('',(75.94053279898,870.09927957427,
    -2.81444432098E+03));
#508 = CARTESIAN_POINT('',(169.25234589857,850.88900267086,
    -2.815291420724E+03));
#509 = CARTESIAN_POINT('',(75.959761636562,869.85115396105,
    -2.814412904932E+03));
#510 = CARTESIAN_POINT('',(169.20629380162,850.65748314514,
    -2.81525569232E+03));
#511 = CARTESIAN_POINT('',(75.978179761014,869.60340411428,
    -2.814380620297E+03));
#512 = CARTESIAN_POINT('',(169.16026778073,850.42609471265,
    -2.815219095357E+03));
#513 = CARTESIAN_POINT('',(75.995786599933,869.35604342522,
    -2.814347469454E+03));
#514 = CARTESIAN_POINT('',(169.11426851126,850.19484076866,
    -2.815181630377E+03));
#515 = CARTESIAN_POINT('',(76.012581594708,869.1090854909,
    -2.81431345513E+03));
#516 = CARTESIAN_POINT('',(169.0682966681,849.96372470604,
    -2.815143297938E+03));
#517 = CARTESIAN_POINT('',(76.0285641784,868.86254377916,
    -2.814278579842E+03));
#518 = CARTESIAN_POINT('',(169.02235292566,849.73274991523,
    -2.815104098613E+03));
#519 = CARTESIAN_POINT('',(76.043733788263,868.6164318255,
    -2.814242846215E+03));
#520 = CARTESIAN_POINT('',(168.93052298998,849.27108965304,
    -2.815023967369E+03));
#521 = CARTESIAN_POINT('',(76.07244593142,868.1250944478,
    -2.814169667442E+03));
#522 = CARTESIAN_POINT('',(168.88463679675,849.04040418165,
    -2.814983035449E+03));
#523 = CARTESIAN_POINT('',(76.085992168484,867.87982737788,
    -2.814132218325E+03));
#524 = CARTESIAN_POINT('',(168.83878005203,848.80986675793,
    -2.81494123782E+03));
#525 = CARTESIAN_POINT('',(76.098729045265,867.63496395333,
    -2.814093910828E+03));
#526 = CARTESIAN_POINT('',(168.79295342922,848.57948076729,
    -2.814898575084E+03));
#527 = CARTESIAN_POINT('',(76.11065703697,867.39050622323,
    -2.81405474637E+03));
#528 = CARTESIAN_POINT('',(168.74715760121,848.34924959255,
    -2.81485504786E+03));
#529 = CARTESIAN_POINT('',(76.121776616628,867.14645618532,
    -2.814014726215E+03));
#530 = CARTESIAN_POINT('',(168.70139324035,848.11917661387,
    -2.814810656781E+03));
#531 = CARTESIAN_POINT('',(76.132088261291,866.90281593221,
    -2.813973851912E+03));
#532 = CARTESIAN_POINT('',(168.65566101846,847.8892652087,
    -2.814765402494E+03));
#533 = CARTESIAN_POINT('',(76.141592441755,866.65958740996,
    -2.813932124578E+03));
#534 = CARTESIAN_POINT('',(168.60996160679,847.65951875166,
    -2.814719285663E+03));
#535 = CARTESIAN_POINT('',(76.150289637044,866.41677275582,
    -2.813889545876E+03));
#536 = CARTESIAN_POINT('',(168.56429567603,847.42994061452,
    -2.814672306966E+03));
#537 = CARTESIAN_POINT('',(76.158180317059,866.17437389586,
    -2.813846116888E+03));
#538 = CARTESIAN_POINT('',(168.51866389629,847.20053416611,
    -2.814624467096E+03));
#539 = CARTESIAN_POINT('',(76.165264960182,865.93239295326,
    -2.813801839217E+03));
#540 = CARTESIAN_POINT('',(168.47306693706,846.97130277225,
    -2.814575766759E+03));
#541 = CARTESIAN_POINT('',(76.171544038222,865.69083189651,
    -2.813756714075E+03));
#542 = CARTESIAN_POINT('',(168.42750546723,846.74224979565,
    -2.81452620668E+03));
#543 = CARTESIAN_POINT('',(76.177018027206,865.44969279527,
    -2.813710742917E+03));
#544 = CARTESIAN_POINT('',(168.38198015506,846.51337859591,
    -2.814475787595E+03));
#545 = CARTESIAN_POINT('',(76.181687400945,865.20897766496,
    -2.813663927075E+03));
#546 = CARTESIAN_POINT('',(168.24551469441,845.82732039629,
    -2.81432195558E+03));
#547 = CARTESIAN_POINT('',(76.193283100653,864.48811030222,
    -2.813520949642E+03));
#548 = CARTESIAN_POINT('',(168.15468502179,845.37068879604,
    -2.814215967891E+03));
#549 = CARTESIAN_POINT('',(76.197800799341,864.00923422894,
    -2.813422263519E+03));
#550 = CARTESIAN_POINT('',(168.06400799126,844.91482457946,
    -2.814106553207E+03));
#551 = CARTESIAN_POINT('',(76.199107782141,863.53207697223,
    -2.813320217053E+03));
#552 = CARTESIAN_POINT('',(167.97348893355,844.45975454581,
    -2.813993717786E+03));
#553 = CARTESIAN_POINT('',(76.197206399377,863.05665489854,
    -2.813214818002E+03));
#554 = CARTESIAN_POINT('',(167.88313316864,844.00550544054,
    -2.813877468122E+03));
#555 = CARTESIAN_POINT('',(76.192099302925,862.58298413509,
    -2.813106074423E+03));
#556 = CARTESIAN_POINT('',(167.79294600538,843.55210395303,
    -2.813757810943E+03));
#557 = CARTESIAN_POINT('',(76.183789441276,862.11108050272,
    -2.812993994649E+03));
#558 = CARTESIAN_POINT('',(167.70293274103,843.09957671432,
    -2.813634753217E+03));
#559 = CARTESIAN_POINT('',(76.172280065454,861.64095959938,
    -2.812878587259E+03));
#560 = CARTESIAN_POINT('',(167.61309866077,842.64795029491,
    -2.813508302145E+03));
#561 = CARTESIAN_POINT('',(76.157574723906,861.1726367203,
    -2.812759861214E+03));
#562 = CARTESIAN_POINT('',(167.52344903732,842.19725120248,
    -2.813378465162E+03));
#563 = CARTESIAN_POINT('',(76.139677264965,860.70612691213,
    -2.81263782559E+03));
#564 = CARTESIAN_POINT('',(167.43398913045,841.74750587969,
    -2.813245249938E+03));
#565 = CARTESIAN_POINT('',(76.118591837769,860.24144495593,
    -2.812512489949E+03));
#566 = CARTESIAN_POINT('',(167.34472418655,841.29874070197,
    -2.813108664376E+03));
#567 = CARTESIAN_POINT('',(76.094322888769,859.77860535205,
    -2.812383863938E+03));
#568 = CARTESIAN_POINT('',(167.2556594382,840.85098197524,
    -2.81296871661E+03));
#569 = CARTESIAN_POINT('',(76.066875166067,859.31762235106,
    -2.812251957634E+03));
#570 = CARTESIAN_POINT('',(167.16680010372,840.40425593376,
    -2.812825415009E+03));
#571 = CARTESIAN_POINT('',(76.036253715775,858.85850992367,
    -2.812116781307E+03));
#572 = CARTESIAN_POINT('',(167.07815138672,839.95858873788,
    -2.812678768168E+03));
#573 = CARTESIAN_POINT('',(76.002463884294,858.40128178101,
    -2.811978345549E+03));
#574 = ADVANCED_FACE('',(#575),#669,.F.);
#575 = FACE_BOUND('',#576,.T.);
#576 = EDGE_LOOP('',(#577,#650,#651,#664));
#577 = ORIENTED_EDGE('',*,*,#578,.T.);
#578 = EDGE_CURVE('',#579,#44,#581,.T.);
#579 = VERTEX_POINT('',#580);
#580 = CARTESIAN_POINT('',(-60.71693117175,843.16549419502,
    -2.715462334899E+03));
#581 = B_SPLINE_CURVE_WITH_KNOTS('',7,(#582,#583,#584,#585,#586,#587,
    #588,#589,#590,#591,#592,#593,#594,#595,#596,#597,#598,#599,#600,
    #601,#602,#603,#604,#605,#606,#607,#608,#609,#610,#611,#612,#613,
    #614,#615,#616,#617,#618,#619,#620,#621,#622,#623,#624,#625,#626,
    #627,#628,#629,#630,#631,#632,#633,#634,#635,#636,#637,#638,#639,
    #640,#641,#642,#643,#644,#645,#646,#647,#648,#649),.UNSPECIFIED.,.F.
  ,.F.,(8,6,6,6,6,6,6,6,6,6,6,8),(0.,6.719120628567E-02,0.163081195298,
    0.267682484355,0.352980930987,0.420398230942,0.529413349985,
    0.653275299684,0.738634197948,0.803326857936,0.907057586097,1.),
  .UNSPECIFIED.);
#582 = CARTESIAN_POINT('',(-60.71693117175,843.16549419502,
    -2.715462334899E+03));
#583 = CARTESIAN_POINT('',(-60.81789284563,842.73120338231,
    -2.716511893408E+03));
#584 = CARTESIAN_POINT('',(-60.90909542835,842.31543495314,
    -2.717570056441E+03));
#585 = CARTESIAN_POINT('',(-60.99053132403,841.91831819815,
    -2.718636291721E+03));
#586 = CARTESIAN_POINT('',(-61.0621914747,841.53998380719,
    -2.719710074713E+03));
#587 = CARTESIAN_POINT('',(-61.12406536029,841.18056386931,
    -2.720790888629E+03));
#588 = CARTESIAN_POINT('',(-61.17614099866,840.84019187273,
    -2.721878224423E+03));
#589 = CARTESIAN_POINT('',(-61.27872071645,840.06062686256,
    -2.724531932756E+03));
#590 = CARTESIAN_POINT('',(-61.31906806236,839.6412882361,
    -2.726104551825E+03));
#591 = CARTESIAN_POINT('',(-61.33937008619,839.26148901135,
    -2.727687834376E+03));
#592 = CARTESIAN_POINT('',(-61.33952338233,838.9217192653,
    -2.729280493025E+03));
#593 = CARTESIAN_POINT('',(-61.31978392522,838.62177841762,
    -2.730880963726E+03));
#594 = CARTESIAN_POINT('',(-61.28054225409,838.36122996308,
    -2.732487472418E+03));
#595 = CARTESIAN_POINT('',(-61.15706875887,837.90074086081,
    -2.735856430503E+03));
#596 = CARTESIAN_POINT('',(-61.06916443034,837.70826923813,
    -2.737619777837E+03));
#597 = CARTESIAN_POINT('',(-60.9581123069,837.56328891365,
    -2.739386842287E+03));
#598 = CARTESIAN_POINT('',(-60.82411638421,837.46578848597,
    -2.741155680902E+03));
#599 = CARTESIAN_POINT('',(-60.66685504526,837.41683087239,
    -2.742924454173E+03));
#600 = CARTESIAN_POINT('',(-60.48729280247,837.41479699549,
    -2.744691319219E+03));
#601 = CARTESIAN_POINT('',(-60.12051943067,837.49765844281,
    -2.7478920453E+03));
#602 = CARTESIAN_POINT('',(-59.94083049903,837.56658452941,
    -2.749327214571E+03));
#603 = CARTESIAN_POINT('',(-59.74650915651,837.66677634677,
    -2.750758891841E+03));
#604 = CARTESIAN_POINT('',(-59.53769699445,837.79815471002,
    -2.752186062924E+03));
#605 = CARTESIAN_POINT('',(-59.31448728151,837.96073972985,
    -2.75360772067E+03));
#606 = CARTESIAN_POINT('',(-59.07704569141,838.15438832941,
    -2.755022914979E+03));
#607 = CARTESIAN_POINT('',(-58.62709956041,838.5556879176,
    -2.757543554573E+03));
#608 = CARTESIAN_POINT('',(-58.4197805362,838.7519454369,
    -2.758651707537E+03));
#609 = CARTESIAN_POINT('',(-58.20386437576,838.9672141936,
    -2.759754799674E+03));
#610 = CARTESIAN_POINT('',(-57.97945747745,839.20136822858,
    -2.760852380679E+03));
#611 = CARTESIAN_POINT('',(-57.74668222027,839.45424574898,
    -2.761944011978E+03));
#612 = CARTESIAN_POINT('',(-57.50567696384,839.72564912819,
    -2.763029266728E+03));
#613 = CARTESIAN_POINT('',(-56.85382723888,840.48378875787,
    -2.765851626136E+03));
#614 = CARTESIAN_POINT('',(-56.42991373427,841.00011467154,
    -2.767577802418E+03));
#615 = CARTESIAN_POINT('',(-55.98524775878,841.56391807704,
    -2.76928431827E+03));
#616 = CARTESIAN_POINT('',(-55.52091237641,842.17319533232,
    -2.770969974913E+03));
#617 = CARTESIAN_POINT('',(-55.03676284513,842.82877430001,
    -2.772632304664E+03));
#618 = CARTESIAN_POINT('',(-54.53400807182,843.52829816741,
    -2.774270534191E+03));
#619 = CARTESIAN_POINT('',(-53.42134359255,845.11505217238,
    -2.777714991432E+03));
#620 = CARTESIAN_POINT('',(-52.80627868674,846.01459901756,
    -2.779513883039E+03));
#621 = CARTESIAN_POINT('',(-52.16825054795,846.96976968356,
    -2.781276528689E+03));
#622 = CARTESIAN_POINT('',(-51.50970390678,847.9753328637,
    -2.783003547193E+03));
#623 = CARTESIAN_POINT('',(-50.82997042899,849.03377422833,
    -2.784689816872E+03));
#624 = CARTESIAN_POINT('',(-50.13100271342,850.1409235435,
    -2.786335794459E+03));
#625 = CARTESIAN_POINT('',(-48.91905339126,852.09169986332,
    -2.789043973911E+03));
#626 = CARTESIAN_POINT('',(-48.41580021489,852.91025905705,
    -2.790128581681E+03));
#627 = CARTESIAN_POINT('',(-47.90407177114,853.75093009988,
    -2.791192388231E+03));
#628 = CARTESIAN_POINT('',(-47.3841859578,854.61316080524,
    -2.792234873183E+03));
#629 = CARTESIAN_POINT('',(-46.85645740375,855.4964073147,
    -2.793255509076E+03));
#630 = CARTESIAN_POINT('',(-46.32119746892,856.40013409805,
    -2.794253761366E+03));
#631 = CARTESIAN_POINT('',(-45.36757160405,858.02386172835,
    -2.795968279105E+03));
#632 = CARTESIAN_POINT('',(-44.95228372924,858.73535613977,
    -2.796694331717E+03));
#633 = CARTESIAN_POINT('',(-44.53299057444,859.45805066091,
    -2.797407033243E+03));
#634 = CARTESIAN_POINT('',(-44.10982904083,860.19170649681,
    -2.798106164269E+03));
#635 = CARTESIAN_POINT('',(-43.68293297624,860.93609258412,
    -2.798791498988E+03));
#636 = CARTESIAN_POINT('',(-43.25243317513,861.69098559112,
    -2.799462805198E+03));
#637 = CARTESIAN_POINT('',(-42.12260370082,863.68309623964,
    -2.801173366374E+03));
#638 = CARTESIAN_POINT('',(-41.41778692738,864.93655767762,
    -2.802190108014E+03));
#639 = CARTESIAN_POINT('',(-40.70476137141,866.21501561409,
    -2.803169905998E+03));
#640 = CARTESIAN_POINT('',(-39.98392748937,867.51798303343,
    -2.804111126194E+03));
#641 = CARTESIAN_POINT('',(-39.25585337074,868.84444302589,
    -2.805012980099E+03));
#642 = CARTESIAN_POINT('',(-38.52129309242,870.19282104435,
    -2.805875475373E+03));
#643 = CARTESIAN_POINT('',(-37.1171345378,872.78974883116,
    -2.80743308428E+03));
#644 = CARTESIAN_POINT('',(-36.44871321316,874.03415052455,
    -2.808136141709E+03));
#645 = CARTESIAN_POINT('',(-35.77592218091,875.2946283152,
    -2.808806537047E+03));
#646 = CARTESIAN_POINT('',(-35.09916224566,876.57076139764,
    -2.809442322108E+03));
#647 = CARTESIAN_POINT('',(-34.41884648306,877.86184223749,
    -2.810042773909E+03));
#648 = CARTESIAN_POINT('',(-33.73546079455,879.16668021248,
    -2.810608723335E+03));
#649 = CARTESIAN_POINT('',(-33.04958933361,880.48416249676,
    -2.811139674694E+03));
#650 = ORIENTED_EDGE('',*,*,#149,.F.);
#651 = ORIENTED_EDGE('',*,*,#652,.T.);
#652 = EDGE_CURVE('',#137,#653,#655,.T.);
#653 = VERTEX_POINT('',#654);
#654 = CARTESIAN_POINT('',(158.8711639516,798.69927669391,
    -2.717151111407E+03));
#655 = B_SPLINE_CURVE_WITH_KNOTS('',7,(#656,#657,#658,#659,#660,#661,
    #662,#663),.UNSPECIFIED.,.F.,.F.,(8,8),(0.,1.68756465527),
  .PIECEWISE_BEZIER_KNOTS.);
#656 = CARTESIAN_POINT('',(167.07815138672,839.95858873788,
    -2.812678768168E+03));
#657 = CARTESIAN_POINT('',(163.95171150234,824.24091403735,
    -2.807506865548E+03));
#658 = CARTESIAN_POINT('',(161.10911201727,809.9502013858,
    -2.797827355273E+03));
#659 = CARTESIAN_POINT('',(158.84688499568,798.57721813995,
    -2.784131937707E+03));
#660 = CARTESIAN_POINT('',(157.42233995727,791.41554661008,
    -2.767550524546E+03));
#661 = CARTESIAN_POINT('',(156.97866293423,789.18503159033,
    -2.749749771946E+03));
#662 = CARTESIAN_POINT('',(157.50474840337,791.82984184563,
    -2.732465532423E+03));
#663 = CARTESIAN_POINT('',(158.8711639516,798.69927669391,
    -2.717151111407E+03));
#664 = ORIENTED_EDGE('',*,*,#665,.T.);
#665 = EDGE_CURVE('',#653,#579,#666,.T.);
#666 = B_SPLINE_CURVE_WITH_KNOTS('',1,(#667,#668),.UNSPECIFIED.,.F.,.F.,
  (2,2),(-1.,0.458697270066),.PIECEWISE_BEZIER_KNOTS.);
#667 = CARTESIAN_POINT('',(158.8711639516,798.69927669391,
    -2.717151111407E+03));
#668 = CARTESIAN_POINT('',(-60.71693117175,843.16549419502,
    -2.715462334899E+03));
#669 = B_SPLINE_SURFACE_WITH_KNOTS('',14,1,(
    (#670,#671)
    ,(#672,#673)
    ,(#674,#675)
    ,(#676,#677)
    ,(#678,#679)
    ,(#680,#681)
    ,(#682,#683)
    ,(#684,#685)
    ,(#686,#687)
    ,(#688,#689)
    ,(#690,#691)
    ,(#692,#693)
    ,(#694,#695)
    ,(#696,#697)
    ,(#698,#699)
    ,(#700,#701)
    ,(#702,#703)
    ,(#704,#705)
    ,(#706,#707)
    ,(#708,#709)
    ,(#710,#711)
    ,(#712,#713)
    ,(#714,#715)
    ,(#716,#717)
    ,(#718,#719)
    ,(#720,#721)
    ,(#722,#723)
    ,(#724,#725)
    ,(#726,#727)
    ,(#728,#729)
    ,(#730,#731)
    ,(#732,#733)
    ,(#734,#735)
    ,(#736,#737)
    ,(#738,#739)
    ,(#740,#741)
    ,(#742,#743)
    ,(#744,#745)
    ,(#746,#747)
    ,(#748,#749)
    ,(#750,#751)
    ,(#752,#753)
    ,(#754,#755)
    ,(#756,#757)
    ,(#758,#759)
    ,(#760,#761)
    ,(#762,#763)
    ,(#764,#765)
    ,(#766,#767)
    ,(#768,#769)
    ,(#770,#771)
    ,(#772,#773)
    ,(#774,#775)
    ,(#776,#777)
    ,(#778,#779)
    ,(#780,#781)
    ,(#782,#783)
    ,(#784,#785)
    ,(#786,#787)
    ,(#788,#789)
    ,(#790,#791)
    ,(#792,#793)
    ,(#794,#795)
    ,(#796,#797)
    ,(#798,#799)
    ,(#800,#801)
    ,(#802,#803)
    ,(#804,#805)
    ,(#806,#807)
    ,(#808,#809)
    ,(#810,#811)
    ,(#812,#813)
    ,(#814,#815)
    ,(#816,#817)
    ,(#818,#819)
    ,(#820,#821)
    ,(#822,#823)
    ,(#824,#825)
    ,(#826,#827)
    ,(#828,#829)
    ,(#830,#831)
    ,(#832,#833)
    ,(#834,#835)
    ,(#836,#837)
    ,(#838,#839)
    ,(#840,#841)
    ,(#842,#843)
    ,(#844,#845)
    ,(#846,#847)
    ,(#848,#849)
    ,(#850,#851)
    ,(#852,#853)
    ,(#854,#855)
    ,(#856,#857)
    ,(#858,#859)
    ,(#860,#861)
    ,(#862,#863)
    ,(#864,#865)
    ,(#866,#867)
    ,(#868,#869)
    ,(#870,#871)
    ,(#872,#873)
    ,(#874,#875)
    ,(#876,#877)
    ,(#878,#879)
    ,(#880,#881)
    ,(#882,#883)
    ,(#884,#885)
    ,(#886,#887)
    ,(#888,#889)
    ,(#890,#891)
    ,(#892,#893)
    ,(#894,#895)
    ,(#896,#897)
    ,(#898,#899)
    ,(#900,#901)
    ,(#902,#903)
    ,(#904,#905)
    ,(#906,#907)
    ,(#908,#909)
    ,(#910,#911)
    ,(#912,#913)
    ,(#914,#915)
    ,(#916,#917)
    ,(#918,#919)
    ,(#920,#921)
    ,(#922,#923)
    ,(#924,#925)
    ,(#926,#927)
    ,(#928,#929)
    ,(#930,#931)
    ,(#932,#933)
    ,(#934,#935)
    ,(#936,#937)
    ,(#938,#939)
    ,(#940,#941)
    ,(#942,#943)
    ,(#944,#945)
    ,(#946,#947)
    ,(#948,#949)
    ,(#950,#951)
    ,(#952,#953)
    ,(#954,#955)
    ,(#956,#957)
    ,(#958,#959)
    ,(#960,#961)
    ,(#962,#963)
    ,(#964,#965)
    ,(#966,#967)
    ,(#968,#969)
    ,(#970,#971)
    ,(#972,#973)
    ,(#974,#975)
    ,(#976,#977)
    ,(#978,#979)
    ,(#980,#981)
    ,(#982,#983)
    ,(#984,#985)
    ,(#986,#987)
    ,(#988,#989)
    ,(#990,#991)
    ,(#992,#993)
    ,(#994,#995)
    ,(#996,#997)
    ,(#998,#999)
    ,(#1000,#1001)
    ,(#1002,#1003)
    ,(#1004,#1005)
    ,(#1006,#1007)
    ,(#1008,#1009)
    ,(#1010,#1011)
    ,(#1012,#1013)
    ,(#1014,#1015)
    ,(#1016,#1017)
    ,(#1018,#1019)
    ,(#1020,#1021)
    ,(#1022,#1023)
    ,(#1024,#1025)
    ,(#1026,#1027)
    ,(#1028,#1029)
    ,(#1030,#1031)
    ,(#1032,#1033)
    ,(#1034,#1035)
    ,(#1036,#1037)
    ,(#1038,#1039)
    ,(#1040,#1041)
    ,(#1042,#1043)
    ,(#1044,#1045)
    ,(#1046,#1047)
    ,(#1048,#1049)
    ,(#1050,#1051)
    ,(#1052,#1053)
    ,(#1054,#1055)
    ,(#1056,#1057)
    ,(#1058,#1059)
    ,(#1060,#1061)
    ,(#1062,#1063)
    ,(#1064,#1065)
    ,(#1066,#1067)
    ,(#1068,#1069)
    ,(#1070,#1071)
    ,(#1072,#1073)
    ,(#1074,#1075)
    ,(#1076,#1077)
    ,(#1078,#1079)
    ,(#1080,#1081)
    ,(#1082,#1083)
    ,(#1084,#1085)
    ,(#1086,#1087)
    ,(#1088,#1089)
    ,(#1090,#1091)
    ,(#1092,#1093)
    ,(#1094,#1095)
    ,(#1096,#1097)
    ,(#1098,#1099)
    ,(#1100,#1101)
    ,(#1102,#1103)
    ,(#1104,#1105)
    ,(#1106,#1107)
    ,(#1108,#1109)
    ,(#1110,#1111)
    ,(#1112,#1113)
    ,(#1114,#1115)
    ,(#1116,#1117)
    ,(#1118,#1119)
    ,(#1120,#1121)
    ,(#1122,#1123)
    ,(#1124,#1125)
    ,(#1126,#1127)
    ,(#1128,#1129)
    ,(#1130,#1131)
    ,(#1132,#1133)
    ,(#1134,#1135)
    ,(#1136,#1137)
    ,(#1138,#1139)
    ,(#1140,#1141)
    ,(#1142,#1143)
    ,(#1144,#1145)
    ,(#1146,#1147)
    ,(#1148,#1149)
    ,(#1150,#1151)
    ,(#1152,#1153)
    ,(#1154,#1155)
    ,(#1156,#1157)
    ,(#1158,#1159)
    ,(#1160,#1161)
    ,(#1162,#1163)
    ,(#1164,#1165)
    ,(#1166,#1167)
    ,(#1168,#1169)
    ,(#1170,#1171)
    ,(#1172,#1173)
    ,(#1174,#1175)
    ,(#1176,#1177)
    ,(#1178,#1179)
    ,(#1180,#1181)
    ,(#1182,#1183)
    ,(#1184,#1185)
    ,(#1186,#1187)
    ,(#1188,#1189)
    ,(#1190,#1191)
    ,(#1192,#1193
    )),.UNSPECIFIED.,.F.,.F.,.F.,(15,13,13,13,13,13,13,13,13,13,13,13,13
    ,13,13,13,13,13,13,13,15),(2,2),(0.,0.113774914651,0.13798706451,
    0.234835663935,0.33168426336,0.380108563065,0.428532862785,
    0.622230061635,0.71907866106,0.767502960765,0.81592726047,
    1.00962445932,1.106473058744,1.154897358464,1.203321658169,
    1.300170257594,1.397018857019,1.493867456444,1.590716055869,
    1.639140355574,1.687564655279),(0.,1.),.UNSPECIFIED.);
#670 = CARTESIAN_POINT('',(158.8711639516,798.69927669391,
    -2.717151111407E+03));
#671 = CARTESIAN_POINT('',(8.334037688651,829.18278990368,
    -2.715993382149E+03));
#672 = CARTESIAN_POINT('',(158.8251023646,798.46770945851,
    -2.717667357388E+03));
#673 = CARTESIAN_POINT('',(8.639147219364,828.89600349702,
    -2.716502913439E+03));
#674 = CARTESIAN_POINT('',(158.77992223232,798.24057359522,
    -2.718185669589E+03));
#675 = CARTESIAN_POINT('',(8.94874005566,828.61251875007,
    -2.717014736466E+03));
#676 = CARTESIAN_POINT('',(158.73562736864,798.01788827776,
    -2.718706005184E+03));
#677 = CARTESIAN_POINT('',(9.262812000824,828.33234558788,
    -2.717528823794E+03));
#678 = CARTESIAN_POINT('',(158.69222150198,797.79967225011,
    -2.719228321148E+03));
#679 = CARTESIAN_POINT('',(9.58134376345,828.05550213746,
    -2.71804515191E+03));
#680 = CARTESIAN_POINT('',(158.64970827474,797.58594382386,
    -2.719752574253E+03));
#681 = CARTESIAN_POINT('',(9.904305318173,827.78201228159,
    -2.718563700286E+03));
#682 = CARTESIAN_POINT('',(158.60809124281,797.37672087569,
    -2.720278721078E+03));
#683 = CARTESIAN_POINT('',(10.231659494737,827.5119032614,
    -2.719084449389E+03));
#684 = CARTESIAN_POINT('',(158.56737387507,797.17202084485,
    -2.720806718016E+03));
#685 = CARTESIAN_POINT('',(10.563364810217,827.24520447211,
    -2.719607381186E+03));
#686 = CARTESIAN_POINT('',(158.52755955294,796.97186073081,
    -2.721336521273E+03));
#687 = CARTESIAN_POINT('',(10.899377521388,826.98194567062,
    -2.720132476638E+03));
#688 = CARTESIAN_POINT('',(158.48865156985,796.77625709091,
    -2.721868086878E+03));
#689 = CARTESIAN_POINT('',(11.239652927797,826.72215696916,
    -2.720659717479E+03));
#690 = CARTESIAN_POINT('',(158.45065313091,796.58522603816,
    -2.72240137069E+03));
#691 = CARTESIAN_POINT('',(11.584145890579,826.46586788576,
    -2.721189083953E+03));
#692 = CARTESIAN_POINT('',(158.41356735237,796.39878323911,
    -2.722936328395E+03));
#693 = CARTESIAN_POINT('',(11.932810601575,826.2131081665,
    -2.721720556734E+03));
#694 = CARTESIAN_POINT('',(158.37739726128,796.21694391174,
    -2.723472915522E+03));
#695 = CARTESIAN_POINT('',(12.28559957324,825.96390804195,
    -2.722254115987E+03));
#696 = CARTESIAN_POINT('',(158.34214579507,796.03972282351,
    -2.724011087439E+03));
#697 = CARTESIAN_POINT('',(12.642461871047,825.71829965479,
    -2.722789742787E+03));
#698 = CARTESIAN_POINT('',(158.3005101226,795.83040616301,
    -2.724665654084E+03));
#699 = CARTESIAN_POINT('',(13.080138252683,825.42482316958,
    -2.723441841198E+03));
#700 = CARTESIAN_POINT('',(158.29324617475,795.79388783111,
    -2.724780578547E+03));
#701 = CARTESIAN_POINT('',(13.157121887491,825.3734876153,
    -2.72355636941E+03));
#702 = CARTESIAN_POINT('',(158.28602398507,795.75757943171,
    -2.724895572321E+03));
#703 = CARTESIAN_POINT('',(13.234288930101,825.32231474265,
    -2.723670996439E+03));
#704 = CARTESIAN_POINT('',(158.27884358081,795.72148110184,
    -2.725010634973E+03));
#705 = CARTESIAN_POINT('',(13.311636831622,825.27130742406,
    -2.723785714605E+03));
#706 = CARTESIAN_POINT('',(158.27170498906,795.6855929776,
    -2.725125766072E+03));
#707 = CARTESIAN_POINT('',(13.389163042809,825.22046848819,
    -2.72390051602E+03));
#708 = CARTESIAN_POINT('',(158.2646082367,795.64991519417,
    -2.725240965186E+03));
#709 = CARTESIAN_POINT('',(13.466865015041,825.16980084438,
    -2.724015393186E+03));
#710 = CARTESIAN_POINT('',(158.25755335042,795.61444788579,
    -2.72535623188E+03));
#711 = CARTESIAN_POINT('',(13.544740198788,825.11930727951,
    -2.724130338008E+03));
#712 = CARTESIAN_POINT('',(158.25054035675,795.57919118577,
    -2.725471565723E+03));
#713 = CARTESIAN_POINT('',(13.622786045638,825.06899073669,
    -2.724245343153E+03));
#714 = CARTESIAN_POINT('',(158.24356928203,795.54414522649,
    -2.725586966281E+03));
#715 = CARTESIAN_POINT('',(13.701000005999,825.01885398952,
    -2.724360400467E+03));
#716 = CARTESIAN_POINT('',(158.23664015239,795.5093101394,
    -2.72570243312E+03));
#717 = CARTESIAN_POINT('',(13.779379531363,824.96889996881,
    -2.724475502546E+03));
#718 = CARTESIAN_POINT('',(158.22975299379,795.47468605502,
    -2.725817965806E+03));
#719 = CARTESIAN_POINT('',(13.85792207235,824.91913148097,
    -2.724590641405E+03));
#720 = CARTESIAN_POINT('',(158.22290783202,795.44027310292,
    -2.725933563905E+03));
#721 = CARTESIAN_POINT('',(13.936625080189,824.86955141562,
    -2.724705809438E+03));
#722 = CARTESIAN_POINT('',(158.21610469266,795.40607141175,
    -2.726049226982E+03));
#723 = CARTESIAN_POINT('',(14.015486005747,824.82016261618,
    -2.724820998834E+03));
#724 = CARTESIAN_POINT('',(158.18229923494,795.2361198991,
    -2.726627865084E+03));
#725 = CARTESIAN_POINT('',(14.410567477312,824.57418926875,
    -2.725397014024E+03));
#726 = CARTESIAN_POINT('',(158.1559276338,795.10354090718,
    -2.727091808259E+03));
#727 = CARTESIAN_POINT('',(14.729147180791,824.38040127538,
    -2.725858317106E+03));
#728 = CARTESIAN_POINT('',(158.13023042346,794.9743523068,
    -2.727556756296E+03));
#729 = CARTESIAN_POINT('',(15.050182756026,824.18960914398,
    -2.726320110251E+03));
#730 = CARTESIAN_POINT('',(158.10520918205,794.84856203176,
    -2.728022681288E+03));
#731 = CARTESIAN_POINT('',(15.37361497545,824.00181768057,
    -2.726782392343E+03));
#732 = CARTESIAN_POINT('',(158.0808654399,794.72617777545,
    -2.728489555258E+03));
#733 = CARTESIAN_POINT('',(15.69938404311,823.81703157608,
    -2.727245162642E+03));
#734 = CARTESIAN_POINT('',(158.05720067936,794.6072069902,
    -2.728957350161E+03));
#735 = CARTESIAN_POINT('',(16.027429585399,823.63525490309,
    -2.72770841956E+03));
#736 = CARTESIAN_POINT('',(158.03421633468,794.49165688648,
    -2.729426037884E+03));
#737 = CARTESIAN_POINT('',(16.357690666098,823.4564919315,
    -2.728172162648E+03));
#738 = CARTESIAN_POINT('',(158.01191379187,794.37953443225,
    -2.729895590251E+03));
#739 = CARTESIAN_POINT('',(16.690105765926,823.28074601936,
    -2.728636389883E+03));
#740 = CARTESIAN_POINT('',(157.99029438858,794.27084635228,
    -2.730365979023E+03));
#741 = CARTESIAN_POINT('',(17.024612806054,823.10802088989,
    -2.729101100807E+03));
#742 = CARTESIAN_POINT('',(157.96935941395,794.16559912755,
    -2.730837175904E+03));
#743 = CARTESIAN_POINT('',(17.361149125137,822.93831938134,
    -2.729566293437E+03));
#744 = CARTESIAN_POINT('',(157.9491101085,794.06379899461,
    -2.731309152539E+03));
#745 = CARTESIAN_POINT('',(17.699651498372,822.77164448765,
    -2.730031966853E+03));
#746 = CARTESIAN_POINT('',(157.92954766404,793.96545194503,
    -2.731781880521E+03));
#747 = CARTESIAN_POINT('',(18.040056124127,822.60799862521,
    -2.730498119364E+03));
#748 = CARTESIAN_POINT('',(157.91067322354,793.87056372486,
    -2.732255331389E+03));
#749 = CARTESIAN_POINT('',(18.382298631789,822.44738406525,
    -2.730964749595E+03));
#750 = CARTESIAN_POINT('',(157.87430253846,793.68771594341,
    -2.733203621878E+03));
#751 = CARTESIAN_POINT('',(19.070329524192,822.1322213854,
    -2.731898962322E+03));
#752 = CARTESIAN_POINT('',(157.85680629389,793.59975638213,
    -2.7336784615E+03));
#753 = CARTESIAN_POINT('',(19.416121952334,821.9776768452,
    -2.732366544279E+03));
#754 = CARTESIAN_POINT('',(157.84000024131,793.5152666503,
    -2.734153966988E+03));
#755 = CARTESIAN_POINT('',(19.763642479719,821.8261811607,
    -2.732834596705E+03));
#756 = CARTESIAN_POINT('',(157.82388542581,793.43425200191,
    -2.734630109785E+03));
#757 = CARTESIAN_POINT('',(20.112841818776,821.67774608969,
    -2.733303114335E+03));
#758 = CARTESIAN_POINT('',(157.80846284342,793.35671744441,
    -2.735106861285E+03));
#759 = CARTESIAN_POINT('',(20.463670278,821.53238317522,
    -2.733772092009E+03));
#760 = CARTESIAN_POINT('',(157.79373344106,793.28266773822,
    -2.735584192837E+03));
#761 = CARTESIAN_POINT('',(20.816077759793,821.39010356254,
    -2.73424152413E+03));
#762 = CARTESIAN_POINT('',(157.7796981164,793.21210739626,
    -2.736062075748E+03));
#763 = CARTESIAN_POINT('',(21.170013764328,821.25091831904,
    -2.734711405623E+03));
#764 = CARTESIAN_POINT('',(157.7663577178,793.14504068357,
    -2.736540481287E+03));
#765 = CARTESIAN_POINT('',(21.525427383936,821.11483797339,
    -2.735181730535E+03));
#766 = CARTESIAN_POINT('',(157.75371304426,793.08147161689,
    -2.737019380684E+03));
#767 = CARTESIAN_POINT('',(21.882267309828,820.98187307099,
    -2.735652493743E+03));
#768 = CARTESIAN_POINT('',(157.74176484528,793.0214039643,
    -2.737498745136E+03));
#769 = CARTESIAN_POINT('',(22.240481825421,820.85203361017,
    -2.7361236892E+03));
#770 = CARTESIAN_POINT('',(157.73051382085,792.96484124487,
    -2.737978545806E+03));
#771 = CARTESIAN_POINT('',(22.600018811832,820.72532952484,
    -2.736595311456E+03));
#772 = CARTESIAN_POINT('',(157.71996062137,792.91178672837,
    -2.738458753829E+03));
#773 = CARTESIAN_POINT('',(22.960825744147,820.60177033708,
    -2.737067354545E+03));
#774 = CARTESIAN_POINT('',(157.7101058476,792.86224343498,
    -2.738939340311E+03));
#775 = CARTESIAN_POINT('',(23.322849693485,820.48136536552,
    -2.737539812668E+03));
#776 = CARTESIAN_POINT('',(157.69637215207,792.79319948509,
    -2.739660744347E+03));
#777 = CARTESIAN_POINT('',(23.867631142372,820.30550275201,
    -2.738249113438E+03));
#778 = CARTESIAN_POINT('',(157.69196899775,792.77106333349,
    -2.739901299745E+03));
#779 = CARTESIAN_POINT('',(24.049534698488,820.24767006469,
    -2.738485679323E+03));
#780 = CARTESIAN_POINT('',(157.68774065651,792.74980602655,
    -2.740141938913E+03));
#781 = CARTESIAN_POINT('',(24.231737995664,820.19062848363,
    -2.738722367993E+03));
#782 = CARTESIAN_POINT('',(157.68368719411,792.72942789495,
    -2.740382658235E+03));
#783 = CARTESIAN_POINT('',(24.414231034789,820.13438092433,
    -2.738959169957E+03));
#784 = CARTESIAN_POINT('',(157.67980867322,792.70992925375,
    -2.740623454094E+03));
#785 = CARTESIAN_POINT('',(24.597003817545,820.07893032153,
    -2.739196075686E+03));
#786 = CARTESIAN_POINT('',(157.67610515342,792.69131040236,
    -2.740864322871E+03));
#787 = CARTESIAN_POINT('',(24.78004634415,820.02427957026,
    -2.739433075712E+03));
#788 = CARTESIAN_POINT('',(157.67257669113,792.67357162458,
    -2.741105260944E+03));
#789 = CARTESIAN_POINT('',(24.963348617022,819.97043163125,
    -2.739670160487E+03));
#790 = CARTESIAN_POINT('',(157.66922333971,792.65671318856,
    -2.741346264693E+03));
#791 = CARTESIAN_POINT('',(25.146900635822,819.91738937539,
    -2.73990732055E+03));
#792 = CARTESIAN_POINT('',(157.66604514938,792.64073534678,
    -2.741587330494E+03));
#793 = CARTESIAN_POINT('',(25.330692403129,819.86515577644,
    -2.740144546361E+03));
#794 = CARTESIAN_POINT('',(157.66304216725,792.6256383361,
    -2.741828454724E+03));
#795 = CARTESIAN_POINT('',(25.5147139189,819.8137337091,
    -2.740381828439E+03));
#796 = CARTESIAN_POINT('',(157.6602144373,792.61142237769,
    -2.742069633757E+03));
#797 = CARTESIAN_POINT('',(25.698955185087,819.76312612815,
    -2.740619157268E+03));
#798 = CARTESIAN_POINT('',(157.65756200043,792.59808767707,
    -2.742310863968E+03));
#799 = CARTESIAN_POINT('',(25.883406202369,819.71333593447,
    -2.740856523347E+03));
#800 = CARTESIAN_POINT('',(157.6550848944,792.58563442408,
    -2.74255214173E+03));
#801 = CARTESIAN_POINT('',(26.068056972095,819.6643660586,
    -2.741093917172E+03));
#802 = CARTESIAN_POINT('',(157.6504814133,792.56249116171,
    -2.743034785099E+03));
#803 = CARTESIAN_POINT('',(26.437738018626,819.56807277788,
    -2.741568741304E+03));
#804 = CARTESIAN_POINT('',(157.64835503822,792.55180115234,
    -2.743276150708E+03));
#805 = CARTESIAN_POINT('',(26.622739198266,819.52075578692,
    -2.741806118345E+03));
#806 = CARTESIAN_POINT('',(157.64640406328,792.54199293894,
    -2.743517556612E+03));
#807 = CARTESIAN_POINT('',(26.807895385109,819.47426903246,
    -2.742043459909E+03));
#808 = CARTESIAN_POINT('',(157.64462851998,792.53306668003,
    -2.743758999183E+03));
#809 = CARTESIAN_POINT('',(26.993200930046,819.42861309856,
    -2.742280765562E+03));
#810 = CARTESIAN_POINT('',(157.64302843675,792.52502251842,
    -2.744000474793E+03));
#811 = CARTESIAN_POINT('',(27.178650183956,819.38378857852,
    -2.742518034831E+03));
#812 = CARTESIAN_POINT('',(157.64160383888,792.51786058125,
    -2.744241979812E+03));
#813 = CARTESIAN_POINT('',(27.364237497628,819.33979604573,
    -2.742755267304E+03));
#814 = CARTESIAN_POINT('',(157.64035474853,792.51158097999,
    -2.744483510609E+03));
#815 = CARTESIAN_POINT('',(27.549957222141,819.29663610704,
    -2.742992462493E+03));
#816 = CARTESIAN_POINT('',(157.63928118475,792.50618381041,
    -2.744725063554E+03));
#817 = CARTESIAN_POINT('',(27.735803708031,819.25430932387,
    -2.743229619989E+03));
#818 = CARTESIAN_POINT('',(157.63838316347,792.50166915259,
    -2.744966635016E+03));
#819 = CARTESIAN_POINT('',(27.92177130658,819.21281630832,
    -2.743466739315E+03));
#820 = CARTESIAN_POINT('',(157.63766069751,792.49803707093,
    -2.745208221364E+03));
#821 = CARTESIAN_POINT('',(28.107854368266,819.17215762556,
    -2.743703820041E+03));
#822 = CARTESIAN_POINT('',(157.63711379655,792.49528761413,
    -2.745449818966E+03));
#823 = CARTESIAN_POINT('',(28.294047244269,819.13233387712,
    -2.743940861711E+03));
#824 = CARTESIAN_POINT('',(157.63674246715,792.4934208152,
    -2.74569142419E+03));
#825 = CARTESIAN_POINT('',(28.480344285261,819.09334564078,
    -2.744177863881E+03));
#826 = CARTESIAN_POINT('',(157.63654671277,792.49243669146,
    -2.745933033405E+03));
#827 = CARTESIAN_POINT('',(28.666739842225,819.05519350751,
    -2.744414826103E+03));
#828 = CARTESIAN_POINT('',(157.63644581754,792.49192945686,
    -2.747141081272E+03));
#829 = CARTESIAN_POINT('',(29.599181960886,818.8686162799,
    -2.745599435228E+03));
#830 = CARTESIAN_POINT('',(157.63917430672,792.50564649827,
    -2.748107525305E+03));
#831 = CARTESIAN_POINT('',(30.34660510542,818.7327298072,
    -2.746546484879E+03));
#832 = CARTESIAN_POINT('',(157.64471202198,792.5334864729,
    -2.749073742641E+03));
#833 = CARTESIAN_POINT('',(31.095152045479,818.61025253408,
    -2.74749285552E+03));
#834 = CARTESIAN_POINT('',(157.65305818495,792.57544546762,
    -2.750039500844E+03));
#835 = CARTESIAN_POINT('',(31.844568192912,818.50129738412,
    -2.748438446976E+03));
#836 = CARTESIAN_POINT('',(157.6642112182,792.63151555212,
    -2.751004567557E+03));
#837 = CARTESIAN_POINT('',(32.594555004009,818.40593854677,
    -2.749383184229E+03));
#838 = CARTESIAN_POINT('',(157.67816874557,792.70168478067,
    -2.751968710579E+03));
#839 = CARTESIAN_POINT('',(33.344763004634,818.32420294118,
    -2.750327023377E+03));
#840 = CARTESIAN_POINT('',(157.69492759289,792.78593719567,
    -2.752931697948E+03));
#841 = CARTESIAN_POINT('',(34.094838187346,818.25610677087,
    -2.751269920698E+03));
#842 = CARTESIAN_POINT('',(157.71448378904,792.88425283288,
    -2.75389329802E+03));
#843 = CARTESIAN_POINT('',(34.844469054969,818.20169594923,
    -2.752211806423E+03));
#844 = CARTESIAN_POINT('',(157.7368325673,792.99660772844,
    -2.754853279543E+03));
#845 = CARTESIAN_POINT('',(35.593403113918,818.16105998404,
    -2.753152571193E+03));
#846 = CARTESIAN_POINT('',(157.76196836711,793.12297392748,
    -2.755811411741E+03));
#847 = CARTESIAN_POINT('',(36.341423694803,818.13431555356,
    -2.754092084118E+03));
#848 = CARTESIAN_POINT('',(157.7898848361,793.26331949452,
    -2.756767464391E+03));
#849 = CARTESIAN_POINT('',(37.088299437121,818.12156465418,
    -2.755030221685E+03));
#850 = CARTESIAN_POINT('',(157.8205748325,793.41760852543,
    -2.757721207898E+03));
#851 = CARTESIAN_POINT('',(37.833740838808,818.12285868262,
    -2.755966897205E+03));
#852 = CARTESIAN_POINT('',(157.85403042784,793.5858011611,
    -2.75867241338E+03));
#853 = CARTESIAN_POINT('',(38.577419816143,818.13821087336,
    -2.756902047616E+03));
#854 = CARTESIAN_POINT('',(157.90834915107,793.85887982356,
    -2.760095072419E+03));
#855 = CARTESIAN_POINT('',(39.689985321843,818.18247785122,
    -2.758302277559E+03));
#856 = CARTESIAN_POINT('',(157.92714461385,793.95337099587,
    -2.760568600568E+03));
#857 = CARTESIAN_POINT('',(40.060346085374,818.20077025915,
    -2.758768606415E+03));
#858 = CARTESIAN_POINT('',(157.94662820932,794.05132164483,
    -2.761041408673E+03));
#859 = CARTESIAN_POINT('',(40.430182998125,818.22261144054,
    -2.759234505701E+03));
#860 = CARTESIAN_POINT('',(157.96679879948,794.15272604934,
    -2.761513468273E+03));
#861 = CARTESIAN_POINT('',(40.799466639025,818.24801299097,
    -2.759699960107E+03));
#862 = CARTESIAN_POINT('',(157.98765519747,794.25757824259,
    -2.761984750955E+03));
#863 = CARTESIAN_POINT('',(41.168167620823,818.27698624304,
    -2.760164954882E+03));
#864 = CARTESIAN_POINT('',(158.00919616761,794.36587201248,
    -2.762455228363E+03));
#865 = CARTESIAN_POINT('',(41.536256572262,818.30954195039,
    -2.760629474353E+03));
#866 = CARTESIAN_POINT('',(158.03142042557,794.47760090221,
    -2.762924872194E+03));
#867 = CARTESIAN_POINT('',(41.903704166535,818.34569077928,
    -2.761093504293E+03));
#868 = CARTESIAN_POINT('',(158.05432663844,794.59275821081,
    -2.763393654208E+03));
#869 = CARTESIAN_POINT('',(42.270481083219,818.38544266878,
    -2.76155702875E+03));
#870 = CARTESIAN_POINT('',(158.07791342487,794.71133699371,
    -2.763861546222E+03));
#871 = CARTESIAN_POINT('',(42.636558051499,818.42880753631,
    -2.762020033652E+03));
#872 = CARTESIAN_POINT('',(158.10217935516,794.83333006337,
    -2.764328520121E+03));
#873 = CARTESIAN_POINT('',(43.001905808229,818.47579461396,
    -2.762482503304E+03));
#874 = CARTESIAN_POINT('',(158.12712295142,794.95872998989,
    -2.764794547851E+03));
#875 = CARTESIAN_POINT('',(43.366495132763,818.52641298218,
    -2.762944423301E+03));
#876 = CARTESIAN_POINT('',(158.15274268765,795.08752910166,
    -2.765259601432E+03));
#877 = CARTESIAN_POINT('',(43.730296822269,818.58067120379,
    -2.763405778462E+03));
#878 = CARTESIAN_POINT('',(158.17903698995,795.21971948604,
    -2.765723652949E+03));
#879 = CARTESIAN_POINT('',(44.093281706529,818.63857753633,
    -2.76386655407E+03));
#880 = CARTESIAN_POINT('',(158.21948785992,795.4230797421,
    -2.766418185373E+03));
#881 = CARTESIAN_POINT('',(44.636490107551,818.73092097613,
    -2.764556825845E+03));
#882 = CARTESIAN_POINT('',(158.23313971932,795.49171227402,
    -2.766649438706E+03));
#883 = CARTESIAN_POINT('',(44.817348642358,818.76261731988,
    -2.764786767432E+03));
#884 = CARTESIAN_POINT('',(158.2469596121,795.56118956675,
    -2.766880431084E+03));
#885 = CARTESIAN_POINT('',(44.997992865916,818.79523022047,
    -2.765016558021E+03));
#886 = CARTESIAN_POINT('',(158.26094733254,795.63151058613,
    -2.767111159031E+03));
#887 = CARTESIAN_POINT('',(45.178419399971,818.82876104459,
    -2.765246195664E+03));
#888 = CARTESIAN_POINT('',(158.27510267196,795.70267428303,
    -2.767341619076E+03));
#889 = CARTESIAN_POINT('',(45.358624864572,818.86321114613,
    -2.765475678317E+03));
#890 = CARTESIAN_POINT('',(158.2894254187,795.77467959333,
    -2.767571807755E+03));
#891 = CARTESIAN_POINT('',(45.538605882614,818.8985818972,
    -2.765705004102E+03));
#892 = CARTESIAN_POINT('',(158.30391535811,795.84752543798,
    -2.767801721606E+03));
#893 = CARTESIAN_POINT('',(45.718359073016,818.93487464899,
    -2.765934170899E+03));
#894 = CARTESIAN_POINT('',(158.31857227259,795.92121072296,
    -2.768031357172E+03));
#895 = CARTESIAN_POINT('',(45.89788105944,818.97209077293,
    -2.76616317689E+03));
#896 = CARTESIAN_POINT('',(158.33339594156,795.99573433939,
    -2.768260711002E+03));
#897 = CARTESIAN_POINT('',(46.077168460644,819.01023162289,
    -2.766392019932E+03));
#898 = CARTESIAN_POINT('',(158.34838614148,796.07109516347,
    -2.76848977965E+03));
#899 = CARTESIAN_POINT('',(46.256217899799,819.04929856732,
    -2.766620698183E+03));
#900 = CARTESIAN_POINT('',(158.36354264587,796.14729205656,
    -2.768718559675E+03));
#901 = CARTESIAN_POINT('',(46.435025996645,819.08929296287,
    -2.766849209563E+03));
#902 = CARTESIAN_POINT('',(158.37886522529,796.22432386517,
    -2.76894704764E+03));
#903 = CARTESIAN_POINT('',(46.613589373187,819.13021617507,
    -2.767077552151E+03));
#904 = CARTESIAN_POINT('',(158.39435364734,796.30218942104,
    -2.769175240115E+03));
#905 = CARTESIAN_POINT('',(46.791904650194,819.17206956364,
    -2.767305723938E+03));
#906 = CARTESIAN_POINT('',(158.42566170607,796.4595856611,
    -2.769631027234E+03));
#907 = CARTESIAN_POINT('',(47.148032247744,819.25763941925,
    -2.767761721969E+03));
#908 = CARTESIAN_POINT('',(158.44148134275,796.53911634531,
    -2.769858621878E+03));
#909 = CARTESIAN_POINT('',(47.325815973298,819.3013488843,
    -2.767989505231E+03));
#910 = CARTESIAN_POINT('',(158.4574663514,796.61947841062,
    -2.77008591418E+03));
#911 = CARTESIAN_POINT('',(47.503311349866,819.3459815766,
    -2.768217063332E+03));
#912 = CARTESIAN_POINT('',(158.47361649378,796.70067065918,
    -2.770312900722E+03));
#913 = CARTESIAN_POINT('',(47.680510101508,819.39153617378,
    -2.76844438686E+03));
#914 = CARTESIAN_POINT('',(158.48993152866,796.78269187837,
    -2.770539578086E+03));
#915 = CARTESIAN_POINT('',(47.857403952727,819.4380113839,
    -2.768671466414E+03));
#916 = CARTESIAN_POINT('',(158.50641121192,796.86554084085,
    -2.770765942865E+03));
#917 = CARTESIAN_POINT('',(48.033984627062,819.48540585504,
    -2.768898292564E+03));
#918 = CARTESIAN_POINT('',(158.5230552965,796.94921630457,
    -2.770991991655E+03));
#919 = CARTESIAN_POINT('',(48.210243849808,819.53371833296,
    -2.76912485594E+03));
#920 = CARTESIAN_POINT('',(158.53986353242,797.0337170128,
    -2.771217721057E+03));
#921 = CARTESIAN_POINT('',(48.386173343618,819.58294743033,
    -2.769351147075E+03));
#922 = CARTESIAN_POINT('',(158.55683566679,797.11904169416,
    -2.771443127679E+03));
#923 = CARTESIAN_POINT('',(48.561764834413,819.63309191213,
    -2.769577156627E+03));
#924 = CARTESIAN_POINT('',(158.57397144379,797.20518906263,
    -2.771668208133E+03));
#925 = CARTESIAN_POINT('',(48.737010044797,819.68415039706,
    -2.769802875124E+03));
#926 = CARTESIAN_POINT('',(158.59127060474,797.29215781761,
    -2.77189295904E+03));
#927 = CARTESIAN_POINT('',(48.911900700129,819.73612162118,
    -2.770028293203E+03));
#928 = CARTESIAN_POINT('',(158.60873288801,797.37994664392,
    -2.772117377023E+03));
#929 = CARTESIAN_POINT('',(49.086428523907,819.78900424266,
    -2.770253401429E+03));
#930 = CARTESIAN_POINT('',(158.62635802911,797.46855421183,
    -2.772341458713E+03));
#931 = CARTESIAN_POINT('',(49.260585240637,819.84279696159,
    -2.770478190403E+03));
#932 = CARTESIAN_POINT('',(158.71529668687,797.91567903837,
    -2.773460168888E+03));
#933 = CARTESIAN_POINT('',(50.129471909574,820.11630445643,
    -2.771600491955E+03));
#934 = CARTESIAN_POINT('',(158.78904906024,798.28645725764,
    -2.774349702538E+03));
#935 = CARTESIAN_POINT('',(50.81879408788,820.34970240453,
    -2.772493511212E+03));
#936 = CARTESIAN_POINT('',(158.86538576815,798.67022780405,
    -2.775233586458E+03));
#937 = CARTESIAN_POINT('',(51.502124006283,820.5977457325,
    -2.773381553968E+03));
#938 = CARTESIAN_POINT('',(158.94428895898,799.06690093134,
    -2.776111606949E+03));
#939 = CARTESIAN_POINT('',(52.179258943141,820.86045119394,
    -2.774264480115E+03));
#940 = CARTESIAN_POINT('',(159.02574004788,799.47638320726,
    -2.776983551932E+03));
#941 = CARTESIAN_POINT('',(52.849999093167,821.13781604768,
    -2.775142156821E+03));
#942 = CARTESIAN_POINT('',(159.109719723,799.89857754451,
    -2.777849211017E+03));
#943 = CARTESIAN_POINT('',(53.514147978693,821.42983140603,
    -2.776014453115E+03));
#944 = CARTESIAN_POINT('',(159.19620795186,800.33338323308,
    -2.778708375575E+03));
#945 = CARTESIAN_POINT('',(54.171512743796,821.73649189555,
    -2.776881235873E+03));
#946 = CARTESIAN_POINT('',(159.28518398814,800.78069597412,
    -2.779560838813E+03));
#947 = CARTESIAN_POINT('',(54.821904320838,822.05780142944,
    -2.777742367771E+03));
#948 = CARTESIAN_POINT('',(159.37662637866,801.24040791524,
    -2.780406395838E+03));
#949 = CARTESIAN_POINT('',(55.465137483756,822.39377531686,
    -2.778597706378E+03));
#950 = CARTESIAN_POINT('',(159.47051297072,801.71240768729,
    -2.781244843735E+03));
#951 = CARTESIAN_POINT('',(56.101030770833,822.74443850688,
    -2.779447105406E+03));
#952 = CARTESIAN_POINT('',(159.56682091968,802.19658044249,
    -2.78207598163E+03));
#953 = CARTESIAN_POINT('',(56.72940629536,823.10982010885,
    -2.78029041705E+03));
#954 = CARTESIAN_POINT('',(159.66552669683,802.69280789404,
    -2.78289961076E+03));
#955 = CARTESIAN_POINT('',(57.350089426843,823.48994411763,
    -2.78112749637E+03));
#956 = CARTESIAN_POINT('',(159.76660609754,803.20096835708,
    -2.78371553454E+03));
#957 = CARTESIAN_POINT('',(57.962908357095,823.88481636188,
    -2.781958207005E+03));
#958 = CARTESIAN_POINT('',(159.92174832579,803.98092100805,
    -2.784927570678E+03));
#959 = CARTESIAN_POINT('',(58.870086132819,824.49920334382,
    -2.783194539472E+03));
#960 = CARTESIAN_POINT('',(159.97404958974,804.24385721778,
    -2.785329607802E+03));
#961 = CARTESIAN_POINT('',(59.170471703329,824.70767930549,
    -2.783605026945E+03));
#962 = CARTESIAN_POINT('',(160.02693493253,804.50972979018,
    -2.785729645712E+03));
#963 = CARTESIAN_POINT('',(59.468828225909,824.9198420822,
    -2.784013872374E+03));
#964 = CARTESIAN_POINT('',(160.08040120344,804.77852288543,
    -2.786127660255E+03));
#965 = CARTESIAN_POINT('',(59.765133947511,825.13569777948,
    -2.784421057341E+03));
#966 = CARTESIAN_POINT('',(160.13444521029,805.05022045535,
    -2.786523627421E+03));
#967 = CARTESIAN_POINT('',(60.05936738359,825.35525208148,
    -2.784826563519E+03));
#968 = CARTESIAN_POINT('',(160.18906371969,805.32480624465,
    -2.786917523346E+03));
#969 = CARTESIAN_POINT('',(60.351507328136,825.57851027434,
    -2.78523037305E+03));
#970 = CARTESIAN_POINT('',(160.24425345735,805.60226379236,
    -2.787309324311E+03));
#971 = CARTESIAN_POINT('',(60.641532837311,825.80547721529,
    -2.785632467921E+03));
#972 = CARTESIAN_POINT('',(160.30001110835,805.88257643321,
    -2.787699006745E+03));
#973 = CARTESIAN_POINT('',(60.929423251522,826.0361573605,
    -2.786032830815E+03));
#974 = CARTESIAN_POINT('',(160.35633331739,806.16572729903,
    -2.788086547229E+03));
#975 = CARTESIAN_POINT('',(61.215158170491,826.27055475384,
    -2.786431444144E+03));
#976 = CARTESIAN_POINT('',(160.41321668912,806.45169932015,
    -2.788471922496E+03));
#977 = CARTESIAN_POINT('',(61.498717477006,826.50867301428,
    -2.786828290971E+03));
#978 = CARTESIAN_POINT('',(160.47065778838,806.74047522692,
    -2.788855109432E+03));
#979 = CARTESIAN_POINT('',(61.780081317763,826.75051536757,
    -2.78722335427E+03));
#980 = CARTESIAN_POINT('',(160.52865314052,807.03203755111,
    -2.789236085082E+03));
#981 = CARTESIAN_POINT('',(62.05923011645,826.99608460869,
    -2.787616617424E+03));
#982 = CARTESIAN_POINT('',(160.58719923171,807.32636862746,
    -2.789614826648E+03));
#983 = CARTESIAN_POINT('',(62.336144566212,827.24538313269,
    -2.788008063948E+03));
#984 = CARTESIAN_POINT('',(160.67583914796,807.771991579,
    -2.790179553916E+03));
#985 = CARTESIAN_POINT('',(62.74813616683,827.62492780769,
    -2.788592484443E+03));
#986 = CARTESIAN_POINT('',(160.70552258329,807.9212202857,
    -2.790367232158E+03));
#987 = CARTESIAN_POINT('',(62.884888051025,827.7523681023,
    -2.788786810882E+03));
#988 = CARTESIAN_POINT('',(160.7353423711,808.07113448263,
    -2.79055434339E+03));
#989 = CARTESIAN_POINT('',(63.021050898467,827.88072447276,
    -2.788980642366E+03));
#990 = CARTESIAN_POINT('',(160.76529806488,808.22173192496,
    -2.790740884793E+03));
#991 = CARTESIAN_POINT('',(63.156614320719,828.00998758491,
    -2.789173964374E+03));
#992 = CARTESIAN_POINT('',(160.79538921567,808.37301035571,
    -2.790926853556E+03));
#993 = CARTESIAN_POINT('',(63.291567931795,828.14014812226,
    -2.789366762285E+03));
#994 = CARTESIAN_POINT('',(160.82561537213,808.52496750574,
    -2.791112246881E+03));
#995 = CARTESIAN_POINT('',(63.425901341082,828.27119673372,
    -2.789559021671E+03));
#996 = CARTESIAN_POINT('',(160.85597608048,808.67760109385,
    -2.791297061978E+03));
#997 = CARTESIAN_POINT('',(63.559604165243,828.4031241242,
    -2.789750727799E+03));
#998 = CARTESIAN_POINT('',(160.88647088458,808.83090882681,
    -2.791481296068E+03));
#999 = CARTESIAN_POINT('',(63.692666011257,828.53592092214,
    -2.789941866335E+03));
#1000 = CARTESIAN_POINT('',(160.91709932589,808.9848883994,
    -2.791664946382E+03));
#1001 = CARTESIAN_POINT('',(63.825076497066,828.66957784462,
    -2.790132422509E+03));
#1002 = CARTESIAN_POINT('',(160.94786094351,809.13953749448,
    -2.791848010164E+03));
#1003 = CARTESIAN_POINT('',(63.956825230058,828.80408552141,
    -2.79032238195E+03));
#1004 = CARTESIAN_POINT('',(160.97875527415,809.294853783,
    -2.792030484663E+03));
#1005 = CARTESIAN_POINT('',(64.087901826245,828.93943465547,
    -2.790511729985E+03));
#1006 = CARTESIAN_POINT('',(161.00978185219,809.45083492411,
    -2.792212367144E+03));
#1007 = CARTESIAN_POINT('',(64.218295895672,829.07561589736,
    -2.790700452125E+03));
#1008 = CARTESIAN_POINT('',(161.04094020967,809.60747856514,
    -2.79239365488E+03));
#1009 = CARTESIAN_POINT('',(64.347997051868,829.21261992983,
    -2.790888533795E+03));
#1010 = CARTESIAN_POINT('',(161.10351954285,809.92208611826,
    -2.792755035428E+03));
#1011 = CARTESIAN_POINT('',(64.605992761401,829.4882549073,
    -2.791263387097E+03));
#1012 = CARTESIAN_POINT('',(161.13494051856,810.08005003033,
    -2.792935128241E+03));
#1013 = CARTESIAN_POINT('',(64.734315246733,829.62691156674,
    -2.791450200839E+03));
#1014 = CARTESIAN_POINT('',(161.16649233309,810.23867171357,
    -2.793114620875E+03));
#1015 = CARTESIAN_POINT('',(64.861960579592,829.76640596658,
    -2.791636399822E+03));
#1016 = CARTESIAN_POINT('',(161.1981745138,810.39794879184,
    -2.793293510627E+03));
#1017 = CARTESIAN_POINT('',(64.988926982561,829.90673676187,
    -2.791821982528E+03));
#1018 = CARTESIAN_POINT('',(161.22998658572,810.55787887733,
    -2.7934717948E+03));
#1019 = CARTESIAN_POINT('',(65.115212665457,830.04790241085,
    -2.792006946665E+03));
#1020 = CARTESIAN_POINT('',(161.26192807158,810.71845957062,
    -2.793649470712E+03));
#1021 = CARTESIAN_POINT('',(65.240815860951,830.18990173124,
    -2.792191291364E+03));
#1022 = CARTESIAN_POINT('',(161.29399849179,810.87968846068,
    -2.793826535688E+03));
#1023 = CARTESIAN_POINT('',(65.365734768174,830.33273300121,
    -2.792375013611E+03));
#1024 = CARTESIAN_POINT('',(161.32619736448,811.04156312495,
    -2.794002987066E+03));
#1025 = CARTESIAN_POINT('',(65.489967627346,830.47639517661,
    -2.792558113096E+03));
#1026 = CARTESIAN_POINT('',(161.35852420549,811.20408112939,
    -2.794178822195E+03));
#1027 = CARTESIAN_POINT('',(65.613512636278,830.62088649456,
    -2.79274058663E+03));
#1028 = CARTESIAN_POINT('',(161.39097852838,811.36724002855,
    -2.794354038434E+03));
#1029 = CARTESIAN_POINT('',(65.736368029797,830.76620583785,
    -2.79292243362E+03));
#1030 = CARTESIAN_POINT('',(161.42355984445,811.53103736558,
    -2.794528633153E+03));
#1031 = CARTESIAN_POINT('',(65.858532015428,830.91235159891,
    -2.793103651497E+03));
#1032 = CARTESIAN_POINT('',(161.45626766277,811.69547067231,
    -2.794702603734E+03));
#1033 = CARTESIAN_POINT('',(65.980002817607,831.05932248248,
    -2.79328423895E+03));
#1034 = CARTESIAN_POINT('',(161.48910149014,811.8605374693,
    -2.794875947569E+03));
#1035 = CARTESIAN_POINT('',(66.100778652106,831.20711702942,
    -2.79346419401E+03));
#1036 = CARTESIAN_POINT('',(161.58797951312,812.35763085913,
    -2.795394091051E+03));
#1037 = CARTESIAN_POINT('',(66.46101591057,831.6529674878,
    -2.794002156922E+03));
#1038 = CARTESIAN_POINT('',(161.65440024961,812.69155045078,
    -2.795737002672E+03));
#1039 = CARTESIAN_POINT('',(66.698390171955,831.95348467331,
    -2.794358266202E+03));
#1040 = CARTESIAN_POINT('',(161.72131907722,813.02797411558,
    -2.796077376157E+03));
#1041 = CARTESIAN_POINT('',(66.932965483585,832.25727737735,
    -2.794711826905E+03));
#1042 = CARTESIAN_POINT('',(161.78873199685,813.36688174874,
    -2.796415190916E+03));
#1043 = CARTESIAN_POINT('',(67.164727159196,832.56433722906,
    -2.795062823361E+03));
#1044 = CARTESIAN_POINT('',(161.85663497405,813.70825306766,
    -2.796750426538E+03));
#1045 = CARTESIAN_POINT('',(67.393660872127,832.87465560857,
    -2.795411240386E+03));
#1046 = CARTESIAN_POINT('',(161.92502393933,814.05206761363,
    -2.797083062796E+03));
#1047 = CARTESIAN_POINT('',(67.619752642899,833.1882234843,
    -2.795757062897E+03));
#1048 = CARTESIAN_POINT('',(161.99389478851,814.39830475357,
    -2.797413079647E+03));
#1049 = CARTESIAN_POINT('',(67.842988857282,833.50503164896,
    -2.796100276438E+03));
#1050 = CARTESIAN_POINT('',(162.06324338308,814.74694368178,
    -2.797740457233E+03));
#1051 = CARTESIAN_POINT('',(68.063356244332,833.82507043078,
    -2.796440866567E+03));
#1052 = CARTESIAN_POINT('',(162.13306555055,815.0979634217,
    -2.798065175887E+03));
#1053 = CARTESIAN_POINT('',(68.280841898887,834.14832999353,
    -2.796778819466E+03));
#1054 = CARTESIAN_POINT('',(162.20335708478,815.4513428277,
    -2.798387216126E+03));
#1055 = CARTESIAN_POINT('',(68.495433262048,834.47480007048,
    -2.797114121421E+03));
#1056 = CARTESIAN_POINT('',(162.27411374638,815.80706058691,
    -2.798706558662E+03));
#1057 = CARTESIAN_POINT('',(68.707118135573,834.80447016657,
    -2.797446759206E+03));
#1058 = CARTESIAN_POINT('',(162.34533126305,816.16509522101,
    -2.799023184399E+03));
#1059 = CARTESIAN_POINT('',(68.915884672845,835.13732942632,
    -2.797776719832E+03));
#1060 = CARTESIAN_POINT('',(162.41700532995,816.5254250881,
    -2.799337074433E+03));
#1061 = CARTESIAN_POINT('',(69.121721383687,835.47336670825,
    -2.798103990696E+03));
#1062 = CARTESIAN_POINT('',(162.56125789019,817.25063168104,
    -2.799959345684E+03));
#1063 = CARTESIAN_POINT('',(69.527512880696,836.15177438892,
    -2.798753128303E+03));
#1064 = CARTESIAN_POINT('',(162.63383638354,817.61550840689,
    -2.800267726901E+03));
#1065 = CARTESIAN_POINT('',(69.727491992366,836.49420836613,
    -2.799075038429E+03));
#1066 = CARTESIAN_POINT('',(162.70686275309,817.98263675851,
    -2.800573335003E+03));
#1067 = CARTESIAN_POINT('',(69.924254078793,836.83922622314,
    -2.799393771726E+03));
#1068 = CARTESIAN_POINT('',(162.78033262967,818.35199477054,
    -2.800876151478E+03));
#1069 = CARTESIAN_POINT('',(70.119333994011,837.19022423613,
    -2.799712017106E+03));
#1070 = CARTESIAN_POINT('',(162.85424161231,818.7235603178,
    -2.801176158014E+03));
#1071 = CARTESIAN_POINT('',(70.30730849684,837.53550377735,
    -2.800020347457E+03));
#1072 = CARTESIAN_POINT('',(162.92858526862,819.09731111712,
    -2.801473336496E+03));
#1073 = CARTESIAN_POINT('',(70.50170913142,837.90377007447,
    -2.800342206002E+03));
#1074 = CARTESIAN_POINT('',(163.00335913513,819.47322472924,
    -2.801767669011E+03));
#1075 = CARTESIAN_POINT('',(70.677094291161,838.24224520745,
    -2.800633753516E+03));
#1076 = CARTESIAN_POINT('',(163.07855871776,819.85127856077,
    -2.802059137846E+03));
#1077 = CARTESIAN_POINT('',(70.86995086947,838.62488645246,
    -2.80095753136E+03));
#1078 = CARTESIAN_POINT('',(163.15417949211,820.23144986609,
    -2.802347725494E+03));
#1079 = CARTESIAN_POINT('',(71.040235675012,838.9727199621,
    -2.801245351195E+03));
#1080 = CARTESIAN_POINT('',(163.23021690391,820.61371574932,
    -2.802633414651E+03));
#1081 = CARTESIAN_POINT('',(71.220803223385,839.34841613452,
    -2.801552724619E+03));
#1082 = CARTESIAN_POINT('',(163.30666636939,820.99805316628,
    -2.802916188221E+03));
#1083 = CARTESIAN_POINT('',(71.392392791067,839.71709595218,
    -2.801847498158E+03));
#1084 = CARTESIAN_POINT('',(163.38352327568,821.3844389265,
    -2.803196029315E+03));
#1085 = CARTESIAN_POINT('',(71.562455466745,840.09115807041,
    -2.80214188956E+03));
#1086 = CARTESIAN_POINT('',(163.4607829812,821.77284969522,
    -2.803472921254E+03));
#1087 = CARTESIAN_POINT('',(71.728851866948,840.46724683162,
    -2.802432435827E+03));
#1088 = CARTESIAN_POINT('',(163.61609865097,822.55367429559,
    -2.804020773884E+03));
#1089 = CARTESIAN_POINT('',(72.054703983534,841.22374055338,
    -2.80300640629E+03));
#1090 = CARTESIAN_POINT('',(163.69415461522,822.94608812725,
    -2.804291734576E+03));
#1091 = CARTESIAN_POINT('',(72.214245837474,841.60433751066,
    -2.803289982773E+03));
#1092 = CARTESIAN_POINT('',(163.77260403896,823.34048001335,
    -2.804559713176E+03));
#1093 = CARTESIAN_POINT('',(72.370405948708,841.98726000635,
    -2.803570149493E+03));
#1094 = CARTESIAN_POINT('',(163.85144222402,823.7368263346,
    -2.804824693426E+03));
#1095 = CARTESIAN_POINT('',(72.52318710963,842.37248337246,
    -2.80384690574E+03));
#1096 = CARTESIAN_POINT('',(163.93066444434,824.13510333147,
    -2.80508665928E+03));
#1097 = CARTESIAN_POINT('',(72.672592440383,842.75998286446,
    -2.804120251263E+03));
#1098 = CARTESIAN_POINT('',(164.01026594636,824.53528710623,
    -2.805345594908E+03));
#1099 = CARTESIAN_POINT('',(72.818625394955,843.14973359546,
    -2.80439018597E+03));
#1100 = CARTESIAN_POINT('',(164.09024194946,824.93735362502,
    -2.805601484691E+03));
#1101 = CARTESIAN_POINT('',(72.961289750786,843.54171064274,
    -2.804656710404E+03));
#1102 = CARTESIAN_POINT('',(164.17058764633,825.34127871993,
    -2.805854313228E+03));
#1103 = CARTESIAN_POINT('',(73.100589623884,843.93588890461,
    -2.804919825118E+03));
#1104 = CARTESIAN_POINT('',(164.25129820343,825.74703809108,
    -2.806104065337E+03));
#1105 = CARTESIAN_POINT('',(73.236529449973,844.33224326099,
    -2.805179531363E+03));
#1106 = CARTESIAN_POINT('',(164.33236876139,826.15460730873,
    -2.806350726053E+03));
#1107 = CARTESIAN_POINT('',(73.369114004632,844.73074842264,
    -2.805435830448E+03));
#1108 = CARTESIAN_POINT('',(164.41379443542,826.56396181546,
    -2.80659428063E+03));
#1109 = CARTESIAN_POINT('',(73.498348384932,845.13137904931,
    -2.805688724242E+03));
#1110 = CARTESIAN_POINT('',(164.49557031577,826.97507692823,
    -2.806834714546E+03));
#1111 = CARTESIAN_POINT('',(73.624238023661,845.53410967342,
    -2.805938214848E+03));
#1112 = CARTESIAN_POINT('',(164.57769146813,827.38792784063,
    -2.807072013499E+03));
#1113 = CARTESIAN_POINT('',(73.746788680021,845.93891473936,
    -2.806184304772E+03));
#1114 = CARTESIAN_POINT('',(164.74261440003,828.21705140934,
    -2.807540313326E+03));
#1115 = CARTESIAN_POINT('',(73.985224209409,846.75262243829,
    -2.806669688943E+03));
#1116 = CARTESIAN_POINT('',(164.82541617957,828.63332406566,
    -2.807771314199E+03));
#1117 = CARTESIAN_POINT('',(74.101109317672,847.16152498298,
    -2.806908983335E+03));
#1118 = CARTESIAN_POINT('',(164.90855331429,829.05128266628,
    -2.807999151955E+03));
#1119 = CARTESIAN_POINT('',(74.213664927241,847.57245406337,
    -2.80714487825E+03));
#1120 = CARTESIAN_POINT('',(164.99202082164,829.47090216232,
    -2.808223812741E+03));
#1121 = CARTESIAN_POINT('',(74.322894503657,847.98538741411,
    -2.807377372133E+03));
#1122 = CARTESIAN_POINT('',(165.07581369542,829.89215738582,
    -2.808445282926E+03));
#1123 = CARTESIAN_POINT('',(74.428801834438,848.40030280776,
    -2.807606464069E+03));
#1124 = CARTESIAN_POINT('',(165.15992690617,830.315023052,
    -2.808663549108E+03));
#1125 = CARTESIAN_POINT('',(74.531391000544,848.81717776171,
    -2.807832152946E+03));
#1126 = CARTESIAN_POINT('',(165.24435540161,830.73947376142,
    -2.808878598111E+03));
#1127 = CARTESIAN_POINT('',(74.630666423682,849.23599002806,
    -2.808054438851E+03));
#1128 = CARTESIAN_POINT('',(165.32909410714,831.16548400221,
    -2.809090416986E+03));
#1129 = CARTESIAN_POINT('',(74.726632800484,849.65671690783,
    -2.80827332112E+03));
#1130 = CARTESIAN_POINT('',(165.4141379262,831.59302815235,
    -2.809298993016E+03));
#1131 = CARTESIAN_POINT('',(74.819295180134,850.07933606362,
    -2.808488800643E+03));
#1132 = CARTESIAN_POINT('',(165.4994817408,832.02208048191,
    -2.809504313711E+03));
#1133 = CARTESIAN_POINT('',(74.908658886435,850.50382470067,
    -2.808700877546E+03));
#1134 = CARTESIAN_POINT('',(165.58512041193,832.45261515531,
    -2.809706366815E+03));
#1135 = CARTESIAN_POINT('',(74.99472958445,850.93016026909,
    -2.808909553176E+03));
#1136 = CARTESIAN_POINT('',(165.67104878,832.88460623364,
    -2.809905140301E+03));
#1137 = CARTESIAN_POINT('',(75.07751323211,851.35831995304,
    -2.809114828659E+03));
#1138 = CARTESIAN_POINT('',(165.75726166537,833.31802767696,
    -2.810100622379E+03));
#1139 = CARTESIAN_POINT('',(75.157016109829,851.78828098353,
    -2.809316705781E+03));
#1140 = CARTESIAN_POINT('',(165.88699997039,833.97026618142,
    -2.810388891047E+03));
#1141 = CARTESIAN_POINT('',(75.271359153267,852.43589022764,
    -2.809614426922E+03));
#1142 = CARTESIAN_POINT('',(165.93031590155,834.1880300728,
    -2.810484154861E+03));
#1143 = CARTESIAN_POINT('',(75.308654172462,852.65220529606,
    -2.809712817098E+03));
#1144 = CARTESIAN_POINT('',(165.9737010123,834.40614175343,
    -2.810578591489E+03));
#1145 = CARTESIAN_POINT('',(75.345130473905,852.86896316758,
    -2.809810356944E+03));
#1146 = CARTESIAN_POINT('',(166.01715465149,834.62459794982,
    -2.8106721995E+03));
#1147 = CARTESIAN_POINT('',(75.380788670975,853.08616134776,
    -2.809907046419E+03));
#1148 = CARTESIAN_POINT('',(166.06067616677,834.84339538235,
    -2.810764977479E+03));
#1149 = CARTESIAN_POINT('',(75.415629371623,853.30379729506,
    -2.810002885305E+03));
#1150 = CARTESIAN_POINT('',(166.1042649046,835.06253076543,
    -2.810856924026E+03));
#1151 = CARTESIAN_POINT('',(75.449653193131,853.52186854425,
    -2.810097873679E+03));
#1152 = CARTESIAN_POINT('',(166.14792021022,835.28200080746,
    -2.810948037754E+03));
#1153 = CARTESIAN_POINT('',(75.482860739551,853.74037252998,
    -2.810192011215E+03));
#1154 = CARTESIAN_POINT('',(166.19164142776,835.501802211,
    -2.811038317293E+03));
#1155 = CARTESIAN_POINT('',(75.5152526307,853.95930679487,
    -2.810285298047E+03));
#1156 = CARTESIAN_POINT('',(166.23542790013,835.72193167279,
    -2.811127761284E+03));
#1157 = CARTESIAN_POINT('',(75.546829470446,854.17866878518,
    -2.810377733867E+03));
#1158 = CARTESIAN_POINT('',(166.27927896916,835.94238588386,
    -2.811216368388E+03));
#1159 = CARTESIAN_POINT('',(75.577591876407,854.39845601844,
    -2.810469318723E+03));
#1160 = CARTESIAN_POINT('',(166.3231939755,836.16316152957,
    -2.811304137277E+03));
#1161 = CARTESIAN_POINT('',(75.607540456124,854.6186659686,
    -2.810560052424E+03));
#1162 = CARTESIAN_POINT('',(166.36717225874,836.38425528968,
    -2.811391066638E+03));
#1163 = CARTESIAN_POINT('',(75.636675823356,854.83929613155,
    -2.810649934913E+03));
#1164 = CARTESIAN_POINT('',(166.41121315734,836.60566383848,
    -2.811477155176E+03));
#1165 = CARTESIAN_POINT('',(75.664998588693,855.06034399409,
    -2.81073896607E+03));
#1166 = CARTESIAN_POINT('',(166.49941886005,837.04910385113,
    -2.811647648037E+03));
#1167 = CARTESIAN_POINT('',(75.720020139328,855.50327009825,
    -2.810915325528E+03));
#1168 = CARTESIAN_POINT('',(166.54358366415,837.27113531497,
    -2.811732052362E+03));
#1169 = CARTESIAN_POINT('',(75.746695664517,855.72498555597,
    -2.811002589494E+03));
#1170 = CARTESIAN_POINT('',(166.5878097584,837.49347490518,
    -2.811815613297E+03));
#1171 = CARTESIAN_POINT('',(75.772538168814,855.94694249559,
    -2.811088937751E+03));
#1172 = CARTESIAN_POINT('',(166.63209647911,837.71611928516,
    -2.811898329577E+03));
#1173 = CARTESIAN_POINT('',(75.797549881347,856.16912998576,
    -2.811174370334E+03));
#1174 = CARTESIAN_POINT('',(166.67644316151,837.93906511295,
    -2.811980199948E+03));
#1175 = CARTESIAN_POINT('',(75.821733031372,856.39153711342,
    -2.811258887321E+03));
#1176 = CARTESIAN_POINT('',(166.72084913981,838.16230904133,
    -2.812061223172E+03));
#1177 = CARTESIAN_POINT('',(75.845089848088,856.61415293053,
    -2.811342488714E+03));
#1178 = CARTESIAN_POINT('',(166.76531374716,838.38584771785,
    -2.812141398029E+03));
#1179 = CARTESIAN_POINT('',(75.867622560505,856.8369665443,
    -2.811425174626E+03));
#1180 = CARTESIAN_POINT('',(166.80983631569,838.60967778494,
    -2.812220723309E+03));
#1181 = CARTESIAN_POINT('',(75.889333398249,857.05996698835,
    -2.811506945034E+03));
#1182 = CARTESIAN_POINT('',(166.85441617655,838.83379587998,
    -2.812299197821E+03));
#1183 = CARTESIAN_POINT('',(75.910224589872,857.28314337997,
    -2.811587800057E+03));
#1184 = CARTESIAN_POINT('',(166.89905265986,839.05819863534,
    -2.812376820386E+03));
#1185 = CARTESIAN_POINT('',(75.930298365256,857.50648475486,
    -2.811667739687E+03));
#1186 = CARTESIAN_POINT('',(166.9437450948,839.28288267852,
    -2.812453589844E+03));
#1187 = CARTESIAN_POINT('',(75.949556953029,857.72998021673,
    -2.811746764013E+03));
#1188 = CARTESIAN_POINT('',(166.98849280958,839.50784463218,
    -2.812529505045E+03));
#1189 = CARTESIAN_POINT('',(75.968002582741,857.9536188214,
    -2.811824873061E+03));
#1190 = CARTESIAN_POINT('',(167.03329513144,839.73308111422,
    -2.812604564859E+03));
#1191 = CARTESIAN_POINT('',(75.985637483411,858.17738965258,
    -2.811902066891E+03));
#1192 = CARTESIAN_POINT('',(167.07815138672,839.95858873788,
    -2.812678768168E+03));
#1193 = CARTESIAN_POINT('',(76.002463884294,858.40128178101,
    -2.811978345549E+03));
#1194 = ADVANCED_FACE('',(#1195),#1293,.T.);
#1195 = FACE_BOUND('',#1196,.T.);
#1196 = EDGE_LOOP('',(#1197,#1274,#1275,#1288));
#1197 = ORIENTED_EDGE('',*,*,#1198,.T.);
#1198 = EDGE_CURVE('',#1199,#579,#1201,.T.);
#1199 = VERTEX_POINT('',#1200);
#1200 = CARTESIAN_POINT('',(-26.30253470542,922.89702386442,
    -2.67817503383E+03));
#1201 = B_SPLINE_CURVE_WITH_KNOTS('',8,(#1202,#1203,#1204,#1205,#1206,
    #1207,#1208,#1209,#1210,#1211,#1212,#1213,#1214,#1215,#1216,#1217,
    #1218,#1219,#1220,#1221,#1222,#1223,#1224,#1225,#1226,#1227,#1228,
    #1229,#1230,#1231,#1232,#1233,#1234,#1235,#1236,#1237,#1238,#1239,
    #1240,#1241,#1242,#1243,#1244,#1245,#1246,#1247,#1248,#1249,#1250,
    #1251,#1252,#1253,#1254,#1255,#1256,#1257,#1258,#1259,#1260,#1261,
    #1262,#1263,#1264,#1265,#1266,#1267,#1268,#1269,#1270,#1271,#1272,
    #1273),.UNSPECIFIED.,.F.,.F.,(9,7,7,7,7,7,7,7,7,7,9),(0.,
    0.121699412928,0.192310906807,0.273565609311,0.354417615037,
    0.475280230496,0.59497158851,0.694578711287,0.764282935258,
    0.884444784401,1.),.UNSPECIFIED.);
#1202 = CARTESIAN_POINT('',(-26.30253470542,922.89702386442,
    -2.67817503383E+03));
#1203 = CARTESIAN_POINT('',(-26.9922859924,921.54828877094,
    -2.6777527462E+03));
#1204 = CARTESIAN_POINT('',(-27.68337933481,920.18925767614,
    -2.677365631875E+03));
#1205 = CARTESIAN_POINT('',(-28.37536537383,918.82088678292,
    -2.677013602209E+03));
#1206 = CARTESIAN_POINT('',(-29.0678500012,917.4437022673,
    -2.676698045466E+03));
#1207 = CARTESIAN_POINT('',(-29.76038288885,916.05914110062,
    -2.676416626776E+03));
#1208 = CARTESIAN_POINT('',(-30.4525165711,914.66774292991,
    -2.676171193394E+03));
#1209 = CARTESIAN_POINT('',(-31.14383561169,913.27041101329,
    -2.675961573093E+03));
#1210 = CARTESIAN_POINT('',(-32.23431775592,911.05434506407,
    -2.675686863971E+03));
#1211 = CARTESIAN_POINT('',(-32.6342986672,910.23896773079,
    -2.675598022279E+03));
#1212 = CARTESIAN_POINT('',(-33.03378005242,909.42206053449,
    -2.675521247234E+03));
#1213 = CARTESIAN_POINT('',(-33.43267791956,908.60379115927,
    -2.675456574088E+03));
#1214 = CARTESIAN_POINT('',(-33.83090843382,907.78432848359,
    -2.675404030948E+03));
#1215 = CARTESIAN_POINT('',(-34.22838791763,906.9638425802,
    -2.675363638782E+03));
#1216 = CARTESIAN_POINT('',(-34.62503285061,906.14250471621,
    -2.675335411415E+03));
#1217 = CARTESIAN_POINT('',(-35.4761344756,904.3745680327,
    -2.67530087955E+03));
#1218 = CARTESIAN_POINT('',(-35.93029656414,903.42774226258,
    -2.675298523074E+03));
#1219 = CARTESIAN_POINT('',(-36.38311191749,902.48027648145,
    -2.675312349551E+03));
#1220 = CARTESIAN_POINT('',(-36.83444831526,901.53243712515,
    -2.675342402896E+03));
#1221 = CARTESIAN_POINT('',(-37.28417553436,900.5844906266,
    -2.675388707494E+03));
#1222 = CARTESIAN_POINT('',(-37.73216534904,899.63670341581,
    -2.675451268194E+03));
#1223 = CARTESIAN_POINT('',(-38.17829153088,898.68934191986,
    -2.675530070312E+03));
#1224 = CARTESIAN_POINT('',(-39.06436702553,896.80069488146,
    -2.675719618085E+03));
#1225 = CARTESIAN_POINT('',(-39.50385859279,895.8604216155,
    -2.67583009408E+03));
#1226 = CARTESIAN_POINT('',(-39.94087193452,894.9219192926,
    -2.67595651468E+03));
#1227 = CARTESIAN_POINT('',(-40.37537037693,893.98526344995,
    -2.676098884388E+03));
#1228 = CARTESIAN_POINT('',(-40.8073131885,893.05053863428,
    -2.676257205149E+03));
#1229 = CARTESIAN_POINT('',(-41.23665557998,892.11783840191,
    -2.676431476348E+03));
#1230 = CARTESIAN_POINT('',(-41.66334870439,891.1872653187,
    -2.676621694807E+03));
#1231 = CARTESIAN_POINT('',(-42.72114774874,888.87119892309,
    -2.677136035582E+03));
#1232 = CARTESIAN_POINT('',(-43.34886004782,887.48859338063,
    -2.677479821186E+03));
#1233 = CARTESIAN_POINT('',(-43.96999844017,886.11207115111,
    -2.677859401489E+03));
#1234 = CARTESIAN_POINT('',(-44.58419030364,884.74248510205,
    -2.678274421679E+03));
#1235 = CARTESIAN_POINT('',(-45.19100642505,883.38077046946,
    -2.678724694323E+03));
#1236 = CARTESIAN_POINT('',(-45.78996417192,882.02792363594,
    -2.679210267895E+03));
#1237 = CARTESIAN_POINT('',(-46.38060496741,880.68490485379,
    -2.679731124962E+03));
#1238 = CARTESIAN_POINT('',(-47.53886569349,878.03319910219,
    -2.680837056713E+03));
#1239 = CARTESIAN_POINT('',(-48.10510760861,876.72783163259,
    -2.681420042931E+03));
#1240 = CARTESIAN_POINT('',(-48.66137137309,875.43644278343,
    -2.682035096334E+03));
#1241 = CARTESIAN_POINT('',(-49.20722468442,874.15968937407,
    -2.682683366021E+03));
#1242 = CARTESIAN_POINT('',(-49.74304007548,872.89708873622,
    -2.683363470746E+03));
#1243 = CARTESIAN_POINT('',(-50.26863106447,871.64900937125,
    -2.684075506586E+03));
#1244 = CARTESIAN_POINT('',(-50.7837887475,870.41577519365,
    -2.684819998253E+03));
#1245 = CARTESIAN_POINT('',(-51.70840854977,868.18375061864,
    -2.686243410569E+03));
#1246 = CARTESIAN_POINT('',(-52.12246765169,867.17704698576,
    -2.686914469866E+03));
#1247 = CARTESIAN_POINT('',(-52.5290929897,866.18102116593,
    -2.687608182184E+03));
#1248 = CARTESIAN_POINT('',(-52.92724633021,865.19818940821,
    -2.688322902467E+03));
#1249 = CARTESIAN_POINT('',(-53.31630897061,864.23010691172,
    -2.689057388967E+03));
#1250 = CARTESIAN_POINT('',(-53.69603010375,863.2774467893,
    -2.689810938095E+03));
#1251 = CARTESIAN_POINT('',(-54.06648894374,862.34005724966,
    -2.69058348679E+03));
#1252 = CARTESIAN_POINT('',(-54.68110241397,860.77104722373,
    -2.691930054231E+03));
#1253 = CARTESIAN_POINT('',(-54.92987412793,860.13188380261,
    -2.692494277494E+03));
#1254 = CARTESIAN_POINT('',(-55.17430668602,859.49969096318,
    -2.693068261653E+03));
#1255 = CARTESIAN_POINT('',(-55.41432765986,858.87464257939,
    -2.693651899748E+03));
#1256 = CARTESIAN_POINT('',(-55.64987126157,858.25690217091,
    -2.69424506841E+03));
#1257 = CARTESIAN_POINT('',(-55.88087834382,857.64662290309,
    -2.694847627864E+03));
#1258 = CARTESIAN_POINT('',(-56.10729639977,857.04394758699,
    -2.695459421925E+03));
#1259 = CARTESIAN_POINT('',(-56.7114075413,855.42340427272,
    -2.697150560547E+03));
#1260 = CARTESIAN_POINT('',(-57.07993976531,854.42081925258,
    -2.698247853839E+03));
#1261 = CARTESIAN_POINT('',(-57.43417938325,853.44239085629,
    -2.69937168464E+03));
#1262 = CARTESIAN_POINT('',(-57.77392880672,852.48869133597,
    -2.700521301748E+03));
#1263 = CARTESIAN_POINT('',(-58.0990314814,851.56027969231,
    -2.701695614551E+03));
#1264 = CARTESIAN_POINT('',(-58.40915426201,850.65802531234,
    -2.702893804383E+03));
#1265 = CARTESIAN_POINT('',(-58.70383289232,849.78297405606,
    -2.704115507732E+03));
#1266 = CARTESIAN_POINT('',(-59.25147076651,848.12056910272,
    -2.706555743241E+03));
#1267 = CARTESIAN_POINT('',(-59.50564973899,847.33103181297,
    -2.707772583435E+03));
#1268 = CARTESIAN_POINT('',(-59.74486566128,846.56838239054,
    -2.709009707906E+03));
#1269 = CARTESIAN_POINT('',(-59.97019617128,845.83085478227,
    -2.710264856244E+03));
#1270 = CARTESIAN_POINT('',(-60.17901650733,845.12352693201,
    -2.711539891106E+03));
#1271 = CARTESIAN_POINT('',(-60.37380504419,844.44200611186,
    -2.712831167528E+03));
#1272 = CARTESIAN_POINT('',(-60.55302524002,843.78941872712,
    -2.714139054471E+03));
#1273 = CARTESIAN_POINT('',(-60.71693117175,843.16549419502,
    -2.715462334899E+03));
#1274 = ORIENTED_EDGE('',*,*,#665,.F.);
#1275 = ORIENTED_EDGE('',*,*,#1276,.F.);
#1276 = EDGE_CURVE('',#1277,#653,#1279,.T.);
#1277 = VERTEX_POINT('',#1278);
#1278 = CARTESIAN_POINT('',(175.44918120124,882.04259751419,
    -2.679726616574E+03));
#1279 = B_SPLINE_CURVE_WITH_KNOTS('',7,(#1280,#1281,#1282,#1283,#1284,
    #1285,#1286,#1287),.UNSPECIFIED.,.F.,.F.,(8,8),(0.,1.454027998327),
  .PIECEWISE_BEZIER_KNOTS.);
#1280 = CARTESIAN_POINT('',(175.44918120124,882.04259751419,
    -2.679726616574E+03));
#1281 = CARTESIAN_POINT('',(172.75539929915,868.50004137462,
    -2.67527043696E+03));
#1282 = CARTESIAN_POINT('',(169.8509310058,853.89829321982,
    -2.674160590733E+03));
#1283 = CARTESIAN_POINT('',(166.92558618408,839.19159166948,
    -2.676710682105E+03));
#1284 = CARTESIAN_POINT('',(164.19157577903,825.44679318833,
    -2.682882648073E+03));
#1285 = CARTESIAN_POINT('',(161.84962709908,813.67302210104,
    -2.692223351327E+03));
#1286 = CARTESIAN_POINT('',(160.04848563719,804.6180724988,
    -2.703956003968E+03));
#1287 = CARTESIAN_POINT('',(158.8711639516,798.69927669391,
    -2.717151111407E+03));
#1288 = ORIENTED_EDGE('',*,*,#1289,.T.);
#1289 = EDGE_CURVE('',#1277,#1199,#1290,.T.);
#1290 = B_SPLINE_CURVE_WITH_KNOTS('',1,(#1291,#1292),.UNSPECIFIED.,.F.,
  .F.,(2,2),(-1.,0.971497506261),.PIECEWISE_BEZIER_KNOTS.);
#1291 = CARTESIAN_POINT('',(175.44918120124,882.04259751419,
    -2.679726616574E+03));
#1292 = CARTESIAN_POINT('',(-26.30253470542,922.89702386442,
    -2.67817503383E+03));
#1293 = B_SPLINE_SURFACE_WITH_KNOTS('',13,1,(
    (#1294,#1295)
    ,(#1296,#1297)
    ,(#1298,#1299)
    ,(#1300,#1301)
    ,(#1302,#1303)
    ,(#1304,#1305)
    ,(#1306,#1307)
    ,(#1308,#1309)
    ,(#1310,#1311)
    ,(#1312,#1313)
    ,(#1314,#1315)
    ,(#1316,#1317)
    ,(#1318,#1319)
    ,(#1320,#1321)
    ,(#1322,#1323)
    ,(#1324,#1325)
    ,(#1326,#1327)
    ,(#1328,#1329)
    ,(#1330,#1331)
    ,(#1332,#1333)
    ,(#1334,#1335)
    ,(#1336,#1337)
    ,(#1338,#1339)
    ,(#1340,#1341)
    ,(#1342,#1343)
    ,(#1344,#1345)
    ,(#1346,#1347)
    ,(#1348,#1349)
    ,(#1350,#1351)
    ,(#1352,#1353)
    ,(#1354,#1355)
    ,(#1356,#1357)
    ,(#1358,#1359)
    ,(#1360,#1361)
    ,(#1362,#1363)
    ,(#1364,#1365)
    ,(#1366,#1367)
    ,(#1368,#1369)
    ,(#1370,#1371)
    ,(#1372,#1373)
    ,(#1374,#1375)
    ,(#1376,#1377)
    ,(#1378,#1379)
    ,(#1380,#1381)
    ,(#1382,#1383)
    ,(#1384,#1385)
    ,(#1386,#1387)
    ,(#1388,#1389)
    ,(#1390,#1391)
    ,(#1392,#1393)
    ,(#1394,#1395)
    ,(#1396,#1397)
    ,(#1398,#1399)
    ,(#1400,#1401)
    ,(#1402,#1403)
    ,(#1404,#1405)
    ,(#1406,#1407)
    ,(#1408,#1409)
    ,(#1410,#1411)
    ,(#1412,#1413)
    ,(#1414,#1415)
    ,(#1416,#1417)
    ,(#1418,#1419)
    ,(#1420,#1421)
    ,(#1422,#1423)
    ,(#1424,#1425)
    ,(#1426,#1427)
    ,(#1428,#1429)
    ,(#1430,#1431)
    ,(#1432,#1433)
    ,(#1434,#1435)
    ,(#1436,#1437)
    ,(#1438,#1439)
    ,(#1440,#1441)
    ,(#1442,#1443)
    ,(#1444,#1445)
    ,(#1446,#1447)
    ,(#1448,#1449)
    ,(#1450,#1451)
    ,(#1452,#1453)
    ,(#1454,#1455)
    ,(#1456,#1457)
    ,(#1458,#1459)
    ,(#1460,#1461)
    ,(#1462,#1463)
    ,(#1464,#1465)
    ,(#1466,#1467)
    ,(#1468,#1469)
    ,(#1470,#1471)
    ,(#1472,#1473)
    ,(#1474,#1475)
    ,(#1476,#1477)
    ,(#1478,#1479)
    ,(#1480,#1481)
    ,(#1482,#1483)
    ,(#1484,#1485)
    ,(#1486,#1487)
    ,(#1488,#1489)
    ,(#1490,#1491)
    ,(#1492,#1493)
    ,(#1494,#1495)
    ,(#1496,#1497)
    ,(#1498,#1499)
    ,(#1500,#1501)
    ,(#1502,#1503)
    ,(#1504,#1505)
    ,(#1506,#1507)
    ,(#1508,#1509)
    ,(#1510,#1511)
    ,(#1512,#1513)
    ,(#1514,#1515)
    ,(#1516,#1517)
    ,(#1518,#1519)
    ,(#1520,#1521)
    ,(#1522,#1523)
    ,(#1524,#1525)
    ,(#1526,#1527)
    ,(#1528,#1529)
    ,(#1530,#1531)
    ,(#1532,#1533)
    ,(#1534,#1535)
    ,(#1536,#1537)
    ,(#1538,#1539)
    ,(#1540,#1541)
    ,(#1542,#1543)
    ,(#1544,#1545)
    ,(#1546,#1547)
    ,(#1548,#1549)
    ,(#1550,#1551)
    ,(#1552,#1553)
    ,(#1554,#1555)
    ,(#1556,#1557)
    ,(#1558,#1559)
    ,(#1560,#1561)
    ,(#1562,#1563)
    ,(#1564,#1565)
    ,(#1566,#1567)
    ,(#1568,#1569)
    ,(#1570,#1571)
    ,(#1572,#1573)
    ,(#1574,#1575)
    ,(#1576,#1577)
    ,(#1578,#1579)
    ,(#1580,#1581)
    ,(#1582,#1583)
    ,(#1584,#1585)
    ,(#1586,#1587)
    ,(#1588,#1589)
    ,(#1590,#1591)
    ,(#1592,#1593)
    ,(#1594,#1595)
    ,(#1596,#1597)
    ,(#1598,#1599)
    ,(#1600,#1601)
    ,(#1602,#1603)
    ,(#1604,#1605)
    ,(#1606,#1607)
    ,(#1608,#1609)
    ,(#1610,#1611)
    ,(#1612,#1613)
    ,(#1614,#1615)
    ,(#1616,#1617)
    ,(#1618,#1619)
    ,(#1620,#1621)
    ,(#1622,#1623)
    ,(#1624,#1625)
    ,(#1626,#1627)
    ,(#1628,#1629)
    ,(#1630,#1631)
    ,(#1632,#1633
    )),.UNSPECIFIED.,.F.,.F.,.F.,(14,12,12,12,12,12,12,12,12,12,12,12,12
    ,12,14),(2,2),(0.,8.232503458983E-02,0.157145196248,0.256905411793,
    0.356665627337,0.456425842882,0.506305950654,0.556186058426,
    0.755706489515,0.85546670506,0.905346812832,1.054987136149,
    1.154747351694,1.254507567238,1.454027998327),(0.,1.),
  .UNSPECIFIED.);
#1294 = CARTESIAN_POINT('',(158.8711639516,798.69927669391,
    -2.717151111407E+03));
#1295 = CARTESIAN_POINT('',(8.334037688651,829.18278990368,
    -2.715993382149E+03));
#1296 = CARTESIAN_POINT('',(158.90705688755,798.87972266826,
    -2.716748832954E+03));
#1297 = CARTESIAN_POINT('',(8.575185034773,829.32344348426,
    -2.715605688727E+03));
#1298 = CARTESIAN_POINT('',(158.94348821987,799.06287534402,
    -2.716347816693E+03));
#1299 = CARTESIAN_POINT('',(8.818925427579,829.4666048662,
    -2.715218363111E+03));
#1300 = CARTESIAN_POINT('',(158.98045610475,799.24872545159,
    -2.71594808327E+03));
#1301 = CARTESIAN_POINT('',(9.06521439406,829.61212819692,
    -2.71483181357E+03));
#1302 = CARTESIAN_POINT('',(159.01795866526,799.43726355511,
    -2.715549653253E+03));
#1303 = CARTESIAN_POINT('',(9.314272055112,829.76058307692,
    -2.714444601458E+03));
#1304 = CARTESIAN_POINT('',(159.05599399157,799.62848005317,
    -2.715152547133E+03));
#1305 = CARTESIAN_POINT('',(9.565718086545,829.910865348,
    -2.714059884602E+03));
#1306 = CARTESIAN_POINT('',(159.09456014104,799.82236517944,
    -2.71475678532E+03));
#1307 = CARTESIAN_POINT('',(9.819941376162,830.06416357305,
    -2.713673744701E+03));
#1308 = CARTESIAN_POINT('',(159.13365513835,800.01890900338,
    -2.714362388142E+03));
#1309 = CARTESIAN_POINT('',(10.076994646025,830.22030810091,
    -2.713288211166E+03));
#1310 = CARTESIAN_POINT('',(159.17327697569,800.21810143097,
    -2.713969375846E+03));
#1311 = CARTESIAN_POINT('',(10.3363955826,830.37818235806,
    -2.712905048081E+03));
#1312 = CARTESIAN_POINT('',(159.21342361284,800.41993220537,
    -2.71357776859E+03));
#1313 = CARTESIAN_POINT('',(10.598446480022,830.53873423589,
    -2.712520995901E+03));
#1314 = CARTESIAN_POINT('',(159.25409297736,800.62439090777,
    -2.71318758645E+03));
#1315 = CARTESIAN_POINT('',(10.863769562107,830.70302990657,
    -2.712136547848E+03));
#1316 = CARTESIAN_POINT('',(159.29528296475,800.83146695804,
    -2.712798849411E+03));
#1317 = CARTESIAN_POINT('',(11.131256574353,830.86869244486,
    -2.711754378695E+03));
#1318 = CARTESIAN_POINT('',(159.33699143856,801.0411496156,
    -2.712411577371E+03));
#1319 = CARTESIAN_POINT('',(11.401436262592,831.03684608293,
    -2.711373145493E+03));
#1320 = CARTESIAN_POINT('',(159.41759174762,801.44635473242,
    -2.711675171838E+03));
#1321 = CARTESIAN_POINT('',(11.921838747301,831.36148058701,
    -2.71064898517E+03));
#1322 = CARTESIAN_POINT('',(159.45639373701,801.64142550604,
    -2.71132577997E+03));
#1323 = CARTESIAN_POINT('',(12.171677586064,831.5177960541,
    -2.710305424843E+03));
#1324 = CARTESIAN_POINT('',(159.49562057112,801.8386321183,
    -2.7109776294E+03));
#1325 = CARTESIAN_POINT('',(12.423554771598,831.67586226974,
    -2.709963098729E+03));
#1326 = CARTESIAN_POINT('',(159.53527060063,802.03796627753,
    -2.710630734934E+03));
#1327 = CARTESIAN_POINT('',(12.677444178502,831.83568004576,
    -2.709622013391E+03));
#1328 = CARTESIAN_POINT('',(159.57534215465,802.23941958358,
    -2.710285111312E+03));
#1329 = CARTESIAN_POINT('',(12.933319385086,831.99725034313,
    -2.709282175466E+03));
#1330 = CARTESIAN_POINT('',(159.61583354082,802.44298352836,
    -2.709940773216E+03));
#1331 = CARTESIAN_POINT('',(13.191153673315,832.16057429016,
    -2.708943591748E+03));
#1332 = CARTESIAN_POINT('',(159.6567430454,802.64864949636,
    -2.709597735257E+03));
#1333 = CARTESIAN_POINT('',(13.450920028781,832.32565314472,
    -2.708606269045E+03));
#1334 = CARTESIAN_POINT('',(159.6980689334,802.85640876511,
    -2.709256011985E+03));
#1335 = CARTESIAN_POINT('',(13.712591140886,832.49248835568,
    -2.708270214385E+03));
#1336 = CARTESIAN_POINT('',(159.73980944863,803.06625250577,
    -2.70891561788E+03));
#1337 = CARTESIAN_POINT('',(13.9761394025,832.66108148342,
    -2.707935434772E+03));
#1338 = CARTESIAN_POINT('',(159.78196281389,803.27817178365,
    -2.708576567355E+03));
#1339 = CARTESIAN_POINT('',(14.241536910386,832.8314342828,
    -2.707601937423E+03));
#1340 = CARTESIAN_POINT('',(159.824527231,803.49215755876,
    -2.708238874756E+03));
#1341 = CARTESIAN_POINT('',(14.508755464798,833.00354863275,
    -2.707269729579E+03));
#1342 = CARTESIAN_POINT('',(159.86750088097,803.70820068636,
    -2.707902554358E+03));
#1343 = CARTESIAN_POINT('',(14.777766569786,833.17742658486,
    -2.706938818628E+03));
#1344 = CARTESIAN_POINT('',(159.96872331486,804.21708022577,
    -2.707121041707E+03));
#1345 = CARTESIAN_POINT('',(15.409574583966,833.58726200506,
    -2.706169736591E+03));
#1346 = CARTESIAN_POINT('',(160.02728896012,804.51150960703,
    -2.706676927769E+03));
#1347 = CARTESIAN_POINT('',(15.773738808502,833.82458681529,
    -2.705732574633E+03));
#1348 = CARTESIAN_POINT('',(160.086574499,804.80955813797,
    -2.706235312223E+03));
#1349 = CARTESIAN_POINT('',(16.140968746031,834.0650538877,
    -2.705297747329E+03));
#1350 = CARTESIAN_POINT('',(160.1465755052,805.11120356599,
    -2.705796228516E+03));
#1351 = CARTESIAN_POINT('',(16.511198313555,834.30867196258,
    -2.704865275629E+03));
#1352 = CARTESIAN_POINT('',(160.20728748737,805.41642331161,
    -2.705359709869E+03));
#1353 = CARTESIAN_POINT('',(16.884360704677,834.5554493765,
    -2.704435180255E+03));
#1354 = CARTESIAN_POINT('',(160.26870588965,805.72519447096,
    -2.704925789274E+03));
#1355 = CARTESIAN_POINT('',(17.260388391329,834.80539409698,
    -2.704007481688E+03));
#1356 = CARTESIAN_POINT('',(160.33082609214,806.03749381818,
    -2.704494499488E+03));
#1357 = CARTESIAN_POINT('',(17.639213121319,835.05851368385,
    -2.703582200254E+03));
#1358 = CARTESIAN_POINT('',(160.39364341139,806.35329780806,
    -2.704065873031E+03));
#1359 = CARTESIAN_POINT('',(18.020765921228,835.31481532035,
    -2.703159355932E+03));
#1360 = CARTESIAN_POINT('',(160.45715310095,806.67258257851,
    -2.703639942181E+03));
#1361 = CARTESIAN_POINT('',(18.40497709351,835.57430579803,
    -2.702738968641E+03));
#1362 = CARTESIAN_POINT('',(160.52135035186,806.99532395328,
    -2.703216738973E+03));
#1363 = CARTESIAN_POINT('',(18.79177621898,835.83699151575,
    -2.702321057918E+03));
#1364 = CARTESIAN_POINT('',(160.58623029319,807.32149744458,
    -2.702796295192E+03));
#1365 = CARTESIAN_POINT('',(19.181092154976,836.10287848975,
    -2.7019056432E+03));
#1366 = CARTESIAN_POINT('',(160.65178799259,807.6510782558,
    -2.702378642371E+03));
#1367 = CARTESIAN_POINT('',(19.572853036524,836.37197234282,
    -2.701492743628E+03));
#1368 = CARTESIAN_POINT('',(160.7842489211,808.31700431285,
    -2.701548981205E+03));
#1369 = CARTESIAN_POINT('',(20.361119514907,836.91658427961,
    -2.700672012681E+03));
#1370 = CARTESIAN_POINT('',(160.8511521502,808.65334955866,
    -2.701136972861E+03));
#1371 = CARTESIAN_POINT('',(20.757261743046,837.19160569149,
    -2.700264841978E+03));
#1372 = CARTESIAN_POINT('',(160.91872315093,808.99305191914,
    -2.700727818033E+03));
#1373 = CARTESIAN_POINT('',(21.155330041251,837.46934287574,
    -2.699860873185E+03));
#1374 = CARTESIAN_POINT('',(160.98695686918,809.3360859856,
    -2.700321547744E+03));
#1375 = CARTESIAN_POINT('',(21.555240922841,837.74979579766,
    -2.699460113075E+03));
#1376 = CARTESIAN_POINT('',(161.05584819053,809.68242604608,
    -2.699918192759E+03));
#1377 = CARTESIAN_POINT('',(21.956910332286,838.03296402631,
    -2.699062567892E+03));
#1378 = CARTESIAN_POINT('',(161.12539194078,810.03204608816,
    -2.699517783578E+03));
#1379 = CARTESIAN_POINT('',(22.360253647186,838.31884679529,
    -2.698668243665E+03));
#1380 = CARTESIAN_POINT('',(161.19558288655,810.38491980181,
    -2.699120350438E+03));
#1381 = CARTESIAN_POINT('',(22.765185675205,838.60744291112,
    -2.698277145718E+03));
#1382 = CARTESIAN_POINT('',(161.26641573581,810.74102058224,
    -2.698725923304E+03));
#1383 = CARTESIAN_POINT('',(23.171620658049,838.89875086805,
    -2.6978892793E+03));
#1384 = CARTESIAN_POINT('',(161.33788513851,811.10032153292,
    -2.698334531872E+03));
#1385 = CARTESIAN_POINT('',(23.579472267107,839.19276872679,
    -2.697504648911E+03));
#1386 = CARTESIAN_POINT('',(161.40998568715,811.46279546849,
    -2.69794620556E+03));
#1387 = CARTESIAN_POINT('',(23.988653607492,839.48949422316,
    -2.697123258904E+03));
#1388 = CARTESIAN_POINT('',(161.48271191738,811.82841491782,
    -2.697560973508E+03));
#1389 = CARTESIAN_POINT('',(24.399077214883,839.7889246855,
    -2.696745113036E+03));
#1390 = CARTESIAN_POINT('',(161.55605830861,812.19715212705,
    -2.697178864573E+03));
#1391 = CARTESIAN_POINT('',(24.810655057585,840.09105708764,
    -2.696370214746E+03));
#1392 = CARTESIAN_POINT('',(161.70398026066,812.94080599834,
    -2.696420950081E+03));
#1393 = CARTESIAN_POINT('',(25.635942013274,840.70071895357,
    -2.695626919284E+03));
#1394 = CARTESIAN_POINT('',(161.77855582148,813.31572266041,
    -2.696045144524E+03));
#1395 = CARTESIAN_POINT('',(26.049676117735,841.00827396742,
    -2.695258493097E+03));
#1396 = CARTESIAN_POINT('',(161.85374039089,813.69370101541,
    -2.695672519229E+03));
#1397 = CARTESIAN_POINT('',(26.46443758249,841.31855709697,
    -2.694893298244E+03));
#1398 = CARTESIAN_POINT('',(161.92952833707,814.07471275026,
    -2.695303102482E+03));
#1399 = CARTESIAN_POINT('',(26.880162831828,841.63157202333,
    -2.694531344135E+03));
#1400 = CARTESIAN_POINT('',(162.00591397318,814.45872927533,
    -2.694936922282E+03));
#1401 = CARTESIAN_POINT('',(27.296787979728,841.94732203046,
    -2.694172639669E+03));
#1402 = CARTESIAN_POINT('',(162.08289155803,814.84572172763,
    -2.694574006336E+03));
#1403 = CARTESIAN_POINT('',(27.71424883149,842.26581008355,
    -2.693817193475E+03));
#1404 = CARTESIAN_POINT('',(162.16045529665,815.23566097395,
    -2.694214382055E+03));
#1405 = CARTESIAN_POINT('',(28.132480881358,842.58703871381,
    -2.693465013545E+03));
#1406 = CARTESIAN_POINT('',(162.23859934098,815.62851761411,
    -2.693858076554E+03));
#1407 = CARTESIAN_POINT('',(28.551419315431,842.91101015962,
    -2.6931161077E+03));
#1408 = CARTESIAN_POINT('',(162.31731779052,816.02426198422,
    -2.693505116647E+03));
#1409 = CARTESIAN_POINT('',(28.970999008627,843.23772622058,
    -2.692770483091E+03));
#1410 = CARTESIAN_POINT('',(162.39660469293,816.42286415992,
    -2.693155528844E+03));
#1411 = CARTESIAN_POINT('',(29.3911545274,843.56718838566,
    -2.692428146654E+03));
#1412 = CARTESIAN_POINT('',(162.47645404476,816.82429395978,
    -2.692809339349E+03));
#1413 = CARTESIAN_POINT('',(29.811820127648,843.89939773748,
    -2.692089104757E+03));
#1414 = CARTESIAN_POINT('',(162.55685979206,817.22852094862,
    -2.692466574056E+03));
#1415 = CARTESIAN_POINT('',(30.232929756097,844.234355013,
    -2.691753363431E+03));
#1416 = CARTESIAN_POINT('',(162.67829385065,817.83901118704,
    -2.691957600791E+03));
#1417 = CARTESIAN_POINT('',(30.865160696229,844.7409133501,
    -2.69125471065E+03));
#1418 = CARTESIAN_POINT('',(162.71890944312,818.04319955905,
    -2.691788805482E+03));
#1419 = CARTESIAN_POINT('',(31.07600175305,844.91045346993,
    -2.691089322146E+03));
#1420 = CARTESIAN_POINT('',(162.75966184556,818.24807572122,
    -2.691620875817E+03));
#1421 = CARTESIAN_POINT('',(31.286933177812,845.08068092743,
    -2.690924764378E+03));
#1422 = CARTESIAN_POINT('',(162.80055029189,818.45363582223,
    -2.691453814974E+03));
#1423 = CARTESIAN_POINT('',(31.497947928913,845.2515957364,
    -2.690761039035E+03));
#1424 = CARTESIAN_POINT('',(162.84157401294,818.6598759952,
    -2.691287626111E+03));
#1425 = CARTESIAN_POINT('',(31.709038963503,845.42319787389,
    -2.690598147712E+03));
#1426 = CARTESIAN_POINT('',(162.88273223648,818.86679235781,
    -2.691122312368E+03));
#1427 = CARTESIAN_POINT('',(31.920199240868,845.59548737889,
    -2.690436092165E+03));
#1428 = CARTESIAN_POINT('',(162.92402418721,819.07438101244,
    -2.690957876863E+03));
#1429 = CARTESIAN_POINT('',(32.131421717337,845.76846420618,
    -2.690274873931E+03));
#1430 = CARTESIAN_POINT('',(162.96544908682,819.28263804622,
    -2.690794322696E+03));
#1431 = CARTESIAN_POINT('',(32.342699352611,845.94212840469,
    -2.690114494789E+03));
#1432 = CARTESIAN_POINT('',(163.00700615399,819.49155953119,
    -2.690631652946E+03));
#1433 = CARTESIAN_POINT('',(32.554025103194,846.11647993593,
    -2.689954956297E+03));
#1434 = CARTESIAN_POINT('',(163.04869460442,819.70114152439,
    -2.690469870673E+03));
#1435 = CARTESIAN_POINT('',(32.765391928118,846.29151882903,
    -2.689796260181E+03));
#1436 = CARTESIAN_POINT('',(163.09051365084,819.91138006796,
    -2.690308978916E+03));
#1437 = CARTESIAN_POINT('',(32.976792784755,846.46724506972,
    -2.68963840806E+03));
#1438 = CARTESIAN_POINT('',(163.13246250303,820.12227118926,
    -2.690148980694E+03));
#1439 = CARTESIAN_POINT('',(33.188220631368,846.64365866652,
    -2.68948140161E+03));
#1440 = CARTESIAN_POINT('',(163.21661823274,820.5453506127,
    -2.689830777316E+03));
#1441 = CARTESIAN_POINT('',(33.611116220319,846.99786057046,
    -2.689169083356E+03));
#1442 = CARTESIAN_POINT('',(163.25882511025,820.75753891485,
    -2.689672572161E+03));
#1443 = CARTESIAN_POINT('',(33.822611328418,847.17568122515,
    -2.689013748433E+03));
#1444 = CARTESIAN_POINT('',(163.30116020729,820.9703718201,
    -2.689515266538E+03));
#1445 = CARTESIAN_POINT('',(34.034137087799,847.35420939024,
    -2.688859248434E+03));
#1446 = CARTESIAN_POINT('',(163.34362272782,821.18384532649,
    -2.689358863425E+03));
#1447 = CARTESIAN_POINT('',(34.245676835927,847.53343286907,
    -2.688705594064E+03));
#1448 = CARTESIAN_POINT('',(163.3862118729,821.39795541746,
    -2.689203365782E+03));
#1449 = CARTESIAN_POINT('',(34.457213910838,847.7133394781,
    -2.688552796067E+03));
#1450 = CARTESIAN_POINT('',(163.4289268407,821.61269806204,
    -2.689048776544E+03));
#1451 = CARTESIAN_POINT('',(34.66873164935,847.89391700525,
    -2.68840086511E+03));
#1452 = CARTESIAN_POINT('',(163.47176682658,821.82806921488,
    -2.688895098631E+03));
#1453 = CARTESIAN_POINT('',(34.880213390291,848.07515328626,
    -2.688249811982E+03));
#1454 = CARTESIAN_POINT('',(163.51473102303,822.04406481643,
    -2.688742334937E+03));
#1455 = CARTESIAN_POINT('',(35.09164246985,848.25703609334,
    -2.688099647317E+03));
#1456 = CARTESIAN_POINT('',(163.55781861975,822.26068079302,
    -2.688590488339E+03));
#1457 = CARTESIAN_POINT('',(35.303002227012,848.43955326666,
    -2.687950381907E+03));
#1458 = CARTESIAN_POINT('',(163.60102880364,822.47791305698,
    -2.688439561692E+03));
#1459 = CARTESIAN_POINT('',(35.514275998355,848.62269258739,
    -2.687802026414E+03));
#1460 = CARTESIAN_POINT('',(163.64436075887,822.69575750675,
    -2.688289557829E+03));
#1461 = CARTESIAN_POINT('',(35.725447122141,848.80644187828,
    -2.687654591587E+03));
#1462 = CARTESIAN_POINT('',(163.68781366683,822.91421002699,
    -2.688140479566E+03));
#1463 = CARTESIAN_POINT('',(35.936498935684,848.99078893856,
    -2.687508088128E+03));
#1464 = CARTESIAN_POINT('',(163.90567886379,824.00949233563,
    -2.687399730199E+03));
#1465 = CARTESIAN_POINT('',(36.991078140839,849.91545213474,
    -2.686780281278E+03));
#1466 = CARTESIAN_POINT('',(164.08189312424,824.89538124626,
    -2.686821984956E+03));
#1467 = CARTESIAN_POINT('',(37.832585396465,850.66459033173,
    -2.686213005068E+03));
#1468 = CARTESIAN_POINT('',(164.25997692386,825.79066896504,
    -2.686259272667E+03));
#1469 = CARTESIAN_POINT('',(38.671521018672,851.423077196,
    -2.685660710317E+03));
#1470 = CARTESIAN_POINT('',(164.4398770034,826.69508773951,
    -2.685711766663E+03));
#1471 = CARTESIAN_POINT('',(39.507554481102,852.1908611971,
    -2.685123553748E+03));
#1472 = CARTESIAN_POINT('',(164.62153943128,827.60836643743,
    -2.685179634821E+03));
#1473 = CARTESIAN_POINT('',(40.340302680607,852.9678827067,
    -2.684601599127E+03));
#1474 = CARTESIAN_POINT('',(164.80490962732,828.53023066567,
    -2.684663039484E+03));
#1475 = CARTESIAN_POINT('',(41.169340753672,853.75407112152,
    -2.684094827113E+03));
#1476 = CARTESIAN_POINT('',(164.98993238675,829.46040289108,
    -2.684162137397E+03));
#1477 = CARTESIAN_POINT('',(41.994261782464,854.54934824953,
    -2.683603231021E+03));
#1478 = CARTESIAN_POINT('',(165.17655190456,830.39860256296,
    -2.68367707963E+03));
#1479 = CARTESIAN_POINT('',(42.814719904826,855.35363253153,
    -2.683126888636E+03));
#1480 = CARTESIAN_POINT('',(165.36471180023,831.34454623731,
    -2.683208011514E+03));
#1481 = CARTESIAN_POINT('',(43.630425461756,856.16684167914,
    -2.682665959334E+03));
#1482 = CARTESIAN_POINT('',(165.55435514273,832.29794770248,
    -2.682755072577E+03));
#1483 = CARTESIAN_POINT('',(44.441094810929,856.98889185969,
    -2.682220605824E+03));
#1484 = CARTESIAN_POINT('',(165.74542447581,833.25851810644,
    -2.682318396486E+03));
#1485 = CARTESIAN_POINT('',(45.246391559133,857.81969466799,
    -2.681790899177E+03));
#1486 = CARTESIAN_POINT('',(165.93786184362,834.22596608535,
    -2.681898110987E+03));
#1487 = CARTESIAN_POINT('',(46.045929974646,858.65915393137,
    -2.681376816983E+03));
#1488 = CARTESIAN_POINT('',(166.22848230287,835.68701379739,
    -2.681292451282E+03));
#1489 = CARTESIAN_POINT('',(47.236203170732,859.93117352042,
    -2.680779344252E+03));
#1490 = CARTESIAN_POINT('',(166.32568319055,836.17567565869,
    -2.681094692805E+03));
#1491 = CARTESIAN_POINT('',(47.631453726529,860.35731745005,
    -2.680584124074E+03));
#1492 = CARTESIAN_POINT('',(166.42320417578,836.66594675904,
    -2.680901077639E+03));
#1493 = CARTESIAN_POINT('',(48.025160027391,860.78558815061,
    -2.680392857487E+03));
#1494 = CARTESIAN_POINT('',(166.52103792524,837.15779023134,
    -2.680711620634E+03));
#1495 = CARTESIAN_POINT('',(48.417285259153,861.21597470875,
    -2.680205560111E+03));
#1496 = CARTESIAN_POINT('',(166.61917707679,837.65116906369,
    -2.680526336263E+03));
#1497 = CARTESIAN_POINT('',(48.807792873439,861.6484659506,
    -2.680022247019E+03));
#1498 = CARTESIAN_POINT('',(166.71761424033,838.14604610344,
    -2.680345238621E+03));
#1499 = CARTESIAN_POINT('',(49.196646584945,862.08305039091,
    -2.679842932669E+03));
#1500 = CARTESIAN_POINT('',(166.81634199855,838.64238406129,
    -2.680168341426E+03));
#1501 = CARTESIAN_POINT('',(49.583810376168,862.51971632035,
    -2.679667631035E+03));
#1502 = CARTESIAN_POINT('',(166.91535290778,839.14014551544,
    -2.679995658018E+03));
#1503 = CARTESIAN_POINT('',(49.969248490727,862.95845168337,
    -2.679496355415E+03));
#1504 = CARTESIAN_POINT('',(167.01463949884,839.6392929157,
    -2.679827201352E+03));
#1505 = CARTESIAN_POINT('',(50.352925441097,863.39924421891,
    -2.679329118656E+03));
#1506 = CARTESIAN_POINT('',(167.11419427781,840.13978858765,
    -2.679662984004E+03));
#1507 = CARTESIAN_POINT('',(50.734806001212,863.84208132599,
    -2.679165932936E+03));
#1508 = CARTESIAN_POINT('',(167.2140097269,840.64159473678,
    -2.679503018162E+03));
#1509 = CARTESIAN_POINT('',(51.114855212328,864.28695017051,
    -2.679006809941E+03));
#1510 = CARTESIAN_POINT('',(167.31407830527,841.14467345273,
    -2.679347315633E+03));
#1511 = CARTESIAN_POINT('',(51.49303837918,864.7338376148,
    -2.678851760745E+03));
#1512 = CARTESIAN_POINT('',(167.46454952215,841.90114334379,
    -2.679120173933E+03));
#1513 = CARTESIAN_POINT('',(52.057462418477,865.40717657635,
    -2.678625313445E+03));
#1514 = CARTESIAN_POINT('',(167.514767986,842.15360861034,
    -2.679045528716E+03));
#1515 = CARTESIAN_POINT('',(52.245113202619,865.63210548969,
    -2.678550863144E+03));
#1516 = CARTESIAN_POINT('',(167.56504689602,842.40637776032,
    -2.678971953608E+03));
#1517 = CARTESIAN_POINT('',(52.432260388978,865.85750199416,
    -2.678477449501E+03));
#1518 = CARTESIAN_POINT('',(167.61538530545,842.65944603399,
    -2.678899450013E+03));
#1519 = CARTESIAN_POINT('',(52.618890941314,866.08335107361,
    -2.678405076981E+03));
#1520 = CARTESIAN_POINT('',(167.66578226614,842.91280866478,
    -2.67882801931E+03));
#1521 = CARTESIAN_POINT('',(52.804991825198,866.30963774671,
    -2.678333750194E+03));
#1522 = CARTESIAN_POINT('',(167.71623682864,843.16646087937,
    -2.678757662853E+03));
#1523 = CARTESIAN_POINT('',(52.990550002778,866.53634696648,
    -2.678263473481E+03));
#1524 = CARTESIAN_POINT('',(167.76674804216,843.42039789788,
    -2.678688381972E+03));
#1525 = CARTESIAN_POINT('',(53.175552441397,866.76346378578,
    -2.678194251586E+03));
#1526 = CARTESIAN_POINT('',(167.81731495463,843.67461493397,
    -2.678620177975E+03));
#1527 = CARTESIAN_POINT('',(53.359986101972,866.99097313325,
    -2.678126088757E+03));
#1528 = CARTESIAN_POINT('',(167.86793661275,843.92910719497,
    -2.678553052141E+03));
#1529 = CARTESIAN_POINT('',(53.543837951947,867.21886006474,
    -2.678058989749E+03));
#1530 = CARTESIAN_POINT('',(167.91861206195,844.18386988203,
    -2.678487005729E+03));
#1531 = CARTESIAN_POINT('',(53.727094953316,867.4471095289,
    -2.677992958886E+03));
#1532 = CARTESIAN_POINT('',(167.96934034649,844.43889819024,
    -2.678422039971E+03));
#1533 = CARTESIAN_POINT('',(53.909744071787,867.67570654811,
    -2.677928000793E+03));
#1534 = CARTESIAN_POINT('',(168.02012050942,844.69418730876,
    -2.678358156076E+03));
#1535 = CARTESIAN_POINT('',(54.091772271047,867.90463610428,
    -2.677864119927E+03));
#1536 = CARTESIAN_POINT('',(168.22344484239,845.71636775763,
    -2.678106952683E+03));
#1537 = CARTESIAN_POINT('',(54.817349249313,868.82162447151,
    -2.677612923481E+03));
#1538 = CARTESIAN_POINT('',(168.37639637492,846.4853070375,
    -2.677928297557E+03));
#1539 = CARTESIAN_POINT('',(55.356078810733,869.51256354575,
    -2.677434144938E+03));
#1540 = CARTESIAN_POINT('',(168.52978032193,847.25642021175,
    -2.677759421815E+03));
#1541 = CARTESIAN_POINT('',(55.889254175477,870.20663122338,
    -2.677264993425E+03));
#1542 = CARTESIAN_POINT('',(168.68357072178,848.02957676245,
    -2.677600355437E+03));
#1543 = CARTESIAN_POINT('',(56.416777188968,870.90375688341,
    -2.677105473595E+03));
#1544 = CARTESIAN_POINT('',(168.83774152599,848.80464573497,
    -2.677451126411E+03));
#1545 = CARTESIAN_POINT('',(56.93855199304,871.6038693311,
    -2.676955589971E+03));
#1546 = CARTESIAN_POINT('',(168.99226660563,849.58149577039,
    -2.677311760724E+03));
#1547 = CARTESIAN_POINT('',(57.454484635249,872.30689773776,
    -2.676815349848E+03));
#1548 = CARTESIAN_POINT('',(169.14711975787,850.35999513811,
    -2.677182282359E+03));
#1549 = CARTESIAN_POINT('',(57.964482809151,873.01277166608,
    -2.676684763786E+03));
#1550 = CARTESIAN_POINT('',(169.30227471243,851.14001176859,
    -2.677062713284E+03));
#1551 = CARTESIAN_POINT('',(58.468455802075,873.72142166869,
    -2.676563846437E+03));
#1552 = CARTESIAN_POINT('',(169.45770513817,851.92141328614,
    -2.676953073451E+03));
#1553 = CARTESIAN_POINT('',(58.966314555427,874.43277860651,
    -2.676452614333E+03));
#1554 = CARTESIAN_POINT('',(169.61338464956,852.70406704189,
    -2.676853380785E+03));
#1555 = CARTESIAN_POINT('',(59.45797193729,875.14677364209,
    -2.676351084125E+03));
#1556 = CARTESIAN_POINT('',(169.76928681334,853.48784014676,
    -2.676763651187E+03));
#1557 = CARTESIAN_POINT('',(59.943343138227,875.86333715513,
    -2.676259268219E+03));
#1558 = CARTESIAN_POINT('',(169.92538515502,854.27259950457,
    -2.676683898525E+03));
#1559 = CARTESIAN_POINT('',(60.422346257908,876.58239791462,
    -2.676177170069E+03));
#1560 = CARTESIAN_POINT('',(170.18583183921,855.58195340559,
    -2.676567625374E+03));
#1561 = CARTESIAN_POINT('',(61.209940893344,877.78487080684,
    -2.676056516151E+03));
#1562 = CARTESIAN_POINT('',(170.29008592126,856.10607406947,
    -2.676525555568E+03));
#1563 = CARTESIAN_POINT('',(61.522114803152,878.26693645063,
    -2.676012569827E+03));
#1564 = CARTESIAN_POINT('',(170.39440755713,856.63053434936,
    -2.676487928721E+03));
#1565 = CARTESIAN_POINT('',(61.831399381591,878.75005962878,
    -2.675972947046E+03));
#1566 = CARTESIAN_POINT('',(170.49878888545,857.15529472347,
    -2.67645474794E+03));
#1567 = CARTESIAN_POINT('',(62.137769735669,879.23422132159,
    -2.675937655468E+03));
#1568 = CARTESIAN_POINT('',(170.60322203887,857.68031563997,
    -2.676426015925E+03));
#1569 = CARTESIAN_POINT('',(62.441201467437,879.71940247306,
    -2.675906702223E+03));
#1570 = CARTESIAN_POINT('',(170.70769914496,858.20555752145,
    -2.676401734978E+03));
#1571 = CARTESIAN_POINT('',(62.741670671245,880.20558391879,
    -2.675880093662E+03));
#1572 = CARTESIAN_POINT('',(170.81221232705,858.7309807692,
    -2.676381906996E+03));
#1573 = CARTESIAN_POINT('',(63.03915393906,880.69274651527,
    -2.67585783579E+03));
#1574 = CARTESIAN_POINT('',(170.91675370511,859.25654576769,
    -2.676366533472E+03));
#1575 = CARTESIAN_POINT('',(63.333628352424,881.18087095448,
    -2.67583993366E+03));
#1576 = CARTESIAN_POINT('',(171.02131539664,859.78221288885,
    -2.676355615497E+03));
#1577 = CARTESIAN_POINT('',(63.625071492227,881.66993798056,
    -2.675826392067E+03));
#1578 = CARTESIAN_POINT('',(171.1258895175,860.30794249654,
    -2.676349153759E+03));
#1579 = CARTESIAN_POINT('',(63.913461429026,882.15992818162,
    -2.675817214893E+03));
#1580 = CARTESIAN_POINT('',(171.23046818286,860.8336949509,
    -2.676347148542E+03));
#1581 = CARTESIAN_POINT('',(64.198776730901,882.65082215446,
    -2.675812405618E+03));
#1582 = CARTESIAN_POINT('',(171.33504350797,861.35943061273,
    -2.676349599727E+03));
#1583 = CARTESIAN_POINT('',(64.480996458252,883.14260039801,
    -2.675811966993E+03));
#1584 = CARTESIAN_POINT('',(171.54417171026,862.41078908306,
    -2.676363413855E+03));
#1585 = CARTESIAN_POINT('',(65.039203874881,884.127886339,
    -2.675819835419E+03));
#1586 = CARTESIAN_POINT('',(171.64872458745,862.93641189156,
    -2.676374776798E+03));
#1587 = CARTESIAN_POINT('',(65.314983940028,884.62102024878,
    -2.675828155007E+03));
#1588 = CARTESIAN_POINT('',(171.75325835696,863.46193863927,
    -2.676390595098E+03));
#1589 = CARTESIAN_POINT('',(65.586931332384,885.11368597366,
    -2.675840837145E+03));
#1590 = CARTESIAN_POINT('',(171.85776513607,863.98732969711,
    -2.67641086783E+03));
#1591 = CARTESIAN_POINT('',(65.857313401067,885.61013441042,
    -2.675857908629E+03));
#1592 = CARTESIAN_POINT('',(171.96223704396,864.51254544546,
    -2.676435593663E+03));
#1593 = CARTESIAN_POINT('',(66.118639624993,886.0963136578,
    -2.67587923965E+03));
#1594 = CARTESIAN_POINT('',(172.06666620255,865.03754627853,
    -2.676464770867E+03));
#1595 = CARTESIAN_POINT('',(66.387392897028,886.60310048287,
    -2.67590502603E+03));
#1596 = CARTESIAN_POINT('',(172.17104473737,865.56229260878,
    -2.676498397306E+03));
#1597 = CARTESIAN_POINT('',(66.637294620224,887.08130331914,
    -2.675935001318E+03));
#1598 = CARTESIAN_POINT('',(172.27536477848,866.08674487126,
    -2.676536470442E+03));
#1599 = CARTESIAN_POINT('',(66.897997987648,887.58634230672,
    -2.67596931464E+03));
#1600 = CARTESIAN_POINT('',(172.37961846129,866.61086352805,
    -2.676578987336E+03));
#1601 = CARTESIAN_POINT('',(67.145679684879,888.07374543863,
    -2.676007927156E+03));
#1602 = CARTESIAN_POINT('',(172.48379792746,867.1346090726,
    -2.676625944646E+03));
#1603 = CARTESIAN_POINT('',(67.394124637956,888.569197862,
    -2.67605078106E+03));
#1604 = CARTESIAN_POINT('',(172.58789532577,867.65794203414,
    -2.676677338629E+03));
#1605 = CARTESIAN_POINT('',(67.637570505641,889.06196546687,
    -2.676097904133E+03));
#1606 = CARTESIAN_POINT('',(172.69190281297,868.18082298205,
    -2.676733165139E+03));
#1607 = CARTESIAN_POINT('',(67.877681229535,889.55513165044,
    -2.676149262416E+03));
#1608 = CARTESIAN_POINT('',(173.00363203814,869.7479916266,
    -2.67691392862E+03));
#1609 = CARTESIAN_POINT('',(68.587058495065,891.03403235288,
    -2.676316011195E+03));
#1610 = CARTESIAN_POINT('',(173.21106053966,870.79080512405,
    -2.677052149539E+03));
#1611 = CARTESIAN_POINT('',(69.045482466915,892.01937565542,
    -2.676444068971E+03));
#1612 = CARTESIAN_POINT('',(173.41803538418,871.83133793378,
    -2.677208046032E+03));
#1613 = CARTESIAN_POINT('',(69.489368505624,893.00392996563,
    -2.676588872356E+03));
#1614 = CARTESIAN_POINT('',(173.62449403835,872.86927567939,
    -2.677381575332E+03));
#1615 = CARTESIAN_POINT('',(69.918605105063,893.98750527787,
    -2.676750413969E+03));
#1616 = CARTESIAN_POINT('',(173.83037413835,873.90430483677,
    -2.67757268828E+03));
#1617 = CARTESIAN_POINT('',(70.333125422548,894.96991166462,
    -2.676928606087E+03));
#1618 = CARTESIAN_POINT('',(174.03561351768,874.93611287383,
    -2.677781329352E+03));
#1619 = CARTESIAN_POINT('',(70.7329074432,895.95095906626,
    -2.677123282788E+03));
#1620 = CARTESIAN_POINT('',(174.24015023489,875.96438838983,
    -2.678007436681E+03));
#1621 = CARTESIAN_POINT('',(71.117933232775,896.93046015015,
    -2.677334281475E+03));
#1622 = CARTESIAN_POINT('',(174.44392260116,876.98882125419,
    -2.678250942085E+03));
#1623 = CARTESIAN_POINT('',(71.488155279641,897.90823304166,
    -2.677561509003E+03));
#1624 = CARTESIAN_POINT('',(174.64686920786,878.00910274483,
    -2.678511771103E+03));
#1625 = CARTESIAN_POINT('',(71.843494367177,898.88410184512,
    -2.677804944056E+03));
#1626 = CARTESIAN_POINT('',(174.84892895389,879.02492568581,
    -2.678789843034E+03));
#1627 = CARTESIAN_POINT('',(72.183870102572,899.85789500769,
    -2.678064574851E+03));
#1628 = CARTESIAN_POINT('',(175.05004107295,880.03598458434,
    -2.679085070977E+03));
#1629 = CARTESIAN_POINT('',(72.509241649259,900.82944262493,
    -2.678340317626E+03));
#1630 = CARTESIAN_POINT('',(175.25014516063,881.04197576684,
    -2.679397361876E+03));
#1631 = CARTESIAN_POINT('',(72.819612876241,901.7985758275,
    -2.678632008684E+03));
#1632 = CARTESIAN_POINT('',(175.44918120124,882.04259751419,
    -2.679726616574E+03));
#1633 = CARTESIAN_POINT('',(73.114932607996,902.76513265334,
    -2.678939609368E+03));
#1634 = ADVANCED_FACE('',(#1635),#1725,.F.);
#1635 = FACE_BOUND('',#1636,.T.);
#1636 = EDGE_LOOP('',(#1637,#1712,#1713,#1724));
#1637 = ORIENTED_EDGE('',*,*,#1638,.T.);
#1638 = EDGE_CURVE('',#46,#1199,#1639,.T.);
#1639 = B_SPLINE_CURVE_WITH_KNOTS('',8,(#1640,#1641,#1642,#1643,#1644,
    #1645,#1646,#1647,#1648,#1649,#1650,#1651,#1652,#1653,#1654,#1655,
    #1656,#1657,#1658,#1659,#1660,#1661,#1662,#1663,#1664,#1665,#1666,
    #1667,#1668,#1669,#1670,#1671,#1672,#1673,#1674,#1675,#1676,#1677,
    #1678,#1679,#1680,#1681,#1682,#1683,#1684,#1685,#1686,#1687,#1688,
    #1689,#1690,#1691,#1692,#1693,#1694,#1695,#1696,#1697,#1698,#1699,
    #1700,#1701,#1702,#1703,#1704,#1705,#1706,#1707,#1708,#1709,#1710,
    #1711),.UNSPECIFIED.,.F.,.F.,(9,7,7,7,7,7,7,7,7,7,9),(0.,
    6.712930277916E-02,0.174743186251,0.281797362761,0.350344804436,
    0.459456395512,0.571028564916,0.674041451316,0.75713298936,
    0.879793865733,1.),.UNSPECIFIED.);
#1640 = CARTESIAN_POINT('',(1.364789813486,960.21565951257,
    -2.773852357334E+03));
#1641 = CARTESIAN_POINT('',(1.454404019612,960.59660818583,
    -2.772942019451E+03));
#1642 = CARTESIAN_POINT('',(1.536909073186,960.96407852351,
    -2.772025345138E+03));
#1643 = CARTESIAN_POINT('',(1.612280853084,961.31795726316,
    -2.771102629742E+03));
#1644 = CARTESIAN_POINT('',(1.680497053279,961.65813439789,
    -2.770174171101E+03));
#1645 = CARTESIAN_POINT('',(1.74153718284,961.98450317633,
    -2.76924026954E+03));
#1646 = CARTESIAN_POINT('',(1.795382565932,962.29696010268,
    -2.768301227875E+03));
#1647 = CARTESIAN_POINT('',(1.842016341817,962.59540493663,
    -2.767357351409E+03));
#1648 = CARTESIAN_POINT('',(1.944596376991,963.33555467836,
    -2.764888577896E+03));
#1649 = CARTESIAN_POINT('',(1.989128042973,963.75465983697,
    -2.763358004928E+03));
#1650 = CARTESIAN_POINT('',(2.014850628677,964.13676121643,
    -2.761816970372E+03));
#1651 = CARTESIAN_POINT('',(2.022291667268,964.48286740135,
    -2.760265904882E+03));
#1652 = CARTESIAN_POINT('',(2.011151925226,964.79233474915,
    -2.758704899842E+03));
#1653 = CARTESIAN_POINT('',(1.981067432082,965.06437106873,
    -2.757134110046E+03));
#1654 = CARTESIAN_POINT('',(1.93240245051,965.29958467907,
    -2.755554246265E+03));
#1655 = CARTESIAN_POINT('',(1.797589376214,965.69371726301,
    -2.752385647916E+03));
#1656 = CARTESIAN_POINT('',(1.711951893379,965.8527089838,
    -2.750801569214E+03));
#1657 = CARTESIAN_POINT('',(1.607678010667,965.97337777619,
    -2.749214908187E+03));
#1658 = CARTESIAN_POINT('',(1.485315628006,966.05660762303,
    -2.747626879427E+03));
#1659 = CARTESIAN_POINT('',(1.344909231216,966.10219854194,
    -2.746038856597E+03));
#1660 = CARTESIAN_POINT('',(1.18634652277,966.10963387703,
    -2.744452164762E+03));
#1661 = CARTESIAN_POINT('',(1.009965748108,966.07938112416,
    -2.742867920795E+03));
#1662 = CARTESIAN_POINT('',(0.691895659763,965.96846573912,
    -2.740275464997E+03));
#1663 = CARTESIAN_POINT('',(0.560525143719,965.90980159071,
    -2.739265025925E+03));
#1664 = CARTESIAN_POINT('',(0.421988464614,965.83579043168,
    -2.738256460077E+03));
#1665 = CARTESIAN_POINT('',(0.276336710332,965.7464698026,
    -2.7372500913E+03));
#1666 = CARTESIAN_POINT('',(0.123628807948,965.64189432,
    -2.736246240041E+03));
#1667 = CARTESIAN_POINT('',(-3.606847627087E-02,965.52213567644,
    -2.735245223348E+03));
#1668 = CARTESIAN_POINT('',(-0.202680536865,965.38728264046,
    -2.734247354873E+03));
#1669 = CARTESIAN_POINT('',(-0.652208078993,964.99892809067,
    -2.731670075316E+03));
#1670 = CARTESIAN_POINT('',(-0.945579191489,964.72250029057,
    -2.730095905467E+03));
#1671 = CARTESIAN_POINT('',(-1.256172557882,964.40798376987,
    -2.728531894245E+03));
#1672 = CARTESIAN_POINT('',(-1.583372959134,964.05647126872,
    -2.726978935609E+03));
#1673 = CARTESIAN_POINT('',(-1.926963018305,963.668128365,
    -2.725438380093E+03));
#1674 = CARTESIAN_POINT('',(-2.28679624769,963.24297411091,
    -2.723911571936E+03));
#1675 = CARTESIAN_POINT('',(-2.662336738155,962.78195021139,
    -2.722399337556E+03));
#1676 = CARTESIAN_POINT('',(-3.452890650803,961.77804214289,
    -2.719372637508E+03));
#1677 = CARTESIAN_POINT('',(-3.868594495781,961.23356749369,
    -2.717858877219E+03));
#1678 = CARTESIAN_POINT('',(-4.300043462492,960.65247940088,
    -2.716362809987E+03));
#1679 = CARTESIAN_POINT('',(-4.74674393895,960.03558882112,
    -2.714885461736E+03));
#1680 = CARTESIAN_POINT('',(-5.20820544018,959.38370470268,
    -2.713427837207E+03));
#1681 = CARTESIAN_POINT('',(-5.684023879873,958.69744657049,
    -2.711990984338E+03));
#1682 = CARTESIAN_POINT('',(-6.173825885246,957.97737217373,
    -2.710575940323E+03));
#1683 = CARTESIAN_POINT('',(-7.141715625552,956.5292310912,
    -2.70789799524E+03));
#1684 = CARTESIAN_POINT('',(-7.617999200868,955.80571187924,
    -2.706631414745E+03));
#1685 = CARTESIAN_POINT('',(-8.10574185379,955.05417126194,
    -2.705384160736E+03));
#1686 = CARTESIAN_POINT('',(-8.604805581355,954.27483908797,
    -2.704156505382E+03));
#1687 = CARTESIAN_POINT('',(-9.115039205035,953.46797193647,
    -2.702948724387E+03));
#1688 = CARTESIAN_POINT('',(-9.636270729577,952.63385817769,
    -2.701761148017E+03));
#1689 = CARTESIAN_POINT('',(-10.16835026055,951.77272251061,
    -2.700594188984E+03));
#1690 = CARTESIAN_POINT('',(-11.14914823433,950.16810229319,
    -2.698524096195E+03));
#1691 = CARTESIAN_POINT('',(-11.59322812669,949.43549957134,
    -2.69761530232E+03));
#1692 = CARTESIAN_POINT('',(-12.04328471079,948.68706745433,
    -2.696722285962E+03));
#1693 = CARTESIAN_POINT('',(-12.49912029637,947.92315178625,
    -2.695845359198E+03));
#1694 = CARTESIAN_POINT('',(-12.96053794972,947.14409861295,
    -2.694984825755E+03));
#1695 = CARTESIAN_POINT('',(-13.42734149377,946.35025418196,
    -2.694140981006E+03));
#1696 = CARTESIAN_POINT('',(-13.89933550801,945.54196494256,
    -2.693314111977E+03));
#1697 = CARTESIAN_POINT('',(-15.08046429124,943.50555790926,
    -2.691309333028E+03));
#1698 = CARTESIAN_POINT('',(-15.79553680906,942.26069121599,
    -2.690151895951E+03));
#1699 = CARTESIAN_POINT('',(-16.5207157093,940.98659747997,
    -2.689032680491E+03));
#1700 = CARTESIAN_POINT('',(-17.25583982396,939.68317361099,
    -2.687953747639E+03));
#1701 = CARTESIAN_POINT('',(-17.99958423329,938.3534422424,
    -2.686913882158E+03));
#1702 = CARTESIAN_POINT('',(-18.75182436292,936.99717074127,
    -2.685915394705E+03));
#1703 = CARTESIAN_POINT('',(-19.51176795537,935.61588348743,
    -2.684958886662E+03));
#1704 = CARTESIAN_POINT('',(-21.03046734223,932.83380517252,
    -2.683149004728E+03));
#1705 = CARTESIAN_POINT('',(-21.78818231149,931.43532121803,
    -2.682294992416E+03));
#1706 = CARTESIAN_POINT('',(-22.54967164693,930.01957380742,
    -2.68148503957E+03));
#1707 = CARTESIAN_POINT('',(-23.31253440644,928.59069718493,
    -2.680723246118E+03));
#1708 = CARTESIAN_POINT('',(-24.07312874208,927.15646495444,
    -2.680008780928E+03));
#1709 = CARTESIAN_POINT('',(-24.82801179337,925.72317343342,
    -2.679345796685E+03));
#1710 = CARTESIAN_POINT('',(-25.57276459068,924.30002481163,
    -2.678734364962E+03));
#1711 = CARTESIAN_POINT('',(-26.30253470542,922.89702386442,
    -2.67817503383E+03));
#1712 = ORIENTED_EDGE('',*,*,#1289,.F.);
#1713 = ORIENTED_EDGE('',*,*,#1714,.T.);
#1714 = EDGE_CURVE('',#1277,#130,#1715,.T.);
#1715 = B_SPLINE_CURVE_WITH_KNOTS('',7,(#1716,#1717,#1718,#1719,#1720,
    #1721,#1722,#1723),.UNSPECIFIED.,.F.,.F.,(8,8),(0.,1.687564655283),
  .PIECEWISE_BEZIER_KNOTS.);
#1716 = CARTESIAN_POINT('',(175.44918120124,882.04259751419,
    -2.679726616574E+03));
#1717 = CARTESIAN_POINT('',(178.57562108565,897.76027221485,
    -2.684898519195E+03));
#1718 = CARTESIAN_POINT('',(181.41822057071,912.05098486641,
    -2.694578029469E+03));
#1719 = CARTESIAN_POINT('',(183.68044759235,923.42396811242,
    -2.708273447036E+03));
#1720 = CARTESIAN_POINT('',(185.10499263067,930.58563964192,
    -2.724854860196E+03));
#1721 = CARTESIAN_POINT('',(185.54866965373,932.81615466166,
    -2.742655612797E+03));
#1722 = CARTESIAN_POINT('',(185.02258418449,930.17134440593,
    -2.759939852321E+03));
#1723 = CARTESIAN_POINT('',(183.6561686362,923.30190955734,
    -2.775254273337E+03));
#1724 = ORIENTED_EDGE('',*,*,#129,.T.);
#1725 = B_SPLINE_SURFACE_WITH_KNOTS('',13,1,(
    (#1726,#1727)
    ,(#1728,#1729)
    ,(#1730,#1731)
    ,(#1732,#1733)
    ,(#1734,#1735)
    ,(#1736,#1737)
    ,(#1738,#1739)
    ,(#1740,#1741)
    ,(#1742,#1743)
    ,(#1744,#1745)
    ,(#1746,#1747)
    ,(#1748,#1749)
    ,(#1750,#1751)
    ,(#1752,#1753)
    ,(#1754,#1755)
    ,(#1756,#1757)
    ,(#1758,#1759)
    ,(#1760,#1761)
    ,(#1762,#1763)
    ,(#1764,#1765)
    ,(#1766,#1767)
    ,(#1768,#1769)
    ,(#1770,#1771)
    ,(#1772,#1773)
    ,(#1774,#1775)
    ,(#1776,#1777)
    ,(#1778,#1779)
    ,(#1780,#1781)
    ,(#1782,#1783)
    ,(#1784,#1785)
    ,(#1786,#1787)
    ,(#1788,#1789)
    ,(#1790,#1791)
    ,(#1792,#1793)
    ,(#1794,#1795)
    ,(#1796,#1797)
    ,(#1798,#1799)
    ,(#1800,#1801)
    ,(#1802,#1803)
    ,(#1804,#1805)
    ,(#1806,#1807)
    ,(#1808,#1809)
    ,(#1810,#1811)
    ,(#1812,#1813)
    ,(#1814,#1815)
    ,(#1816,#1817)
    ,(#1818,#1819)
    ,(#1820,#1821)
    ,(#1822,#1823)
    ,(#1824,#1825)
    ,(#1826,#1827)
    ,(#1828,#1829)
    ,(#1830,#1831)
    ,(#1832,#1833)
    ,(#1834,#1835)
    ,(#1836,#1837)
    ,(#1838,#1839)
    ,(#1840,#1841)
    ,(#1842,#1843)
    ,(#1844,#1845)
    ,(#1846,#1847)
    ,(#1848,#1849)
    ,(#1850,#1851)
    ,(#1852,#1853)
    ,(#1854,#1855)
    ,(#1856,#1857)
    ,(#1858,#1859)
    ,(#1860,#1861)
    ,(#1862,#1863)
    ,(#1864,#1865)
    ,(#1866,#1867)
    ,(#1868,#1869)
    ,(#1870,#1871)
    ,(#1872,#1873)
    ,(#1874,#1875)
    ,(#1876,#1877)
    ,(#1878,#1879)
    ,(#1880,#1881)
    ,(#1882,#1883)
    ,(#1884,#1885)
    ,(#1886,#1887)
    ,(#1888,#1889)
    ,(#1890,#1891)
    ,(#1892,#1893)
    ,(#1894,#1895)
    ,(#1896,#1897)
    ,(#1898,#1899)
    ,(#1900,#1901)
    ,(#1902,#1903)
    ,(#1904,#1905)
    ,(#1906,#1907)
    ,(#1908,#1909)
    ,(#1910,#1911)
    ,(#1912,#1913)
    ,(#1914,#1915)
    ,(#1916,#1917)
    ,(#1918,#1919)
    ,(#1920,#1921)
    ,(#1922,#1923)
    ,(#1924,#1925)
    ,(#1926,#1927)
    ,(#1928,#1929)
    ,(#1930,#1931)
    ,(#1932,#1933)
    ,(#1934,#1935)
    ,(#1936,#1937)
    ,(#1938,#1939)
    ,(#1940,#1941)
    ,(#1942,#1943)
    ,(#1944,#1945)
    ,(#1946,#1947)
    ,(#1948,#1949)
    ,(#1950,#1951)
    ,(#1952,#1953)
    ,(#1954,#1955)
    ,(#1956,#1957)
    ,(#1958,#1959)
    ,(#1960,#1961)
    ,(#1962,#1963)
    ,(#1964,#1965)
    ,(#1966,#1967)
    ,(#1968,#1969)
    ,(#1970,#1971)
    ,(#1972,#1973)
    ,(#1974,#1975)
    ,(#1976,#1977)
    ,(#1978,#1979)
    ,(#1980,#1981)
    ,(#1982,#1983)
    ,(#1984,#1985)
    ,(#1986,#1987)
    ,(#1988,#1989)
    ,(#1990,#1991)
    ,(#1992,#1993)
    ,(#1994,#1995)
    ,(#1996,#1997)
    ,(#1998,#1999)
    ,(#2000,#2001)
    ,(#2002,#2003)
    ,(#2004,#2005)
    ,(#2006,#2007)
    ,(#2008,#2009)
    ,(#2010,#2011)
    ,(#2012,#2013)
    ,(#2014,#2015)
    ,(#2016,#2017)
    ,(#2018,#2019)
    ,(#2020,#2021)
    ,(#2022,#2023)
    ,(#2024,#2025)
    ,(#2026,#2027)
    ,(#2028,#2029)
    ,(#2030,#2031)
    ,(#2032,#2033)
    ,(#2034,#2035)
    ,(#2036,#2037)
    ,(#2038,#2039)
    ,(#2040,#2041)
    ,(#2042,#2043)
    ,(#2044,#2045)
    ,(#2046,#2047)
    ,(#2048,#2049)
    ,(#2050,#2051)
    ,(#2052,#2053)
    ,(#2054,#2055)
    ,(#2056,#2057)
    ,(#2058,#2059)
    ,(#2060,#2061)
    ,(#2062,#2063)
    ,(#2064,#2065)
    ,(#2066,#2067)
    ,(#2068,#2069)
    ,(#2070,#2071)
    ,(#2072,#2073)
    ,(#2074,#2075)
    ,(#2076,#2077)
    ,(#2078,#2079)
    ,(#2080,#2081)
    ,(#2082,#2083)
    ,(#2084,#2085)
    ,(#2086,#2087)
    ,(#2088,#2089)
    ,(#2090,#2091)
    ,(#2092,#2093)
    ,(#2094,#2095)
    ,(#2096,#2097)
    ,(#2098,#2099)
    ,(#2100,#2101)
    ,(#2102,#2103)
    ,(#2104,#2105)
    ,(#2106,#2107)
    ,(#2108,#2109)
    ,(#2110,#2111)
    ,(#2112,#2113)
    ,(#2114,#2115)
    ,(#2116,#2117)
    ,(#2118,#2119)
    ,(#2120,#2121)
    ,(#2122,#2123)
    ,(#2124,#2125)
    ,(#2126,#2127)
    ,(#2128,#2129)
    ,(#2130,#2131)
    ,(#2132,#2133)
    ,(#2134,#2135)
    ,(#2136,#2137)
    ,(#2138,#2139)
    ,(#2140,#2141)
    ,(#2142,#2143)
    ,(#2144,#2145)
    ,(#2146,#2147)
    ,(#2148,#2149)
    ,(#2150,#2151)
    ,(#2152,#2153)
    ,(#2154,#2155)
    ,(#2156,#2157)
    ,(#2158,#2159)
    ,(#2160,#2161
    )),.UNSPECIFIED.,.F.,.F.,.F.,(14,12,12,12,12,12,12,12,12,12,12,12,12
    ,12,12,12,12,12,14),(2,2),(0.,8.097462427085E-02,0.131180562744,
    0.281798378147,0.33200431662,0.382210255093,0.482622132024,
    0.58303400897,0.683445885901,0.884269639777,0.984681516708,
    1.085093393654,1.185505270584,1.235711209057,1.28591714753,
    1.486740901407,1.536946839865,1.587152778337,1.687564655283),(0.,1.)
  ,.UNSPECIFIED.);
#1726 = CARTESIAN_POINT('',(183.6561686362,923.30190955734,
    -2.775254273337E+03));
#1727 = CARTESIAN_POINT('',(33.119004331936,953.78547536273,
    -2.774096563844E+03));
#1728 = CARTESIAN_POINT('',(183.69147280602,923.47939560454,
    -2.774858593618E+03));
#1729 = CARTESIAN_POINT('',(33.350094307501,953.90746572092,
    -2.773717494424E+03));
#1730 = CARTESIAN_POINT('',(183.7262560791,923.65426292697,
    -2.774461692864E+03));
#1731 = CARTESIAN_POINT('',(33.582702216767,954.02698776618,
    -2.773336713316E+03));
#1732 = CARTESIAN_POINT('',(183.76051670555,923.82650272733,
    -2.774063590724E+03));
#1733 = CARTESIAN_POINT('',(33.816827085461,954.14402227745,
    -2.772954224465E+03));
#1734 = CARTESIAN_POINT('',(183.79425296618,923.99610636271,
    -2.77366430692E+03));
#1735 = CARTESIAN_POINT('',(34.052467802126,954.25855017326,
    -2.772570032091E+03));
#1736 = CARTESIAN_POINT('',(183.82746317266,924.16306534529,
    -2.773263861244E+03));
#1737 = CARTESIAN_POINT('',(34.289623114065,954.37055239736,
    -2.772184140378E+03));
#1738 = CARTESIAN_POINT('',(183.86014566766,924.32737134309,
    -2.772862273561E+03));
#1739 = CARTESIAN_POINT('',(34.528291634689,954.48001012681,
    -2.771796554028E+03));
#1740 = CARTESIAN_POINT('',(183.89229882498,924.4890161807,
    -2.772459563803E+03));
#1741 = CARTESIAN_POINT('',(34.76847183266,954.5869044629,
    -2.771407277449E+03));
#1742 = CARTESIAN_POINT('',(183.92392104972,924.64799183994,
    -2.772055751971E+03));
#1743 = CARTESIAN_POINT('',(35.010162045195,954.69121681257,
    -2.771016315746E+03));
#1744 = CARTESIAN_POINT('',(183.95501077837,924.80429046058,
    -2.77165085813E+03));
#1745 = CARTESIAN_POINT('',(35.253360464411,954.79292849344,
    -2.770623673708E+03));
#1746 = CARTESIAN_POINT('',(183.98556647897,924.95790434094,
    -2.771244902412E+03));
#1747 = CARTESIAN_POINT('',(35.49806514913,954.89202107879,
    -2.770229356679E+03));
#1748 = CARTESIAN_POINT('',(184.01558665125,925.10882593857,
    -2.770837905011E+03));
#1749 = CARTESIAN_POINT('',(35.744274016265,954.98847614313,
    -2.769833369925E+03));
#1750 = CARTESIAN_POINT('',(184.04506982669,925.25704787086,
    -2.77042988618E+03));
#1751 = CARTESIAN_POINT('',(35.991984846117,955.08227542008,
    -2.769435719024E+03));
#1752 = CARTESIAN_POINT('',(184.09196090626,925.492785247,
    -2.769767265427E+03));
#1753 = CARTESIAN_POINT('',(36.395710892475,955.22990028812,
    -2.768788829617E+03));
#1754 = CARTESIAN_POINT('',(184.10970025621,925.58196698153,
    -2.769513279765E+03));
#1755 = CARTESIAN_POINT('',(36.550795102676,955.28536948694,
    -2.76854062294E+03));
#1756 = CARTESIAN_POINT('',(184.12723227615,925.67010639779,
    -2.769258914092E+03));
#1757 = CARTESIAN_POINT('',(36.706471847354,955.33982429816,
    -2.768291681655E+03));
#1758 = CARTESIAN_POINT('',(184.14455662841,925.75720179808,
    -2.769004173257E+03));
#1759 = CARTESIAN_POINT('',(36.862630421412,955.39316793787,
    -2.768042468786E+03));
#1760 = CARTESIAN_POINT('',(184.16167298001,925.84325150843,
    -2.768749062122E+03));
#1761 = CARTESIAN_POINT('',(37.019509107369,955.44561664544,
    -2.767791933826E+03));
#1762 = CARTESIAN_POINT('',(184.17858100272,925.92825387874,
    -2.768493585555E+03));
#1763 = CARTESIAN_POINT('',(37.176837436115,955.49690146637,
    -2.767541279302E+03));
#1764 = CARTESIAN_POINT('',(184.19528037306,926.01220728273,
    -2.768237748431E+03));
#1765 = CARTESIAN_POINT('',(37.334631343229,955.54705313042,
    -2.767290396074E+03));
#1766 = CARTESIAN_POINT('',(184.2117707723,926.09511011808,
    -2.767981555637E+03));
#1767 = CARTESIAN_POINT('',(37.493178379027,955.5963538902,
    -2.767037985321E+03));
#1768 = CARTESIAN_POINT('',(184.22805188649,926.17696080644,
    -2.767725012066E+03));
#1769 = CARTESIAN_POINT('',(37.652324381409,955.64462743389,
    -2.766784763392E+03));
#1770 = CARTESIAN_POINT('',(184.24412340646,926.25775779345,
    -2.767468122618E+03));
#1771 = CARTESIAN_POINT('',(37.811761210699,955.69155912504,
    -2.766532115181E+03));
#1772 = CARTESIAN_POINT('',(184.25998502781,926.33749954886,
    -2.767210892203E+03));
#1773 = CARTESIAN_POINT('',(37.971876940952,955.73754795741,
    -2.766278262486E+03));
#1774 = CARTESIAN_POINT('',(184.27563645095,926.41618456653,
    -2.766953325739E+03));
#1775 = CARTESIAN_POINT('',(38.132403433987,955.78230582694,
    -2.766024431629E+03));
#1776 = CARTESIAN_POINT('',(184.33740017155,926.72669175831,
    -2.765921735379E+03));
#1777 = CARTESIAN_POINT('',(38.776376719567,955.95663600577,
    -2.765008135572E+03));
#1778 = CARTESIAN_POINT('',(184.3818285251,926.95004817465,
    -2.76514506248E+03));
#1779 = CARTESIAN_POINT('',(39.263558790648,956.0770063995,
    -2.764243312792E+03));
#1780 = CARTESIAN_POINT('',(184.42435448258,927.16384060013,
    -2.764365542416E+03));
#1781 = CARTESIAN_POINT('',(39.754723059257,956.18699513098,
    -2.763475930571E+03));
#1782 = CARTESIAN_POINT('',(184.46497047421,927.36803097886,
    -2.763583308767E+03));
#1783 = CARTESIAN_POINT('',(40.249605275501,956.28667226487,
    -2.762706032781E+03));
#1784 = CARTESIAN_POINT('',(184.50366932182,927.56258322378,
    -2.762798495697E+03));
#1785 = CARTESIAN_POINT('',(40.747934585094,956.37611340688,
    -2.761933664002E+03));
#1786 = CARTESIAN_POINT('',(184.54044424098,927.74746322719,
    -2.762011237917E+03));
#1787 = CARTESIAN_POINT('',(41.249451489684,956.45536787931,
    -2.761158869024E+03));
#1788 = CARTESIAN_POINT('',(184.57528884292,927.92263887061,
    -2.761221670656E+03));
#1789 = CARTESIAN_POINT('',(41.753911225766,956.52445383889,
    -2.760381692599E+03));
#1790 = CARTESIAN_POINT('',(184.60819713636,928.08808003385,
    -2.760429929621E+03));
#1791 = CARTESIAN_POINT('',(42.261077777559,956.58337089613,
    -2.759602180266E+03));
#1792 = CARTESIAN_POINT('',(184.63916352916,928.24375860331,
    -2.759636150966E+03));
#1793 = CARTESIAN_POINT('',(42.770713713096,956.63211985551,
    -2.758820378649E+03));
#1794 = CARTESIAN_POINT('',(184.66818282984,928.38964847963,
    -2.758840471257E+03));
#1795 = CARTESIAN_POINT('',(43.282571060596,956.67072022016,
    -2.75803633622E+03));
#1796 = CARTESIAN_POINT('',(184.69525024892,928.52572558452,
    -2.758043027436E+03));
#1797 = CARTESIAN_POINT('',(43.796388416916,956.69921514861,
    -2.75725010315E+03));
#1798 = CARTESIAN_POINT('',(184.72036140018,928.65196786694,
    -2.757243956788E+03));
#1799 = CARTESIAN_POINT('',(44.311899499242,956.71765431132,
    -2.756461730701E+03));
#1800 = CARTESIAN_POINT('',(184.7512292689,928.80715112238,
    -2.756176543608E+03));
#1801 = CARTESIAN_POINT('',(45.001177952267,956.72884134602,
    -2.755407782358E+03));
#1802 = CARTESIAN_POINT('',(184.75872843055,928.84485195392,
    -2.755909524842E+03));
#1803 = CARTESIAN_POINT('',(45.173664926865,956.73051489785,
    -2.75514405576E+03));
#1804 = CARTESIAN_POINT('',(184.7660096392,928.88145706173,
    -2.755642345702E+03));
#1805 = CARTESIAN_POINT('',(45.346300719904,956.7310663526,
    -2.75488011661E+03));
#1806 = CARTESIAN_POINT('',(184.77307275237,928.91696572948,
    -2.755375011287E+03));
#1807 = CARTESIAN_POINT('',(45.519066787121,956.73049678902,
    -2.754615991778E+03));
#1808 = CARTESIAN_POINT('',(184.77991763255,928.95137726595,
    -2.7551075267E+03));
#1809 = CARTESIAN_POINT('',(45.691944587336,956.72880735595,
    -2.754351708339E+03));
#1810 = CARTESIAN_POINT('',(184.78654414727,928.98469100508,
    -2.754839897049E+03));
#1811 = CARTESIAN_POINT('',(45.864915574059,956.72599908029,
    -2.754087293013E+03));
#1812 = CARTESIAN_POINT('',(184.79295216903,929.01690630595,
    -2.754572127443E+03));
#1813 = CARTESIAN_POINT('',(46.037961208148,956.72207315963,
    -2.753822773014E+03));
#1814 = CARTESIAN_POINT('',(184.79914157536,929.04802255284,
    -2.754304222996E+03));
#1815 = CARTESIAN_POINT('',(46.211062942111,956.71703059506,
    -2.753558174988E+03));
#1816 = CARTESIAN_POINT('',(184.8051122488,929.07803915519,
    -2.754036188825E+03));
#1817 = CARTESIAN_POINT('',(46.384202236335,956.71087257585,
    -2.753293526126E+03));
#1818 = CARTESIAN_POINT('',(184.81086407689,929.1069555477,
    -2.75376803005E+03));
#1819 = CARTESIAN_POINT('',(46.55736054501,956.70360014076,
    -2.753028853182E+03));
#1820 = CARTESIAN_POINT('',(184.8163969522,929.13477119026,
    -2.753499751792E+03));
#1821 = CARTESIAN_POINT('',(46.730519326372,956.69521442871,
    -2.752764183202E+03));
#1822 = CARTESIAN_POINT('',(184.82171077232,929.16148556803,
    -2.753231359177E+03));
#1823 = CARTESIAN_POINT('',(46.9036600365,956.68571652397,
    -2.752499543072E+03));
#1824 = CARTESIAN_POINT('',(184.83190010743,929.21271081482,
    -2.752694355486E+03));
#1825 = CARTESIAN_POINT('',(47.249868228246,956.66449854487,
    -2.751970376422E+03));
#1826 = CARTESIAN_POINT('',(184.83677562242,929.23722168384,
    -2.752425744411E+03));
#1827 = CARTESIAN_POINT('',(47.422958282201,956.65278520917,
    -2.751705778593E+03));
#1828 = CARTESIAN_POINT('',(184.84143188745,929.2606303089,
    -2.752157029233E+03));
#1829 = CARTESIAN_POINT('',(47.596025402295,956.63997004223,
    -2.751441166982E+03));
#1830 = CARTESIAN_POINT('',(184.84586881016,929.28293622567,
    -2.751888215082E+03));
#1831 = CARTESIAN_POINT('',(47.769060697276,956.62605555878,
    -2.751176542309E+03));
#1832 = CARTESIAN_POINT('',(184.85008630322,929.30413899511,
    -2.751619307091E+03));
#1833 = CARTESIAN_POINT('',(47.942055274116,956.61104426921,
    -2.750911905281E+03));
#1834 = CARTESIAN_POINT('',(184.85408428433,929.32423820345,
    -2.751350310395E+03));
#1835 = CARTESIAN_POINT('',(48.115000243253,956.59493869833,
    -2.750647256646E+03));
#1836 = CARTESIAN_POINT('',(184.85786267623,929.34323346224,
    -2.751081230128E+03));
#1837 = CARTESIAN_POINT('',(48.28788670974,956.57774134206,
    -2.750382597075E+03));
#1838 = CARTESIAN_POINT('',(184.86142140667,929.36112440832,
    -2.750812071432E+03));
#1839 = CARTESIAN_POINT('',(48.460705785432,956.55945473878,
    -2.750117927347E+03));
#1840 = CARTESIAN_POINT('',(184.86476040846,929.37791070387,
    -2.750542839444E+03));
#1841 = CARTESIAN_POINT('',(48.633448575128,956.54008137821,
    -2.749853248123E+03));
#1842 = CARTESIAN_POINT('',(184.86787961943,929.39359203641,
    -2.750273539309E+03));
#1843 = CARTESIAN_POINT('',(48.806106189656,956.51962379468,
    -2.749588560165E+03));
#1844 = CARTESIAN_POINT('',(184.87077898249,929.40816811879,
    -2.750004176168E+03));
#1845 = CARTESIAN_POINT('',(48.978669735618,956.49808448954,
    -2.749323864167E+03));
#1846 = CARTESIAN_POINT('',(184.87345844554,929.42163868921,
    -2.749734755166E+03));
#1847 = CARTESIAN_POINT('',(49.15113032201,956.47546598366,
    -2.749059160859E+03));
#1848 = CARTESIAN_POINT('',(184.8808369936,929.45873315527,
    -2.748926334018E+03));
#1849 = CARTESIAN_POINT('',(49.668176526245,956.40438039945,
    -2.748265031151E+03));
#1850 = CARTESIAN_POINT('',(184.88487623751,929.47903980571,
    -2.748387175729E+03));
#1851 = CARTESIAN_POINT('',(50.012417957501,956.35269454459,
    -2.7477355806E+03));
#1852 = CARTESIAN_POINT('',(184.88803531705,929.49492157105,
    -2.747847847749E+03));
#1853 = CARTESIAN_POINT('',(50.356142824956,956.29672183205,
    -2.747206111391E+03));
#1854 = CARTESIAN_POINT('',(184.89031393668,929.50637696547,
    -2.747308391265E+03));
#1855 = CARTESIAN_POINT('',(50.699290458377,956.23647151807,
    -2.746676635677E+03));
#1856 = CARTESIAN_POINT('',(184.89171188159,929.51340490911,
    -2.746768847479E+03));
#1857 = CARTESIAN_POINT('',(51.041800041468,956.1719534616,
    -2.746147165608E+03));
#1858 = CARTESIAN_POINT('',(184.89222901775,929.51600472818,
    -2.746229257602E+03));
#1859 = CARTESIAN_POINT('',(51.383610614736,956.10317821965,
    -2.745617713477E+03));
#1860 = CARTESIAN_POINT('',(184.89186529195,929.5141761551,
    -2.745689662852E+03));
#1861 = CARTESIAN_POINT('',(51.724661070683,956.0301568856,
    -2.74508829147E+03));
#1862 = CARTESIAN_POINT('',(184.89062073176,929.50791932852,
    -2.745150104444E+03));
#1863 = CARTESIAN_POINT('',(52.064890160455,955.95290131493,
    -2.744558912017E+03));
#1864 = CARTESIAN_POINT('',(184.88849544557,929.49723479328,
    -2.744610623594E+03));
#1865 = CARTESIAN_POINT('',(52.404236486264,955.8714238642,
    -2.744029587385E+03));
#1866 = CARTESIAN_POINT('',(184.88548962252,929.48212350038,
    -2.744071261506E+03));
#1867 = CARTESIAN_POINT('',(52.742638508503,955.7857376416,
    -2.743500330068E+03));
#1868 = CARTESIAN_POINT('',(184.88160353255,929.46258680678,
    -2.743532059373E+03));
#1869 = CARTESIAN_POINT('',(53.08003454026,955.69585630783,
    -2.742971152479E+03));
#1870 = CARTESIAN_POINT('',(184.87683752628,929.43862647526,
    -2.742993058368E+03));
#1871 = CARTESIAN_POINT('',(53.416362750759,955.60179420583,
    -2.742442067148E+03));
#1872 = CARTESIAN_POINT('',(184.86554654377,929.38186287297,
    -2.741915540919E+03));
#1873 = CARTESIAN_POINT('',(54.086759576584,955.40533838028,
    -2.741384106097E+03));
#1874 = CARTESIAN_POINT('',(184.85902156752,929.3490596022,
    -2.741377024475E+03));
#1875 = CARTESIAN_POINT('',(54.420832582155,955.3029416294,
    -2.740855232343E+03));
#1876 = CARTESIAN_POINT('',(184.85161753759,929.31183703011,
    -2.740838791464E+03));
#1877 = CARTESIAN_POINT('',(54.75372802958,955.19637809967,
    -2.740326483446E+03));
#1878 = CARTESIAN_POINT('',(184.84333496593,929.27019773054,
    -2.740300883015E+03));
#1879 = CARTESIAN_POINT('',(55.085393799723,955.08565043372,
    -2.739797877483E+03));
#1880 = CARTESIAN_POINT('',(184.83417444514,929.22414468261,
    -2.73976334023E+03));
#1881 = CARTESIAN_POINT('',(55.415777807188,954.97076189795,
    -2.739269432649E+03));
#1882 = CARTESIAN_POINT('',(184.82413664836,929.17368127041,
    -2.739226204183E+03));
#1883 = CARTESIAN_POINT('',(55.744827996083,954.85171629984,
    -2.738741167004E+03));
#1884 = CARTESIAN_POINT('',(184.81322232919,929.11881128261,
    -2.738689515906E+03));
#1885 = CARTESIAN_POINT('',(56.072492346868,954.72851812222,
    -2.738213098877E+03));
#1886 = CARTESIAN_POINT('',(184.80143232163,929.05953891204,
    -2.738153316395E+03));
#1887 = CARTESIAN_POINT('',(56.398718867283,954.60117234495,
    -2.73768524634E+03));
#1888 = CARTESIAN_POINT('',(184.78876754001,928.9958687552,
    -2.737617646599E+03));
#1889 = CARTESIAN_POINT('',(56.723455602319,954.46968464158,
    -2.737157627776E+03));
#1890 = CARTESIAN_POINT('',(184.77522897879,928.92780581173,
    -2.737082547417E+03));
#1891 = CARTESIAN_POINT('',(57.046650625076,954.33406119812,
    -2.736630261364E+03));
#1892 = CARTESIAN_POINT('',(184.76081771254,928.85535548377,
    -2.736548059694E+03));
#1893 = CARTESIAN_POINT('',(57.368252043746,954.19430885235,
    -2.736103165472E+03));
#1894 = CARTESIAN_POINT('',(184.74553489574,928.77852357535,
    -2.736014224215E+03));
#1895 = CARTESIAN_POINT('',(57.688207997216,954.05043500551,
    -2.735576358407E+03));
#1896 = CARTESIAN_POINT('',(184.71322862963,928.61610900789,
    -2.73494793919E+03));
#1897 = CARTESIAN_POINT('',(58.324725317314,953.75446032899,
    -2.734523358682E+03));
#1898 = CARTESIAN_POINT('',(184.69620518032,928.53052634886,
    -2.734415489644E+03));
#1899 = CARTESIAN_POINT('',(58.641365571801,953.60229197823,
    -2.733996997329E+03));
#1900 = CARTESIAN_POINT('',(184.67831264903,928.44057451968,
    -2.733883773787E+03));
#1901 = CARTESIAN_POINT('',(58.956279904324,953.44603655522,
    -2.733470946688E+03));
#1902 = CARTESIAN_POINT('',(184.65955234983,928.34626012666,
    -2.733352832277E+03));
#1903 = CARTESIAN_POINT('',(59.269460059179,953.28550461105,
    -2.732945104213E+03));
#1904 = CARTESIAN_POINT('',(184.63992567646,928.24759017653,
    -2.732822705704E+03));
#1905 = CARTESIAN_POINT('',(59.580519400802,953.1212092069,
    -2.73242031412E+03));
#1906 = CARTESIAN_POINT('',(184.61943410214,928.14457207569,
    -2.732293434587E+03));
#1907 = CARTESIAN_POINT('',(59.889793142543,952.95268990896,
    -2.731895712898E+03));
#1908 = CARTESIAN_POINT('',(184.59807917943,928.03721362937,
    -2.731765059366E+03));
#1909 = CARTESIAN_POINT('',(60.197054151,952.77999068123,
    -2.731371699741E+03));
#1910 = CARTESIAN_POINT('',(184.57586254003,927.92552304074,
    -2.731237620399E+03));
#1911 = CARTESIAN_POINT('',(60.501735681779,952.6036894773,
    -2.730849497852E+03));
#1912 = CARTESIAN_POINT('',(184.55278589463,927.80950890998,
    -2.730711157959E+03));
#1913 = CARTESIAN_POINT('',(60.804115755608,952.42358148287,
    -2.730328427304E+03));
#1914 = CARTESIAN_POINT('',(184.52885103269,927.68918023329,
    -2.730185712228E+03));
#1915 = CARTESIAN_POINT('',(61.10464135505,952.23915366213,
    -2.729807387131E+03));
#1916 = CARTESIAN_POINT('',(184.50405982222,927.56454640184,
    -2.729661323293E+03));
#1917 = CARTESIAN_POINT('',(61.402480753988,952.05114360985,
    -2.729288175234E+03));
#1918 = CARTESIAN_POINT('',(184.47841420958,927.43561720064,
    -2.72913803114E+03));
#1919 = CARTESIAN_POINT('',(61.698092978501,951.85913596858,
    -2.728769693119E+03));
#1920 = CARTESIAN_POINT('',(184.39892023861,927.03597402098,
    -2.727571564676E+03));
#1921 = CARTESIAN_POINT('',(62.577638091377,951.27156504116,
    -2.727217578347E+03));
#1922 = CARTESIAN_POINT('',(184.34251474721,926.75240446647,
    -2.72653180036E+03));
#1923 = CARTESIAN_POINT('',(63.15436409709,950.86438926964,
    -2.726187070955E+03));
#1924 = CARTESIAN_POINT('',(184.28271594086,926.45177556576,
    -2.725496901766E+03));
#1925 = CARTESIAN_POINT('',(63.721145100043,950.44187615028,
    -2.725160961003E+03));
#1926 = CARTESIAN_POINT('',(184.21954126521,926.13417502397,
    -2.724467186287E+03));
#1927 = CARTESIAN_POINT('',(64.277679605469,950.00402680194,
    -2.724139469708E+03));
#1928 = CARTESIAN_POINT('',(184.15300940836,925.79969679251,
    -2.723442969509E+03));
#1929 = CARTESIAN_POINT('',(64.823663719368,949.5509205065,
    -2.723122781367E+03));
#1930 = CARTESIAN_POINT('',(184.0831402928,925.44844102859,
    -2.722424565066E+03));
#1931 = CARTESIAN_POINT('',(65.358796942746,949.08270960797,
    -2.722111048567E+03));
#1932 = CARTESIAN_POINT('',(184.00995506672,925.08051405129,
    -2.7214122845E+03));
#1933 = CARTESIAN_POINT('',(65.882790461817,948.59954123253,
    -2.721104429561E+03));
#1934 = CARTESIAN_POINT('',(183.93347609458,924.69602829432,
    -2.72040643712E+03));
#1935 = CARTESIAN_POINT('',(66.395370880476,948.10149645553,
    -2.720103118914E+03));
#1936 = CARTESIAN_POINT('',(183.85372694703,924.29510225541,
    -2.719407329866E+03));
#1937 = CARTESIAN_POINT('',(66.896276650793,947.58859015942,
    -2.719107343947E+03));
#1938 = CARTESIAN_POINT('',(183.77073239024,923.87786044239,
    -2.718415267171E+03));
#1939 = CARTESIAN_POINT('',(67.385249291915,947.06083284043,
    -2.718117334067E+03));
#1940 = CARTESIAN_POINT('',(183.68451837445,923.44443331607,
    -2.717430550823E+03));
#1941 = CARTESIAN_POINT('',(67.862025783978,946.51830817278,
    -2.717133280697E+03));
#1942 = CARTESIAN_POINT('',(183.59511202206,922.99495722983,
    -2.716453479835E+03));
#1943 = CARTESIAN_POINT('',(68.326343294544,945.96117744401,
    -2.716155337463E+03));
#1944 = CARTESIAN_POINT('',(183.45625641132,922.29688293426,
    -2.714999785543E+03));
#1945 = CARTESIAN_POINT('',(69.00378606241,945.10362487067,
    -2.714697920135E+03));
#1946 = CARTESIAN_POINT('',(183.40918019405,922.06021480805,
    -2.714517206144E+03));
#1947 = CARTESIAN_POINT('',(69.226431393739,944.81411075622,
    -2.714213678563E+03));
#1948 = CARTESIAN_POINT('',(183.36131649833,921.81958776027,
    -2.714036649123E+03));
#1949 = CARTESIAN_POINT('',(69.445814516206,944.52117127906,
    -2.713731276174E+03));
#1950 = CARTESIAN_POINT('',(183.31266893183,921.57501992806,
    -2.713558151311E+03));
#1951 = CARTESIAN_POINT('',(69.662310394306,944.22342713501,
    -2.713249185473E+03));
#1952 = CARTESIAN_POINT('',(183.26324117435,921.32652981085,
    -2.713081749352E+03));
#1953 = CARTESIAN_POINT('',(69.874245175287,943.92609802562,
    -2.712773486556E+03));
#1954 = CARTESIAN_POINT('',(183.21303697731,921.0741362684,
    -2.712607479701E+03));
#1955 = CARTESIAN_POINT('',(70.086125276323,943.61561532847,
    -2.712287970177E+03));
#1956 = CARTESIAN_POINT('',(183.16206016341,920.81785851867,
    -2.712135378619E+03));
#1957 = CARTESIAN_POINT('',(70.289031654227,943.31733526004,
    -2.711823735658E+03));
#1958 = CARTESIAN_POINT('',(183.11031462615,920.5577161357,
    -2.711665482166E+03));
#1959 = CARTESIAN_POINT('',(70.495368042644,942.99723393409,
    -2.711338183009E+03));
#1960 = CARTESIAN_POINT('',(183.05780432946,920.2937290474,
    -2.711197826204E+03));
#1961 = CARTESIAN_POINT('',(70.692939877871,942.6875465361,
    -2.710872413842E+03));
#1962 = CARTESIAN_POINT('',(183.0045333072,920.0259175334,
    -2.710732446385E+03));
#1963 = CARTESIAN_POINT('',(70.889861252188,942.36713753175,
    -2.710399210144E+03));
#1964 = CARTESIAN_POINT('',(182.95050566273,919.75430222267,
    -2.710269378153E+03));
#1965 = CARTESIAN_POINT('',(71.082159028675,942.04606250128,
    -2.709931678987E+03));
#1966 = CARTESIAN_POINT('',(182.89572556843,919.47890409126,
    -2.709808656734E+03));
#1967 = CARTESIAN_POINT('',(71.271024668471,941.72124056914,
    -2.709465810265E+03));
#1968 = CARTESIAN_POINT('',(182.78466896213,918.92058482852,
    -2.708891977548E+03));
#1969 = CARTESIAN_POINT('',(71.641218061131,941.06563202534,
    -2.708539459635E+03));
#1970 = CARTESIAN_POINT('',(182.72839245012,918.6376636972,
    -2.70843601978E+03));
#1971 = CARTESIAN_POINT('',(71.822639377535,940.73468251153,
    -2.708078713841E+03));
#1972 = CARTESIAN_POINT('',(182.6713719702,918.35100238667,
    -2.707982478847E+03));
#1973 = CARTESIAN_POINT('',(72.00036496839,940.40060695513,
    -2.707620421818E+03));
#1974 = CARTESIAN_POINT('',(182.61361183191,918.06062256238,
    -2.707531389542E+03));
#1975 = CARTESIAN_POINT('',(72.174375054325,940.06342494364,
    -2.707164607409E+03));
#1976 = CARTESIAN_POINT('',(182.55511641286,917.76654623207,
    -2.707082786434E+03));
#1977 = CARTESIAN_POINT('',(72.344650420874,939.72315644232,
    -2.706711294062E+03));
#1978 = CARTESIAN_POINT('',(182.49589015827,917.46879574337,
    -2.706636703867E+03));
#1979 = CARTESIAN_POINT('',(72.511172421158,939.37982181526,
    -2.706260504803E+03));
#1980 = CARTESIAN_POINT('',(182.43593758047,917.16739378138,
    -2.706193175954E+03));
#1981 = CARTESIAN_POINT('',(72.673922971622,939.03344179222,
    -2.70581226229E+03));
#1982 = CARTESIAN_POINT('',(182.37526325844,916.86236336606,
    -2.705752236577E+03));
#1983 = CARTESIAN_POINT('',(72.832884557595,938.68403751111,
    -2.705366588727E+03));
#1984 = CARTESIAN_POINT('',(182.31387183724,916.55372784977,
    -2.705313919377E+03));
#1985 = CARTESIAN_POINT('',(72.988040227235,938.33163047308,
    -2.704923505972E+03));
#1986 = CARTESIAN_POINT('',(182.25176802753,916.24151091461,
    -2.704878257755E+03));
#1987 = CARTESIAN_POINT('',(73.139373597054,937.97624258149,
    -2.704483035427E+03));
#1988 = CARTESIAN_POINT('',(182.18895660504,915.92573656975,
    -2.704445284867E+03));
#1989 = CARTESIAN_POINT('',(73.286868847738,937.61789611494,
    -2.704045198132E+03));
#1990 = CARTESIAN_POINT('',(182.12544241001,915.6064291488,
    -2.704015033621E+03));
#1991 = CARTESIAN_POINT('',(73.430510726691,937.25661374097,
    -2.703610014695E+03));
#1992 = CARTESIAN_POINT('',(181.99701828338,914.96079746525,
    -2.70316003972E+03));
#1993 = CARTESIAN_POINT('',(73.710058367045,936.52822328413,
    -2.702744995983E+03));
#1994 = CARTESIAN_POINT('',(181.93210835178,914.63447320266,
    -2.702735297066E+03));
#1995 = CARTESIAN_POINT('',(73.845965602243,936.16111565893,
    -2.702315160498E+03));
#1996 = CARTESIAN_POINT('',(181.86650545611,914.30466517446,
    -2.702313341363E+03));
#1997 = CARTESIAN_POINT('',(73.977988530465,935.79111289428,
    -2.701888023298E+03));
#1998 = CARTESIAN_POINT('',(181.80021456459,913.97139835758,
    -2.701894205013E+03));
#1999 = CARTESIAN_POINT('',(74.106110023744,935.41823253612,
    -2.701463608226E+03));
#2000 = CARTESIAN_POINT('',(181.73324070888,913.63469804782,
    -2.701477920162E+03));
#2001 = CARTESIAN_POINT('',(74.23031355672,935.04249257488,
    -2.701041938925E+03));
#2002 = CARTESIAN_POINT('',(181.66558898351,913.29458985715,
    -2.701064518696E+03));
#2003 = CARTESIAN_POINT('',(74.350583190597,934.66391115016,
    -2.700623038134E+03));
#2004 = CARTESIAN_POINT('',(181.59726454533,912.95109971081,
    -2.700654032238E+03));
#2005 = CARTESIAN_POINT('',(74.466903597325,934.2825070032,
    -2.700206928758E+03));
#2006 = CARTESIAN_POINT('',(181.52827261294,912.60425384447,
    -2.700246492145E+03));
#2007 = CARTESIAN_POINT('',(74.579260029565,933.89829890337,
    -2.699793632529E+03));
#2008 = CARTESIAN_POINT('',(181.4586184661,912.25407880128,
    -2.699841929501E+03));
#2009 = CARTESIAN_POINT('',(74.687638351833,933.51130625677,
    -2.699383171406E+03));
#2010 = CARTESIAN_POINT('',(181.38830744516,911.90060142896,
    -2.699440375118E+03));
#2011 = CARTESIAN_POINT('',(74.792025013344,933.12154856261,
    -2.698975566343E+03));
#2012 = CARTESIAN_POINT('',(181.31734495042,911.54384887672,
    -2.699041859531E+03));
#2013 = CARTESIAN_POINT('',(74.892407067977,932.72904582186,
    -2.698570838202E+03));
#2014 = CARTESIAN_POINT('',(181.24573644159,911.18384859227,
    -2.698646412993E+03));
#2015 = CARTESIAN_POINT('',(74.988772161924,932.33381828041,
    -2.698169007189E+03));
#2016 = CARTESIAN_POINT('',(181.13736293483,910.63901818187,
    -2.698057891712E+03));
#2017 = CARTESIAN_POINT('',(75.127276729149,931.73692070261,
    -2.697570636112E+03));
#2018 = CARTESIAN_POINT('',(181.10107830866,910.45660304777,
    -2.697862492706E+03));
#2019 = CARTESIAN_POINT('',(75.172436746778,931.53727757357,
    -2.697371909313E+03));
#2020 = CARTESIAN_POINT('',(181.06463424838,910.27338638428,
    -2.697667872201E+03));
#2021 = CARTESIAN_POINT('',(75.21658686016,931.33695920609,
    -2.697173915496E+03));
#2022 = CARTESIAN_POINT('',(181.02803144747,910.08937167773,
    -2.697474033925E+03));
#2023 = CARTESIAN_POINT('',(75.259725334323,931.13596761919,
    -2.696976657385E+03));
#2024 = CARTESIAN_POINT('',(180.99127060306,909.90456243284,
    -2.697280981589E+03));
#2025 = CARTESIAN_POINT('',(75.30185043905,930.93430485661,
    -2.696780137766E+03));
#2026 = CARTESIAN_POINT('',(180.95435241591,909.7189621726,
    -2.697088718884E+03));
#2027 = CARTESIAN_POINT('',(75.342960435996,930.73197292245,
    -2.696584359329E+03));
#2028 = CARTESIAN_POINT('',(180.9172775904,909.53257443814,
    -2.696897249487E+03));
#2029 = CARTESIAN_POINT('',(75.383053598072,930.52897387256,
    -2.696389324884E+03));
#2030 = CARTESIAN_POINT('',(180.8800468345,909.34540278869,
    -2.696706577052E+03));
#2031 = CARTESIAN_POINT('',(75.422128185331,930.32530970711,
    -2.696195037119E+03));
#2032 = CARTESIAN_POINT('',(180.84266085976,909.15745080143,
    -2.696516705218E+03));
#2033 = CARTESIAN_POINT('',(75.460182470052,930.12098247598,
    -2.696001498822E+03));
#2034 = CARTESIAN_POINT('',(180.80512038128,908.96872207143,
    -2.696327637605E+03));
#2035 = CARTESIAN_POINT('',(75.497214714814,929.91599419212,
    -2.695808712716E+03));
#2036 = CARTESIAN_POINT('',(180.7674261177,908.77922021153,
    -2.696139377813E+03));
#2037 = CARTESIAN_POINT('',(75.533223188591,929.71034689129,
    -2.695616681556E+03));
#2038 = CARTESIAN_POINT('',(180.72957879118,908.58894885221,
    -2.695951929426E+03));
#2039 = CARTESIAN_POINT('',(75.568206156899,929.50404259761,
    -2.695425408087E+03));
#2040 = CARTESIAN_POINT('',(180.65357946352,908.20687443089,
    -2.695578662588E+03));
#2041 = CARTESIAN_POINT('',(75.636117616587,929.09012408245,
    -2.695044382022E+03));
#2042 = CARTESIAN_POINT('',(180.61542746239,908.0150713689,
    -2.695392844137E+03));
#2043 = CARTESIAN_POINT('',(75.669049307148,928.8824515813,
    -2.69485458231E+03));
#2044 = CARTESIAN_POINT('',(180.5771238496,907.82250610363,
    -2.695207844219E+03));
#2045 = CARTESIAN_POINT('',(75.700953389057,928.67409389033,
    -2.694665520499E+03));
#2046 = CARTESIAN_POINT('',(180.53866935429,907.62918230072,
    -2.695023666377E+03));
#2047 = CARTESIAN_POINT('',(75.731826292226,928.46507905828,
    -2.694477221161E+03));
#2048 = CARTESIAN_POINT('',(180.50006470908,907.43510364328,
    -2.69484031414E+03));
#2049 = CARTESIAN_POINT('',(75.761664448124,928.25543514525,
    -2.694289708886E+03));
#2050 = CARTESIAN_POINT('',(180.46131065004,907.24027383176,
    -2.694657791014E+03));
#2051 = CARTESIAN_POINT('',(75.790464285471,928.04519019101,
    -2.694103008235E+03));
#2052 = CARTESIAN_POINT('',(180.42240791666,907.0446965839,
    -2.694476100487E+03));
#2053 = CARTESIAN_POINT('',(75.818222237002,927.83437226478,
    -2.693917143806E+03));
#2054 = CARTESIAN_POINT('',(180.38335725186,906.84837563457,
    -2.69429524603E+03));
#2055 = CARTESIAN_POINT('',(75.844934730557,927.62300940077,
    -2.69373214016E+03));
#2056 = CARTESIAN_POINT('',(180.34415940195,906.65131473571,
    -2.694115231092E+03));
#2057 = CARTESIAN_POINT('',(75.870598198981,927.41112966757,
    -2.693548021887E+03));
#2058 = CARTESIAN_POINT('',(180.3048151166,906.45351765618,
    -2.693936059105E+03));
#2059 = CARTESIAN_POINT('',(75.895209070833,927.19876110586,
    -2.693364813559E+03));
#2060 = CARTESIAN_POINT('',(180.26532514884,906.2549881817,
    -2.693757733481E+03));
#2061 = CARTESIAN_POINT('',(75.918763777713,926.98593177492,
    -2.693182539756E+03));
#2062 = CARTESIAN_POINT('',(180.22569025501,906.05573011472,
    -2.693580257611E+03));
#2063 = CARTESIAN_POINT('',(75.941258749479,926.77266972409,
    -2.693001225057E+03));
#2064 = CARTESIAN_POINT('',(180.02679495393,905.0558159128,
    -2.692697143896E+03));
#2065 = CARTESIAN_POINT('',(76.048417085832,925.70433613723,
    -2.69209956997E+03));
#2066 = CARTESIAN_POINT('',(179.86537205072,904.24428817653,
    -2.692004302959E+03));
#2067 = CARTESIAN_POINT('',(76.117283651824,924.84270316276,
    -2.691393398481E+03));
#2068 = CARTESIAN_POINT('',(179.70169110348,903.42140848638,
    -2.691325327905E+03));
#2069 = CARTESIAN_POINT('',(76.169317983926,923.97432909567,
    -2.690702478116E+03));
#2070 = CARTESIAN_POINT('',(179.53580157719,902.58742551954,
    -2.690660429575E+03));
#2071 = CARTESIAN_POINT('',(76.204581877189,923.09946238108,
    -2.690026863962E+03));
#2072 = CARTESIAN_POINT('',(179.36775376166,901.74259209994,
    -2.690009813707E+03));
#2073 = CARTESIAN_POINT('',(76.223155001606,922.2183605927,
    -2.689366589639E+03));
#2074 = CARTESIAN_POINT('',(179.19759874917,900.88716508587,
    -2.689373680841E+03));
#2075 = CARTESIAN_POINT('',(76.225122806314,921.33127976414,
    -2.688721684345E+03));
#2076 = CARTESIAN_POINT('',(179.02538841168,900.02140525523,
    -2.688752226228E+03));
#2077 = CARTESIAN_POINT('',(76.210568353772,920.43846703024,
    -2.688092183401E+03));
#2078 = CARTESIAN_POINT('',(178.85117537744,899.14557718815,
    -2.688145639744E+03));
#2079 = CARTESIAN_POINT('',(76.179568119569,919.54015704423,
    -2.687478134501E+03));
#2080 = CARTESIAN_POINT('',(178.67501300719,898.25994914718,
    -2.687554105802E+03));
#2081 = CARTESIAN_POINT('',(76.132191715203,918.63657160371,
    -2.686879597016E+03));
#2082 = CARTESIAN_POINT('',(178.49695536983,897.36479295502,
    -2.686977803275E+03));
#2083 = CARTESIAN_POINT('',(76.068505577456,917.72792307869,
    -2.686296637085E+03));
#2084 = CARTESIAN_POINT('',(178.31705721763,896.46038386993,
    -2.686416905414E+03));
#2085 = CARTESIAN_POINT('',(75.988580585928,916.81442110592,
    -2.685729316062E+03));
#2086 = CARTESIAN_POINT('',(178.13537396097,895.54700045865,
    -2.685871579779E+03));
#2087 = CARTESIAN_POINT('',(75.892503638006,915.89628296661,
    -2.685177674181E+03));
#2088 = CARTESIAN_POINT('',(177.90610856302,894.39440546937,
    -2.685209590257E+03));
#2089 = CARTESIAN_POINT('',(75.752365543043,914.74311347043,
    -2.684507716736E+03));
#2090 = CARTESIAN_POINT('',(177.86014741709,894.16334318529,
    -2.685078175729E+03));
#2091 = CARTESIAN_POINT('',(75.723334377962,914.51220370887,
    -2.68437470696E+03));
#2092 = CARTESIAN_POINT('',(177.81407908046,893.93174201723,
    -2.684947747105E+03));
#2093 = CARTESIAN_POINT('',(75.693300918516,914.28102117729,
    -2.684242679669E+03));
#2094 = CARTESIAN_POINT('',(177.76790443129,893.6996063799,
    -2.684818306891E+03));
#2095 = CARTESIAN_POINT('',(75.662266416875,914.04956897053,
    -2.684111635656E+03));
#2096 = CARTESIAN_POINT('',(177.72162435014,893.46694070027,
    -2.684689857569E+03));
#2097 = CARTESIAN_POINT('',(75.630232124278,913.81785017887,
    -2.683981575664E+03));
#2098 = CARTESIAN_POINT('',(177.67523972004,893.23374941752,
    -2.6845624016E+03));
#2099 = CARTESIAN_POINT('',(75.59719929348,913.58586789872,
    -2.68385250052E+03));
#2100 = CARTESIAN_POINT('',(177.62875142637,893.00003698283,
    -2.684435941422E+03));
#2101 = CARTESIAN_POINT('',(75.563169175265,913.35362522073,
    -2.683724410939E+03));
#2102 = CARTESIAN_POINT('',(177.5821603569,892.76580785931,
    -2.684310479448E+03));
#2103 = CARTESIAN_POINT('',(75.528143022491,913.12112523832,
    -2.683597307759E+03));
#2104 = CARTESIAN_POINT('',(177.53546740175,892.53106652186,
    -2.684186018071E+03));
#2105 = CARTESIAN_POINT('',(75.492122086248,912.88837104675,
    -2.683471191707E+03));
#2106 = CARTESIAN_POINT('',(177.48867345333,892.29581745701,
    -2.684062559661E+03));
#2107 = CARTESIAN_POINT('',(75.455107618827,912.6553657354,
    -2.683346063591E+03));
#2108 = CARTESIAN_POINT('',(177.44177940638,892.06006516284,
    -2.683940106562E+03));
#2109 = CARTESIAN_POINT('',(75.417100871903,912.42211240122,
    -2.683221924173E+03));
#2110 = CARTESIAN_POINT('',(177.39478615788,891.82381414878,
    -2.683818661098E+03));
#2111 = CARTESIAN_POINT('',(75.378103097347,912.18861413442,
    -2.683098774233E+03));
#2112 = CARTESIAN_POINT('',(177.30060305622,891.3503237223,
    -2.683577790039E+03));
#2113 = CARTESIAN_POINT('',(75.298127996727,911.72113392511,
    -2.682854454864E+03));
#2114 = CARTESIAN_POINT('',(177.25341320306,891.11308430987,
    -2.683458364444E+03));
#2115 = CARTESIAN_POINT('',(75.257137989598,911.48709376077,
    -2.682733259747E+03));
#2116 = CARTESIAN_POINT('',(177.2061259468,890.87535521901,
    -2.683339951083E+03));
#2117 = CARTESIAN_POINT('',(75.215150923322,911.2527758004,
    -2.682613038681E+03));
#2118 = CARTESIAN_POINT('',(177.15874218891,890.6371409817,
    -2.683222552234E+03));
#2119 = CARTESIAN_POINT('',(75.172172193694,911.01820227863,
    -2.682493801082E+03));
#2120 = CARTESIAN_POINT('',(177.11126283308,890.39844614104,
    -2.68310617015E+03));
#2121 = CARTESIAN_POINT('',(75.128207200715,910.7833954946,
    -2.682375556516E+03));
#2122 = CARTESIAN_POINT('',(177.06368878516,890.15927525117,
    -2.68299080706E+03));
#2123 = CARTESIAN_POINT('',(75.083261337035,910.54837763519,
    -2.68225831429E+03));
#2124 = CARTESIAN_POINT('',(177.0160209532,889.91963287706,
    -2.682876465172E+03));
#2125 = CARTESIAN_POINT('',(75.03734000566,910.31317104536,
    -2.682142084074E+03));
#2126 = CARTESIAN_POINT('',(176.96826024736,889.67952359442,
    -2.68276314667E+03));
#2127 = CARTESIAN_POINT('',(74.990448597623,910.07779788689,
    -2.682026875119E+03));
#2128 = CARTESIAN_POINT('',(176.92040757992,889.43895198959,
    -2.682650853714E+03));
#2129 = CARTESIAN_POINT('',(74.942592515414,909.84228049754,
    -2.681912697075E+03));
#2130 = CARTESIAN_POINT('',(176.87246386524,889.19792265935,
    -2.682539588441E+03));
#2131 = CARTESIAN_POINT('',(74.893777152439,909.60664107489,
    -2.681799559279E+03));
#2132 = CARTESIAN_POINT('',(176.82443001972,888.95644021083,
    -2.682429352963E+03));
#2133 = CARTESIAN_POINT('',(74.844007908024,909.37090190832,
    -2.68168747127E+03));
#2134 = CARTESIAN_POINT('',(176.77630696182,888.71450926136,
    -2.682320149371E+03));
#2135 = CARTESIAN_POINT('',(74.793290178402,909.13508523893,
    -2.681576442482E+03));
#2136 = CARTESIAN_POINT('',(176.6316729123,887.9873847923,
    -2.68199564045E+03));
#2137 = CARTESIAN_POINT('',(74.638307726254,908.42746950325,
    -2.681246562203E+03));
#2138 = CARTESIAN_POINT('',(176.53489704486,887.50085965204,
    -2.681783436976E+03));
#2139 = CARTESIAN_POINT('',(74.53125862077,907.95564031492,
    -2.681030956022E+03));
#2140 = CARTESIAN_POINT('',(176.43777537324,887.01259603674,
    -2.681575385837E+03));
#2141 = CARTESIAN_POINT('',(74.420435257528,907.48351114143,
    -2.680819575579E+03));
#2142 = CARTESIAN_POINT('',(176.34031529303,886.52263112661,
    -2.681371503182E+03));
#2143 = CARTESIAN_POINT('',(74.306131359396,907.01198365496,
    -2.68061268849E+03));
#2144 = CARTESIAN_POINT('',(176.24252423103,886.03100225864,
    -2.681171804783E+03));
#2145 = CARTESIAN_POINT('',(74.187857262249,906.53936720052,
    -2.680409721489E+03));
#2146 = CARTESIAN_POINT('',(176.14440964433,885.53774692218,
    -2.680976306028E+03));
#2147 = CARTESIAN_POINT('',(74.066127289876,906.06732320864,
    -2.680211208287E+03));
#2148 = CARTESIAN_POINT('',(176.04597901947,885.04290275459,
    -2.680785021923E+03));
#2149 = CARTESIAN_POINT('',(73.941017776292,905.5960154077,
    -2.680017165916E+03));
#2150 = CARTESIAN_POINT('',(175.94723987154,884.5465075368,
    -2.680597967087E+03));
#2151 = CARTESIAN_POINT('',(73.812032308445,905.12370375304,
    -2.679826989138E+03));
#2152 = CARTESIAN_POINT('',(175.84819974332,884.04859918887,
    -2.680415155757E+03));
#2153 = CARTESIAN_POINT('',(73.679368766257,904.65101274476,
    -2.679640882201E+03));
#2154 = CARTESIAN_POINT('',(175.74886620435,883.5492157655,
    -2.680236601778E+03));
#2155 = CARTESIAN_POINT('',(73.543568957439,904.17970388244,
    -2.679459418144E+03));
#2156 = CARTESIAN_POINT('',(175.64924685006,883.04839545151,
    -2.680062318608E+03));
#2157 = CARTESIAN_POINT('',(73.404037418549,903.70767647118,
    -2.67928185433E+03));
#2158 = CARTESIAN_POINT('',(175.54934930087,882.54617655729,
    -2.679892319315E+03));
#2159 = CARTESIAN_POINT('',(73.261181336933,903.23625520387,
    -2.679108627982E+03));
#2160 = CARTESIAN_POINT('',(175.44918120124,882.04259751419,
    -2.679726616574E+03));
#2161 = CARTESIAN_POINT('',(73.114932607996,902.76513265334,
    -2.678939609368E+03));
#2162 = ( GEOMETRIC_REPRESENTATION_CONTEXT(3) 
GLOBAL_UNCERTAINTY_ASSIGNED_CONTEXT((#2166)) 
GLOBAL_UNIT_ASSIGNED_CONTEXT((#2163,#2164,#2165)) REPRESENTATION_CONTEXT
('Context #1','3D Context with UNIT and UNCERTAINTY') );
#2163 = ( LENGTH_UNIT() NAMED_UNIT(*) SI_UNIT(.MILLI.,.METRE.) );
#2164 = ( NAMED_UNIT(*) PLANE_ANGLE_UNIT() SI_UNIT($,.RADIAN.) );
#2165 = ( NAMED_UNIT(*) SI_UNIT($,.STERADIAN.) SOLID_ANGLE_UNIT() );
#2166 = UNCERTAINTY_MEASURE_WITH_UNIT(LENGTH_MEASURE(1.E-03),#2163,
  'distance_accuracy_value','confusion accuracy');
#2167 = CONTEXT_DEPENDENT_SHAPE_REPRESENTATION(#2168,#2170);
#2168 = ( REPRESENTATION_RELATIONSHIP('','',#36,#10) 
REPRESENTATION_RELATIONSHIP_WITH_TRANSFORMATION(#2169) 
SHAPE_REPRESENTATION_RELATIONSHIP() );
#2169 = ITEM_DEFINED_TRANSFORMATION('','',#11,#15);
#2170 = PRODUCT_DEFINITION_SHAPE('Placement','Placement of an item',
  #2171);
#2171 = NEXT_ASSEMBLY_USAGE_OCCURRENCE('543','=>[0:1:1:2]','',#5,#31,$);
#2172 = PRODUCT_RELATED_PRODUCT_CATEGORY('part',$,(#33));
#2173 = SHAPE_DEFINITION_REPRESENTATION(#2174,#2180);
#2174 = PRODUCT_DEFINITION_SHAPE('','',#2175);
#2175 = PRODUCT_DEFINITION('design','',#2176,#2179);
#2176 = PRODUCT_DEFINITION_FORMATION('','',#2177);
#2177 = PRODUCT('part_268435458','part_268435458','',(#2178));
#2178 = PRODUCT_CONTEXT('',#2,'mechanical');
#2179 = PRODUCT_DEFINITION_CONTEXT('part definition',#2,'design');
#2180 = MANIFOLD_SURFACE_SHAPE_REPRESENTATION('',(#11,#2181),#2223);
#2181 = SHELL_BASED_SURFACE_MODEL('',(#2182));
#2182 = OPEN_SHELL('',(#2183));
#2183 = ADVANCED_FACE('',(#2184),#2218,.T.);
#2184 = FACE_BOUND('',#2185,.T.);
#2185 = EDGE_LOOP('',(#2186,#2196,#2204,#2212));
#2186 = ORIENTED_EDGE('',*,*,#2187,.F.);
#2187 = EDGE_CURVE('',#2188,#2190,#2192,.T.);
#2188 = VERTEX_POINT('',#2189);
#2189 = CARTESIAN_POINT('',(25.95756130825,990.80120922044,
    -2.871030775536E+03));
#2190 = VERTEX_POINT('',#2191);
#2191 = CARTESIAN_POINT('',(13.186110018522,1.010710014829E+03,
    -2.65263064589E+03));
#2192 = LINE('',#2193,#2194);
#2193 = CARTESIAN_POINT('',(19.571835663386,1.000755612025E+03,
    -2.761830710713E+03));
#2194 = VECTOR('',#2195,1.);
#2195 = DIRECTION('',(-5.813734567382E-02,9.062753224832E-02,
    0.994186451043));
#2196 = ORIENTED_EDGE('',*,*,#2197,.T.);
#2197 = EDGE_CURVE('',#2188,#2198,#2200,.T.);
#2198 = VERTEX_POINT('',#2199);
#2199 = CARTESIAN_POINT('',(-69.88551001852,793.52232517099,
    -2.85865197411E+03));
#2200 = LINE('',#2201,#2202);
#2201 = CARTESIAN_POINT('',(-21.96397435513,892.16176719572,
    -2.864841374823E+03));
#2202 = VECTOR('',#2203,1.);
#2203 = DIRECTION('',(-0.436290413811,-0.898039730642,5.63499512474E-02)
  );
#2204 = ORIENTED_EDGE('',*,*,#2205,.T.);
#2205 = EDGE_CURVE('',#2198,#2206,#2208,.T.);
#2206 = VERTEX_POINT('',#2207);
#2207 = CARTESIAN_POINT('',(-82.65696130825,813.43113077955,
    -2.640251844464E+03));
#2208 = LINE('',#2209,#2210);
#2209 = CARTESIAN_POINT('',(-76.27123566338,803.47672797527,
    -2.749451909287E+03));
#2210 = VECTOR('',#2211,1.);
#2211 = DIRECTION('',(-5.813734567382E-02,9.062753224832E-02,
    0.994186451043));
#2212 = ORIENTED_EDGE('',*,*,#2213,.F.);
#2213 = EDGE_CURVE('',#2190,#2206,#2214,.T.);
#2214 = LINE('',#2215,#2216);
#2215 = CARTESIAN_POINT('',(-34.73542564486,912.07057280427,
    -2.646441245177E+03));
#2216 = VECTOR('',#2217,1.);
#2217 = DIRECTION('',(-0.436290413811,-0.898039730642,5.63499512474E-02)
  );
#2218 = PLANE('',#2219);
#2219 = AXIS2_PLACEMENT_3D('',#2220,#2221,#2222);
#2220 = CARTESIAN_POINT('',(-28.3497,902.11617,-2.75564131E+03));
#2221 = DIRECTION('',(-0.897925789726,0.430477981537,-9.174956979645E-02
    ));
#2222 = DIRECTION('',(-0.436290413811,-0.898039730642,5.63499512474E-02)
  );
#2223 = ( GEOMETRIC_REPRESENTATION_CONTEXT(3) 
GLOBAL_UNCERTAINTY_ASSIGNED_CONTEXT((#2227)) 
GLOBAL_UNIT_ASSIGNED_CONTEXT((#2224,#2225,#2226)) REPRESENTATION_CONTEXT
('Context #1','3D Context with UNIT and UNCERTAINTY') );
#2224 = ( LENGTH_UNIT() NAMED_UNIT(*) SI_UNIT(.MILLI.,.METRE.) );
#2225 = ( NAMED_UNIT(*) PLANE_ANGLE_UNIT() SI_UNIT($,.RADIAN.) );
#2226 = ( NAMED_UNIT(*) SI_UNIT($,.STERADIAN.) SOLID_ANGLE_UNIT() );
#2227 = UNCERTAINTY_MEASURE_WITH_UNIT(LENGTH_MEASURE(1.E-07),#2224,
  'distance_accuracy_value','confusion accuracy');
#2228 = CONTEXT_DEPENDENT_SHAPE_REPRESENTATION(#2229,#2231);
#2229 = ( REPRESENTATION_RELATIONSHIP('','',#2180,#10) 
REPRESENTATION_RELATIONSHIP_WITH_TRANSFORMATION(#2230) 
SHAPE_REPRESENTATION_RELATIONSHIP() );
#2230 = ITEM_DEFINED_TRANSFORMATION('','',#11,#19);
#2231 = PRODUCT_DEFINITION_SHAPE('Placement','Placement of an item',
  #2232);
#2232 = NEXT_ASSEMBLY_USAGE_OCCURRENCE('544','=>[0:1:1:3]','',#5,#2175,$
  );
#2233 = PRODUCT_RELATED_PRODUCT_CATEGORY('part',$,(#2177));
ENDSEC;
END-ISO-10303-21;
