ISO-10303-21;
HEADER;
FILE_DESCRIPTION((),'2;1');
FILE_NAME('VerifyAutoRemove_extendSurface_unit2__faceExtend_sector.step'
  ,'2026-08-07T16:32:56',(''),(''),'Open CASCADE STEP processor 7.7',
  'Yunbo Mechanical','Unknown');
FILE_SCHEMA(('AUTOMOTIVE_DESIGN { 1 0 10303 214 1 1 1 1 }'));
ENDSEC;
DATA;
#1 = APPLICATION_PROTOCOL_DEFINITION('international standard',
  'automotive_design',2000,#2);
#2 = APPLICATION_CONTEXT(
  'core data for automotive mechanical design processes');
#3 = SHAPE_DEFINITION_REPRESENTATION(#4,#10);
#4 = PRODUCT_DEFINITION_SHAPE('','',#5);
#5 = PRODUCT_DEFINITION('design','',#6,#9);
#6 = PRODUCT_DEFINITION_FORMATION('','',#7);
#7 = PRODUCT('default','default','',(#8));
#8 = PRODUCT_CONTEXT('',#2,'mechanical');
#9 = PRODUCT_DEFINITION_CONTEXT('part definition',#2,'design');
#10 = ADVANCED_BREP_SHAPE_REPRESENTATION('',(#11,#15),#8456);
#11 = AXIS2_PLACEMENT_3D('',#12,#13,#14);
#12 = CARTESIAN_POINT('',(0.,0.,0.));
#13 = DIRECTION('',(0.,0.,1.));
#14 = DIRECTION('',(1.,0.,-0.));
#15 = MANIFOLD_SOLID_BREP('',#16);
#16 = CLOSED_SHELL('',(#17,#8437));
#17 = ADVANCED_FACE('',(#18),#220,.T.);
#18 = FACE_BOUND('',#19,.T.);
#19 = EDGE_LOOP('',(#20,#7231,#7590,#7858,#7896));
#20 = ORIENTED_EDGE('',*,*,#21,.F.);
#21 = EDGE_CURVE('',#22,#24,#26,.T.);
#22 = VERTEX_POINT('',#23);
#23 = CARTESIAN_POINT('',(-10.,-30.,20.));
#24 = VERTEX_POINT('',#25);
#25 = CARTESIAN_POINT('',(-30.,-30.,-7.105427357601E-15));
#26 = SURFACE_CURVE('',#27,(#219),.PCURVE_S1.);
#27 = B_SPLINE_CURVE_WITH_KNOTS('',1,(#28,#29,#30,#31,#32,#33,#34,#35,
    #36,#37,#38,#39,#40,#41,#42,#43,#44,#45,#46,#47,#48,#49,#50,#51,#52,
    #53,#54,#55,#56,#57,#58,#59,#60,#61,#62,#63,#64,#65,#66,#67,#68,#69,
    #70,#71,#72,#73,#74,#75,#76,#77,#78,#79,#80,#81,#82,#83,#84,#85,#86,
    #87,#88,#89,#90,#91,#92,#93,#94,#95,#96,#97,#98,#99,#100,#101,#102,
    #103,#104,#105,#106,#107,#108,#109,#110,#111,#112,#113,#114,#115,
    #116,#117,#118,#119,#120,#121,#122,#123,#124,#125,#126,#127,#128,
    #129,#130,#131,#132,#133,#134,#135,#136,#137,#138,#139,#140,#141,
    #142,#143,#144,#145,#146,#147,#148,#149,#150,#151,#152,#153,#154,
    #155,#156,#157,#158,#159,#160,#161,#162,#163,#164,#165,#166,#167,
    #168,#169,#170,#171,#172,#173,#174,#175,#176,#177,#178,#179,#180,
    #181,#182,#183,#184,#185,#186,#187,#188,#189,#190,#191,#192,#193,
    #194,#195,#196,#197,#198,#199,#200,#201,#202,#203,#204,#205,#206,
    #207,#208,#209,#210,#211,#212,#213,#214,#215,#216,#217,#218),
  .UNSPECIFIED.,.F.,.F.,(2,1,1,1,1,1,1,1,1,1,1,1,1,1,1,1,1,1,1,1,1,1,1,1
    ,1,1,1,1,1,1,1,1,1,1,1,1,1,1,1,1,1,1,1,1,1,1,1,1,1,1,1,1,1,1,1,1,1,1
    ,1,1,1,1,1,1,1,1,1,1,1,1,1,1,1,1,1,1,1,1,1,1,1,1,1,1,1,1,1,1,1,1,1,1
    ,1,1,1,1,1,1,1,1,1,1,1,1,1,1,1,1,1,1,1,1,1,1,1,1,1,1,1,1,1,1,1,1,1,1
    ,1,1,1,1,1,1,1,1,1,1,1,1,1,1,1,1,1,1,1,1,1,1,1,1,1,1,1,1,1,1,1,1,1,1
    ,1,1,1,1,1,1,1,1,1,1,1,1,1,1,1,1,1,1,1,1,1,1,1,1,1,1,1,1,1,1,2),(0.,
    1.,2.,3.,4.,5.,6.,7.,8.,9.,10.,11.,12.,13.,14.,15.,16.,17.,18.,19.,
    20.,21.,22.,23.,24.,25.,26.,27.,28.,29.,30.,31.,32.,33.,34.,35.,36.,
    37.,38.,39.,40.,41.,42.,43.,44.,45.,46.,47.,48.,49.,50.,51.,52.,53.,
    54.,55.,56.,57.,58.,59.,60.,61.,62.,63.,64.,65.,66.,67.,68.,69.,70.,
    71.,72.,73.,74.,75.,76.,77.,78.,79.,80.,81.,82.,83.,84.,85.,86.,87.,
    88.,89.,90.,91.,92.,93.,94.,95.,96.,97.,98.,99.,100.,101.,102.,103.,
    104.,105.,106.,107.,108.,109.,110.,111.,112.,113.,114.,115.,116.,
    117.,118.,119.,120.,121.,122.,123.,124.,125.,126.,127.,128.,129.,
    130.,131.,132.,133.,134.,135.,136.,137.,138.,139.,140.,141.,142.,
    143.,144.,145.,146.,147.,148.,149.,150.,151.,152.,153.,154.,155.,
    156.,157.,158.,159.,160.,161.,162.,163.,164.,165.,166.,167.,168.,
    169.,170.,171.,172.,173.,174.,175.,176.,177.,178.,179.,180.,181.,
    182.,183.,184.,185.,186.,187.,188.,189.,190.),
  .PIECEWISE_BEZIER_KNOTS.);
#28 = CARTESIAN_POINT('',(-3.976959132455,-30.,26.023040867545));
#29 = CARTESIAN_POINT('',(-4.028995875036,-30.,25.971004124964));
#30 = CARTESIAN_POINT('',(-4.169097257337,-30.,25.830902742663));
#31 = CARTESIAN_POINT('',(-4.3091244225,-30.,25.6908755775));
#32 = CARTESIAN_POINT('',(-4.449077586389,-30.,25.550922413611));
#33 = CARTESIAN_POINT('',(-4.588956965243,-30.,25.411043034757));
#34 = CARTESIAN_POINT('',(-4.728762775674,-30.,25.271237224326));
#35 = CARTESIAN_POINT('',(-4.868495234664,-30.,25.131504765336));
#36 = CARTESIAN_POINT('',(-5.008154559562,-30.,24.991845440438));
#37 = CARTESIAN_POINT('',(-5.147740968076,-30.,24.852259031924));
#38 = CARTESIAN_POINT('',(-5.287254678274,-30.,24.712745321726));
#39 = CARTESIAN_POINT('',(-5.426695908578,-30.,24.573304091422));
#40 = CARTESIAN_POINT('',(-5.566064877761,-30.,24.433935122239));
#41 = CARTESIAN_POINT('',(-5.705361804942,-30.,24.294638195058));
#42 = CARTESIAN_POINT('',(-5.844586909582,-30.,24.155413090418));
#43 = CARTESIAN_POINT('',(-5.98374041148,-30.,24.01625958852));
#44 = CARTESIAN_POINT('',(-6.122822530771,-30.,23.877177469229));
#45 = CARTESIAN_POINT('',(-6.261833487919,-30.,23.738166512081));
#46 = CARTESIAN_POINT('',(-6.400773503712,-30.,23.599226496288));
#47 = CARTESIAN_POINT('',(-6.539642799261,-30.,23.460357200739));
#48 = CARTESIAN_POINT('',(-6.678441595993,-30.,23.321558404007));
#49 = CARTESIAN_POINT('',(-6.817170115648,-30.,23.182829884352));
#50 = CARTESIAN_POINT('',(-6.955828580272,-30.,23.044171419728));
#51 = CARTESIAN_POINT('',(-7.094417212216,-30.,22.905582787784));
#52 = CARTESIAN_POINT('',(-7.232936234128,-30.,22.767063765872));
#53 = CARTESIAN_POINT('',(-7.37138586895,-30.,22.62861413105));
#54 = CARTESIAN_POINT('',(-7.509766339912,-30.,22.490233660088));
#55 = CARTESIAN_POINT('',(-7.648077870527,-30.,22.351922129473));
#56 = CARTESIAN_POINT('',(-7.78632068459,-30.,22.21367931541));
#57 = CARTESIAN_POINT('',(-7.924495006166,-30.,22.075504993834));
#58 = CARTESIAN_POINT('',(-8.06260105959,-30.,21.93739894041));
#59 = CARTESIAN_POINT('',(-8.200639069459,-30.,21.799360930541));
#60 = CARTESIAN_POINT('',(-8.338609260631,-30.,21.661390739369));
#61 = CARTESIAN_POINT('',(-8.476511858212,-30.,21.523488141788));
#62 = CARTESIAN_POINT('',(-8.61434708756,-30.,21.38565291244));
#63 = CARTESIAN_POINT('',(-8.752115174271,-30.,21.247884825729));
#64 = CARTESIAN_POINT('',(-8.889816344178,-30.,21.110183655822));
#65 = CARTESIAN_POINT('',(-9.027450823346,-30.,20.972549176654));
#66 = CARTESIAN_POINT('',(-9.165018838062,-30.,20.834981161938));
#67 = CARTESIAN_POINT('',(-9.302520614834,-30.,20.697479385166));
#68 = CARTESIAN_POINT('',(-9.439956380382,-30.,20.560043619618));
#69 = CARTESIAN_POINT('',(-9.577326361634,-30.,20.422673638366));
#70 = CARTESIAN_POINT('',(-9.714630785717,-30.,20.285369214283));
#71 = CARTESIAN_POINT('',(-9.851869879955,-30.,20.148130120045));
#72 = CARTESIAN_POINT('',(-9.98904387186,-30.,20.01095612814));
#73 = CARTESIAN_POINT('',(-10.12618041135,-30.,19.87381958865));
#74 = CARTESIAN_POINT('',(-10.26331674347,-30.,19.736683256521));
#75 = CARTESIAN_POINT('',(-10.40045307559,-30.,19.599546924402));
#76 = CARTESIAN_POINT('',(-10.5375894077,-30.,19.462410592291));
#77 = CARTESIAN_POINT('',(-10.67472573981,-30.,19.325274260189));
#78 = CARTESIAN_POINT('',(-10.8118620719,-30.,19.188137928094));
#79 = CARTESIAN_POINT('',(-10.94899840399,-30.,19.051001596005));
#80 = CARTESIAN_POINT('',(-11.08613473607,-30.,18.913865263922));
#81 = CARTESIAN_POINT('',(-11.22327106815,-30.,18.776728931845));
#82 = CARTESIAN_POINT('',(-11.36040740022,-30.,18.639592599771));
#83 = CARTESIAN_POINT('',(-11.49754373229,-30.,18.502456267701));
#84 = CARTESIAN_POINT('',(-11.63468006436,-30.,18.365319935633));
#85 = CARTESIAN_POINT('',(-11.77181639643,-30.,18.228183603566));
#86 = CARTESIAN_POINT('',(-11.90895272849,-30.,18.091047271501));
#87 = CARTESIAN_POINT('',(-12.04608906056,-30.,17.953910939435));
#88 = CARTESIAN_POINT('',(-12.18322539263,-30.,17.816774607368));
#89 = CARTESIAN_POINT('',(-12.3203617247,-30.,17.679638275299));
#90 = CARTESIAN_POINT('',(-12.45749805677,-30.,17.542501943228));
#91 = CARTESIAN_POINT('',(-12.59463438884,-30.,17.405365611152));
#92 = CARTESIAN_POINT('',(-12.73177072092,-30.,17.268229279072));
#93 = CARTESIAN_POINT('',(-12.86890705301,-30.,17.131092946986));
#94 = CARTESIAN_POINT('',(-13.0060433851,-30.,16.993956614893));
#95 = CARTESIAN_POINT('',(-13.1431797172,-30.,16.856820282793));
#96 = CARTESIAN_POINT('',(-13.28031604931,-30.,16.719683950684));
#97 = CARTESIAN_POINT('',(-13.41745238143,-30.,16.582547618566));
#98 = CARTESIAN_POINT('',(-13.55458871356,-30.,16.445411286436));
#99 = CARTESIAN_POINT('',(-13.6917250457,-30.,16.308274954296));
#100 = CARTESIAN_POINT('',(-13.82886137785,-30.,16.171138622142));
#101 = CARTESIAN_POINT('',(-13.96599771002,-30.,16.034002289975));
#102 = CARTESIAN_POINT('',(-14.1031340422,-30.,15.896865957793));
#103 = CARTESIAN_POINT('',(-14.2402703744,-30.,15.759729625595));
#104 = CARTESIAN_POINT('',(-14.37740670662,-30.,15.62259329338));
#105 = CARTESIAN_POINT('',(-14.51454303885,-30.,15.485456961147));
#106 = CARTESIAN_POINT('',(-14.6516793711,-30.,15.348320628895));
#107 = CARTESIAN_POINT('',(-14.78881570337,-30.,15.211184296623));
#108 = CARTESIAN_POINT('',(-14.92595203567,-30.,15.07404796433));
#109 = CARTESIAN_POINT('',(-15.06308836798,-30.,14.936911632014));
#110 = CARTESIAN_POINT('',(-15.20022470032,-30.,14.799775299674));
#111 = CARTESIAN_POINT('',(-15.33736103269,-30.,14.66263896731));
#112 = CARTESIAN_POINT('',(-15.47449736508,-30.,14.52550263492));
#113 = CARTESIAN_POINT('',(-15.61163369749,-30.,14.388366302502));
#114 = CARTESIAN_POINT('',(-15.74877002994,-30.,14.251229970056));
#115 = CARTESIAN_POINT('',(-15.88590636241,-30.,14.114093637581));
#116 = CARTESIAN_POINT('',(-16.02304269492,-30.,13.976957305075));
#117 = CARTESIAN_POINT('',(-16.16017902746,-30.,13.839820972537));
#118 = CARTESIAN_POINT('',(-16.29731536003,-30.,13.702684639966));
#119 = CARTESIAN_POINT('',(-16.43445169263,-30.,13.565548307361));
#120 = CARTESIAN_POINT('',(-16.57158802528,-30.,13.42841197472));
#121 = CARTESIAN_POINT('',(-16.70872435795,-30.,13.291275642042));
#122 = CARTESIAN_POINT('',(-16.84586069067,-30.,13.154139309326));
#123 = CARTESIAN_POINT('',(-16.98299702343,-30.,13.01700297657));
#124 = CARTESIAN_POINT('',(-17.12013335622,-30.,12.879866643774));
#125 = CARTESIAN_POINT('',(-17.25726968906,-30.,12.742730310936));
#126 = CARTESIAN_POINT('',(-17.39440602194,-30.,12.605593978054));
#127 = CARTESIAN_POINT('',(-17.53154235487,-30.,12.468457645128));
#128 = CARTESIAN_POINT('',(-17.66867868784,-30.,12.331321312156));
#129 = CARTESIAN_POINT('',(-17.80581502086,-30.,12.194184979136));
#130 = CARTESIAN_POINT('',(-17.94295135393,-30.,12.057048646068));
#131 = CARTESIAN_POINT('',(-18.08008768705,-30.,11.91991231295));
#132 = CARTESIAN_POINT('',(-18.21722402021,-30.,11.782775979781));
#133 = CARTESIAN_POINT('',(-18.35436035344,-30.,11.645639646559));
#134 = CARTESIAN_POINT('',(-18.49149668671,-30.,11.508503313283));
#135 = CARTESIAN_POINT('',(-18.62863302004,-30.,11.371366979952));
#136 = CARTESIAN_POINT('',(-18.76576935343,-30.,11.234230646564));
#137 = CARTESIAN_POINT('',(-18.90290568688,-30.,11.097094313117));
#138 = CARTESIAN_POINT('',(-19.04004202038,-30.,10.959957979611));
#139 = CARTESIAN_POINT('',(-19.17717835395,-30.,10.822821646044));
#140 = CARTESIAN_POINT('',(-19.31431468758,-30.,10.685685312415));
#141 = CARTESIAN_POINT('',(-19.45145102127,-30.,10.548548978722));
#142 = CARTESIAN_POINT('',(-19.58858735503,-30.,10.411412644963));
#143 = CARTESIAN_POINT('',(-19.72572368886,-30.,10.274276311138));
#144 = CARTESIAN_POINT('',(-19.86286002275,-30.,10.137139977245));
#145 = CARTESIAN_POINT('',(-19.99999635671,-30.,10.000003643283));
#146 = CARTESIAN_POINT('',(-20.13713269075,-30.,9.862867309249));
#147 = CARTESIAN_POINT('',(-20.27426902485,-30.,9.725730975143));
#148 = CARTESIAN_POINT('',(-20.41140535903,-30.,9.588594640963));
#149 = CARTESIAN_POINT('',(-20.54854169329,-30.,9.451458306708));
#150 = CARTESIAN_POINT('',(-20.68567802762,-30.,9.314321972376));
#151 = CARTESIAN_POINT('',(-20.82281436203,-30.,9.177185637966));
#152 = CARTESIAN_POINT('',(-20.95995069652,-30.,9.040049303477));
#153 = CARTESIAN_POINT('',(-21.09708703109,-30.,8.902912968906));
#154 = CARTESIAN_POINT('',(-21.23422336574,-30.,8.765776634252));
#155 = CARTESIAN_POINT('',(-21.37135970048,-30.,8.628640299515));
#156 = CARTESIAN_POINT('',(-21.5084960353,-30.,8.491503964692));
#157 = CARTESIAN_POINT('',(-21.64563237021,-30.,8.354367629782));
#158 = CARTESIAN_POINT('',(-21.78276870521,-30.,8.217231294783));
#159 = CARTESIAN_POINT('',(-21.9199050403,-30.,8.080094959695));
#160 = CARTESIAN_POINT('',(-22.05704137548,-30.,7.942958624515));
#161 = CARTESIAN_POINT('',(-22.19417771075,-30.,7.805822289242));
#162 = CARTESIAN_POINT('',(-22.33131404612,-30.,7.668685953875));
#163 = CARTESIAN_POINT('',(-22.46845038158,-30.,7.531549618412));
#164 = CARTESIAN_POINT('',(-22.60558671714,-30.,7.394413282852));
#165 = CARTESIAN_POINT('',(-22.7427230528,-30.,7.257276947193));
#166 = CARTESIAN_POINT('',(-22.87985938856,-30.,7.120140611433));
#167 = CARTESIAN_POINT('',(-23.01699572442,-30.,6.983004275573));
#168 = CARTESIAN_POINT('',(-23.15413206039,-30.,6.845867939609));
#169 = CARTESIAN_POINT('',(-23.29126839646,-30.,6.70873160354));
#170 = CARTESIAN_POINT('',(-23.42840473263,-30.,6.571595267365));
#171 = CARTESIAN_POINT('',(-23.56554106891,-30.,6.434458931083));
#172 = CARTESIAN_POINT('',(-23.7026774053,-30.,6.297322594692));
#173 = CARTESIAN_POINT('',(-23.8398137418,-30.,6.160186258191));
#174 = CARTESIAN_POINT('',(-23.97695007842,-30.,6.023049921578));
#175 = CARTESIAN_POINT('',(-24.11408641514,-30.,5.885913584851));
#176 = CARTESIAN_POINT('',(-24.25122275199,-30.,5.74877724801));
#177 = CARTESIAN_POINT('',(-24.38835908894,-30.,5.611640911053));
#178 = CARTESIAN_POINT('',(-24.52549542602,-30.,5.474504573979));
#179 = CARTESIAN_POINT('',(-24.66263176321,-30.,5.337368236785));
#180 = CARTESIAN_POINT('',(-24.79976810052,-30.,5.200231899472));
#181 = CARTESIAN_POINT('',(-24.93690443796,-30.,5.063095562037));
#182 = CARTESIAN_POINT('',(-25.07404077552,-30.,4.925959224478));
#183 = CARTESIAN_POINT('',(-25.2111771132,-30.,4.788822886796));
#184 = CARTESIAN_POINT('',(-25.34831345101,-30.,4.651686548988));
#185 = CARTESIAN_POINT('',(-25.48544978894,-30.,4.514550211053));
#186 = CARTESIAN_POINT('',(-25.62258612701,-30.,4.377413872989));
#187 = CARTESIAN_POINT('',(-25.7597224652,-30.,4.240277534796));
#188 = CARTESIAN_POINT('',(-25.89685880352,-30.,4.103141196471));
#189 = CARTESIAN_POINT('',(-26.03399514198,-30.,3.966004858015));
#190 = CARTESIAN_POINT('',(-26.17113148057,-30.,3.828868519425));
#191 = CARTESIAN_POINT('',(-26.3082678193,-30.,3.691732180699));
#192 = CARTESIAN_POINT('',(-26.44540415816,-30.,3.554595841838));
#193 = CARTESIAN_POINT('',(-26.58254049716,-30.,3.41745950284));
#194 = CARTESIAN_POINT('',(-26.71967683629,-30.,3.280323163703));
#195 = CARTESIAN_POINT('',(-26.85681317557,-30.,3.143186824426));
#196 = CARTESIAN_POINT('',(-26.99394951499,-30.,3.006050485008));
#197 = CARTESIAN_POINT('',(-27.13108585455,-30.,2.868914145448));
#198 = CARTESIAN_POINT('',(-27.26822219425,-30.,2.731777805745));
#199 = CARTESIAN_POINT('',(-27.4053585341,-30.,2.594641465897));
#200 = CARTESIAN_POINT('',(-27.54249487409,-30.,2.457505125904));
#201 = CARTESIAN_POINT('',(-27.67963121423,-30.,2.320368785763));
#202 = CARTESIAN_POINT('',(-27.81676755452,-30.,2.183232445475));
#203 = CARTESIAN_POINT('',(-27.95390389496,-30.,2.046096105038));
#204 = CARTESIAN_POINT('',(-28.09104023554,-30.,1.908959764451));
#205 = CARTESIAN_POINT('',(-28.22817657628,-30.,1.771823423714));
#206 = CARTESIAN_POINT('',(-28.36531291717,-30.,1.634687082824));
#207 = CARTESIAN_POINT('',(-28.50244925822,-30.,1.49755074178));
#208 = CARTESIAN_POINT('',(-28.63958559941,-30.,1.360414400583));
#209 = CARTESIAN_POINT('',(-28.77672194076,-30.,1.223278059231));
#210 = CARTESIAN_POINT('',(-28.91385828227,-30.,1.086141717723));
#211 = CARTESIAN_POINT('',(-29.05099462394,-30.,0.949005376059));
#212 = CARTESIAN_POINT('',(-29.18813096576,-30.,0.811869034236));
#213 = CARTESIAN_POINT('',(-29.32526730774,-30.,0.674732692255));
#214 = CARTESIAN_POINT('',(-29.46240364988,-30.,0.537596350114));
#215 = CARTESIAN_POINT('',(-29.59953999218,-30.,0.400460007813));
#216 = CARTESIAN_POINT('',(-29.73667633464,-30.,0.263323665351));
#217 = CARTESIAN_POINT('',(-29.87381267727,-30.,0.126187322727));
#218 = CARTESIAN_POINT('',(-30.,-30.,-2.384824276119E-14));
#219 = PCURVE('',#220,#6917);
#220 = B_SPLINE_SURFACE_WITH_KNOTS('',13,14,(
    (#221,#222,#223,#224,#225,#226,#227,#228,#229,#230,#231,#232,#233
      ,#234,#235,#236,#237,#238,#239,#240,#241,#242,#243,#244,#245,#246
      ,#247,#248,#249,#250,#251,#252,#253,#254,#255,#256,#257,#258,#259
      ,#260,#261,#262,#263,#264,#265,#266,#267,#268,#269,#270,#271,#272
      ,#273,#274)
    ,(#275,#276,#277,#278,#279,#280,#281,#282,#283,#284,#285,#286,#287
      ,#288,#289,#290,#291,#292,#293,#294,#295,#296,#297,#298,#299,#300
      ,#301,#302,#303,#304,#305,#306,#307,#308,#309,#310,#311,#312,#313
      ,#314,#315,#316,#317,#318,#319,#320,#321,#322,#323,#324,#325,#326
      ,#327,#328)
    ,(#329,#330,#331,#332,#333,#334,#335,#336,#337,#338,#339,#340,#341
      ,#342,#343,#344,#345,#346,#347,#348,#349,#350,#351,#352,#353,#354
      ,#355,#356,#357,#358,#359,#360,#361,#362,#363,#364,#365,#366,#367
      ,#368,#369,#370,#371,#372,#373,#374,#375,#376,#377,#378,#379,#380
      ,#381,#382)
    ,(#383,#384,#385,#386,#387,#388,#389,#390,#391,#392,#393,#394,#395
      ,#396,#397,#398,#399,#400,#401,#402,#403,#404,#405,#406,#407,#408
      ,#409,#410,#411,#412,#413,#414,#415,#416,#417,#418,#419,#420,#421
      ,#422,#423,#424,#425,#426,#427,#428,#429,#430,#431,#432,#433,#434
      ,#435,#436)
    ,(#437,#438,#439,#440,#441,#442,#443,#444,#445,#446,#447,#448,#449
      ,#450,#451,#452,#453,#454,#455,#456,#457,#458,#459,#460,#461,#462
      ,#463,#464,#465,#466,#467,#468,#469,#470,#471,#472,#473,#474,#475
      ,#476,#477,#478,#479,#480,#481,#482,#483,#484,#485,#486,#487,#488
      ,#489,#490)
    ,(#491,#492,#493,#494,#495,#496,#497,#498,#499,#500,#501,#502,#503
      ,#504,#505,#506,#507,#508,#509,#510,#511,#512,#513,#514,#515,#516
      ,#517,#518,#519,#520,#521,#522,#523,#524,#525,#526,#527,#528,#529
      ,#530,#531,#532,#533,#534,#535,#536,#537,#538,#539,#540,#541,#542
      ,#543,#544)
    ,(#545,#546,#547,#548,#549,#550,#551,#552,#553,#554,#555,#556,#557
      ,#558,#559,#560,#561,#562,#563,#564,#565,#566,#567,#568,#569,#570
      ,#571,#572,#573,#574,#575,#576,#577,#578,#579,#580,#581,#582,#583
      ,#584,#585,#586,#587,#588,#589,#590,#591,#592,#593,#594,#595,#596
      ,#597,#598)
    ,(#599,#600,#601,#602,#603,#604,#605,#606,#607,#608,#609,#610,#611
      ,#612,#613,#614,#615,#616,#617,#618,#619,#620,#621,#622,#623,#624
      ,#625,#626,#627,#628,#629,#630,#631,#632,#633,#634,#635,#636,#637
      ,#638,#639,#640,#641,#642,#643,#644,#645,#646,#647,#648,#649,#650
      ,#651,#652)
    ,(#653,#654,#655,#656,#657,#658,#659,#660,#661,#662,#663,#664,#665
      ,#666,#667,#668,#669,#670,#671,#672,#673,#674,#675,#676,#677,#678
      ,#679,#680,#681,#682,#683,#684,#685,#686,#687,#688,#689,#690,#691
      ,#692,#693,#694,#695,#696,#697,#698,#699,#700,#701,#702,#703,#704
      ,#705,#706)
    ,(#707,#708,#709,#710,#711,#712,#713,#714,#715,#716,#717,#718,#719
      ,#720,#721,#722,#723,#724,#725,#726,#727,#728,#729,#730,#731,#732
      ,#733,#734,#735,#736,#737,#738,#739,#740,#741,#742,#743,#744,#745
      ,#746,#747,#748,#749,#750,#751,#752,#753,#754,#755,#756,#757,#758
      ,#759,#760)
    ,(#761,#762,#763,#764,#765,#766,#767,#768,#769,#770,#771,#772,#773
      ,#774,#775,#776,#777,#778,#779,#780,#781,#782,#783,#784,#785,#786
      ,#787,#788,#789,#790,#791,#792,#793,#794,#795,#796,#797,#798,#799
      ,#800,#801,#802,#803,#804,#805,#806,#807,#808,#809,#810,#811,#812
      ,#813,#814)
    ,(#815,#816,#817,#818,#819,#820,#821,#822,#823,#824,#825,#826,#827
      ,#828,#829,#830,#831,#832,#833,#834,#835,#836,#837,#838,#839,#840
      ,#841,#842,#843,#844,#845,#846,#847,#848,#849,#850,#851,#852,#853
      ,#854,#855,#856,#857,#858,#859,#860,#861,#862,#863,#864,#865,#866
      ,#867,#868)
    ,(#869,#870,#871,#872,#873,#874,#875,#876,#877,#878,#879,#880,#881
      ,#882,#883,#884,#885,#886,#887,#888,#889,#890,#891,#892,#893,#894
      ,#895,#896,#897,#898,#899,#900,#901,#902,#903,#904,#905,#906,#907
      ,#908,#909,#910,#911,#912,#913,#914,#915,#916,#917,#918,#919,#920
      ,#921,#922)
    ,(#923,#924,#925,#926,#927,#928,#929,#930,#931,#932,#933,#934,#935
      ,#936,#937,#938,#939,#940,#941,#942,#943,#944,#945,#946,#947,#948
      ,#949,#950,#951,#952,#953,#954,#955,#956,#957,#958,#959,#960,#961
      ,#962,#963,#964,#965,#966,#967,#968,#969,#970,#971,#972,#973,#974
      ,#975,#976)
    ,(#977,#978,#979,#980,#981,#982,#983,#984,#985,#986,#987,#988,#989
      ,#990,#991,#992,#993,#994,#995,#996,#997,#998,#999,#1000,#1001
      ,#1002,#1003,#1004,#1005,#1006,#1007,#1008,#1009,#1010,#1011,#1012
      ,#1013,#1014,#1015,#1016,#1017,#1018,#1019,#1020,#1021,#1022,#1023
      ,#1024,#1025,#1026,#1027,#1028,#1029,#1030)
    ,(#1031,#1032,#1033,#1034,#1035,#1036,#1037,#1038,#1039,#1040,#1041
      ,#1042,#1043,#1044,#1045,#1046,#1047,#1048,#1049,#1050,#1051,#1052
      ,#1053,#1054,#1055,#1056,#1057,#1058,#1059,#1060,#1061,#1062,#1063
      ,#1064,#1065,#1066,#1067,#1068,#1069,#1070,#1071,#1072,#1073,#1074
      ,#1075,#1076,#1077,#1078,#1079,#1080,#1081,#1082,#1083,#1084)
    ,(#1085,#1086,#1087,#1088,#1089,#1090,#1091,#1092,#1093,#1094,#1095
      ,#1096,#1097,#1098,#1099,#1100,#1101,#1102,#1103,#1104,#1105,#1106
      ,#1107,#1108,#1109,#1110,#1111,#1112,#1113,#1114,#1115,#1116,#1117
      ,#1118,#1119,#1120,#1121,#1122,#1123,#1124,#1125,#1126,#1127,#1128
      ,#1129,#1130,#1131,#1132,#1133,#1134,#1135,#1136,#1137,#1138)
    ,(#1139,#1140,#1141,#1142,#1143,#1144,#1145,#1146,#1147,#1148,#1149
      ,#1150,#1151,#1152,#1153,#1154,#1155,#1156,#1157,#1158,#1159,#1160
      ,#1161,#1162,#1163,#1164,#1165,#1166,#1167,#1168,#1169,#1170,#1171
      ,#1172,#1173,#1174,#1175,#1176,#1177,#1178,#1179,#1180,#1181,#1182
      ,#1183,#1184,#1185,#1186,#1187,#1188,#1189,#1190,#1191,#1192)
    ,(#1193,#1194,#1195,#1196,#1197,#1198,#1199,#1200,#1201,#1202,#1203
      ,#1204,#1205,#1206,#1207,#1208,#1209,#1210,#1211,#1212,#1213,#1214
      ,#1215,#1216,#1217,#1218,#1219,#1220,#1221,#1222,#1223,#1224,#1225
      ,#1226,#1227,#1228,#1229,#1230,#1231,#1232,#1233,#1234,#1235,#1236
      ,#1237,#1238,#1239,#1240,#1241,#1242,#1243,#1244,#1245,#1246)
    ,(#1247,#1248,#1249,#1250,#1251,#1252,#1253,#1254,#1255,#1256,#1257
      ,#1258,#1259,#1260,#1261,#1262,#1263,#1264,#1265,#1266,#1267,#1268
      ,#1269,#1270,#1271,#1272,#1273,#1274,#1275,#1276,#1277,#1278,#1279
      ,#1280,#1281,#1282,#1283,#1284,#1285,#1286,#1287,#1288,#1289,#1290
      ,#1291,#1292,#1293,#1294,#1295,#1296,#1297,#1298,#1299,#1300)
    ,(#1301,#1302,#1303,#1304,#1305,#1306,#1307,#1308,#1309,#1310,#1311
      ,#1312,#1313,#1314,#1315,#1316,#1317,#1318,#1319,#1320,#1321,#1322
      ,#1323,#1324,#1325,#1326,#1327,#1328,#1329,#1330,#1331,#1332,#1333
      ,#1334,#1335,#1336,#1337,#1338,#1339,#1340,#1341,#1342,#1343,#1344
      ,#1345,#1346,#1347,#1348,#1349,#1350,#1351,#1352,#1353,#1354)
    ,(#1355,#1356,#1357,#1358,#1359,#1360,#1361,#1362,#1363,#1364,#1365
      ,#1366,#1367,#1368,#1369,#1370,#1371,#1372,#1373,#1374,#1375,#1376
      ,#1377,#1378,#1379,#1380,#1381,#1382,#1383,#1384,#1385,#1386,#1387
      ,#1388,#1389,#1390,#1391,#1392,#1393,#1394,#1395,#1396,#1397,#1398
      ,#1399,#1400,#1401,#1402,#1403,#1404,#1405,#1406,#1407,#1408)
    ,(#1409,#1410,#1411,#1412,#1413,#1414,#1415,#1416,#1417,#1418,#1419
      ,#1420,#1421,#1422,#1423,#1424,#1425,#1426,#1427,#1428,#1429,#1430
      ,#1431,#1432,#1433,#1434,#1435,#1436,#1437,#1438,#1439,#1440,#1441
      ,#1442,#1443,#1444,#1445,#1446,#1447,#1448,#1449,#1450,#1451,#1452
      ,#1453,#1454,#1455,#1456,#1457,#1458,#1459,#1460,#1461,#1462)
    ,(#1463,#1464,#1465,#1466,#1467,#1468,#1469,#1470,#1471,#1472,#1473
      ,#1474,#1475,#1476,#1477,#1478,#1479,#1480,#1481,#1482,#1483,#1484
      ,#1485,#1486,#1487,#1488,#1489,#1490,#1491,#1492,#1493,#1494,#1495
      ,#1496,#1497,#1498,#1499,#1500,#1501,#1502,#1503,#1504,#1505,#1506
      ,#1507,#1508,#1509,#1510,#1511,#1512,#1513,#1514,#1515,#1516)
    ,(#1517,#1518,#1519,#1520,#1521,#1522,#1523,#1524,#1525,#1526,#1527
      ,#1528,#1529,#1530,#1531,#1532,#1533,#1534,#1535,#1536,#1537,#1538
      ,#1539,#1540,#1541,#1542,#1543,#1544,#1545,#1546,#1547,#1548,#1549
      ,#1550,#1551,#1552,#1553,#1554,#1555,#1556,#1557,#1558,#1559,#1560
      ,#1561,#1562,#1563,#1564,#1565,#1566,#1567,#1568,#1569,#1570)
    ,(#1571,#1572,#1573,#1574,#1575,#1576,#1577,#1578,#1579,#1580,#1581
      ,#1582,#1583,#1584,#1585,#1586,#1587,#1588,#1589,#1590,#1591,#1592
      ,#1593,#1594,#1595,#1596,#1597,#1598,#1599,#1600,#1601,#1602,#1603
      ,#1604,#1605,#1606,#1607,#1608,#1609,#1610,#1611,#1612,#1613,#1614
      ,#1615,#1616,#1617,#1618,#1619,#1620,#1621,#1622,#1623,#1624)
    ,(#1625,#1626,#1627,#1628,#1629,#1630,#1631,#1632,#1633,#1634,#1635
      ,#1636,#1637,#1638,#1639,#1640,#1641,#1642,#1643,#1644,#1645,#1646
      ,#1647,#1648,#1649,#1650,#1651,#1652,#1653,#1654,#1655,#1656,#1657
      ,#1658,#1659,#1660,#1661,#1662,#1663,#1664,#1665,#1666,#1667,#1668
      ,#1669,#1670,#1671,#1672,#1673,#1674,#1675,#1676,#1677,#1678)
    ,(#1679,#1680,#1681,#1682,#1683,#1684,#1685,#1686,#1687,#1688,#1689
      ,#1690,#1691,#1692,#1693,#1694,#1695,#1696,#1697,#1698,#1699,#1700
      ,#1701,#1702,#1703,#1704,#1705,#1706,#1707,#1708,#1709,#1710,#1711
      ,#1712,#1713,#1714,#1715,#1716,#1717,#1718,#1719,#1720,#1721,#1722
      ,#1723,#1724,#1725,#1726,#1727,#1728,#1729,#1730,#1731,#1732)
    ,(#1733,#1734,#1735,#1736,#1737,#1738,#1739,#1740,#1741,#1742,#1743
      ,#1744,#1745,#1746,#1747,#1748,#1749,#1750,#1751,#1752,#1753,#1754
      ,#1755,#1756,#1757,#1758,#1759,#1760,#1761,#1762,#1763,#1764,#1765
      ,#1766,#1767,#1768,#1769,#1770,#1771,#1772,#1773,#1774,#1775,#1776
      ,#1777,#1778,#1779,#1780,#1781,#1782,#1783,#1784,#1785,#1786)
    ,(#1787,#1788,#1789,#1790,#1791,#1792,#1793,#1794,#1795,#1796,#1797
      ,#1798,#1799,#1800,#1801,#1802,#1803,#1804,#1805,#1806,#1807,#1808
      ,#1809,#1810,#1811,#1812,#1813,#1814,#1815,#1816,#1817,#1818,#1819
      ,#1820,#1821,#1822,#1823,#1824,#1825,#1826,#1827,#1828,#1829,#1830
      ,#1831,#1832,#1833,#1834,#1835,#1836,#1837,#1838,#1839,#1840)
    ,(#1841,#1842,#1843,#1844,#1845,#1846,#1847,#1848,#1849,#1850,#1851
      ,#1852,#1853,#1854,#1855,#1856,#1857,#1858,#1859,#1860,#1861,#1862
      ,#1863,#1864,#1865,#1866,#1867,#1868,#1869,#1870,#1871,#1872,#1873
      ,#1874,#1875,#1876,#1877,#1878,#1879,#1880,#1881,#1882,#1883,#1884
      ,#1885,#1886,#1887,#1888,#1889,#1890,#1891,#1892,#1893,#1894)
    ,(#1895,#1896,#1897,#1898,#1899,#1900,#1901,#1902,#1903,#1904,#1905
      ,#1906,#1907,#1908,#1909,#1910,#1911,#1912,#1913,#1914,#1915,#1916
      ,#1917,#1918,#1919,#1920,#1921,#1922,#1923,#1924,#1925,#1926,#1927
      ,#1928,#1929,#1930,#1931,#1932,#1933,#1934,#1935,#1936,#1937,#1938
      ,#1939,#1940,#1941,#1942,#1943,#1944,#1945,#1946,#1947,#1948)
    ,(#1949,#1950,#1951,#1952,#1953,#1954,#1955,#1956,#1957,#1958,#1959
      ,#1960,#1961,#1962,#1963,#1964,#1965,#1966,#1967,#1968,#1969,#1970
      ,#1971,#1972,#1973,#1974,#1975,#1976,#1977,#1978,#1979,#1980,#1981
      ,#1982,#1983,#1984,#1985,#1986,#1987,#1988,#1989,#1990,#1991,#1992
      ,#1993,#1994,#1995,#1996,#1997,#1998,#1999,#2000,#2001,#2002)
    ,(#2003,#2004,#2005,#2006,#2007,#2008,#2009,#2010,#2011,#2012,#2013
      ,#2014,#2015,#2016,#2017,#2018,#2019,#2020,#2021,#2022,#2023,#2024
      ,#2025,#2026,#2027,#2028,#2029,#2030,#2031,#2032,#2033,#2034,#2035
      ,#2036,#2037,#2038,#2039,#2040,#2041,#2042,#2043,#2044,#2045,#2046
      ,#2047,#2048,#2049,#2050,#2051,#2052,#2053,#2054,#2055,#2056)
    ,(#2057,#2058,#2059,#2060,#2061,#2062,#2063,#2064,#2065,#2066,#2067
      ,#2068,#2069,#2070,#2071,#2072,#2073,#2074,#2075,#2076,#2077,#2078
      ,#2079,#2080,#2081,#2082,#2083,#2084,#2085,#2086,#2087,#2088,#2089
      ,#2090,#2091,#2092,#2093,#2094,#2095,#2096,#2097,#2098,#2099,#2100
      ,#2101,#2102,#2103,#2104,#2105,#2106,#2107,#2108,#2109,#2110)
    ,(#2111,#2112,#2113,#2114,#2115,#2116,#2117,#2118,#2119,#2120,#2121
      ,#2122,#2123,#2124,#2125,#2126,#2127,#2128,#2129,#2130,#2131,#2132
      ,#2133,#2134,#2135,#2136,#2137,#2138,#2139,#2140,#2141,#2142,#2143
      ,#2144,#2145,#2146,#2147,#2148,#2149,#2150,#2151,#2152,#2153,#2154
      ,#2155,#2156,#2157,#2158,#2159,#2160,#2161,#2162,#2163,#2164)
    ,(#2165,#2166,#2167,#2168,#2169,#2170,#2171,#2172,#2173,#2174,#2175
      ,#2176,#2177,#2178,#2179,#2180,#2181,#2182,#2183,#2184,#2185,#2186
      ,#2187,#2188,#2189,#2190,#2191,#2192,#2193,#2194,#2195,#2196,#2197
      ,#2198,#2199,#2200,#2201,#2202,#2203,#2204,#2205,#2206,#2207,#2208
      ,#2209,#2210,#2211,#2212,#2213,#2214,#2215,#2216,#2217,#2218)
    ,(#2219,#2220,#2221,#2222,#2223,#2224,#2225,#2226,#2227,#2228,#2229
      ,#2230,#2231,#2232,#2233,#2234,#2235,#2236,#2237,#2238,#2239,#2240
      ,#2241,#2242,#2243,#2244,#2245,#2246,#2247,#2248,#2249,#2250,#2251
      ,#2252,#2253,#2254,#2255,#2256,#2257,#2258,#2259,#2260,#2261,#2262
      ,#2263,#2264,#2265,#2266,#2267,#2268,#2269,#2270,#2271,#2272)
    ,(#2273,#2274,#2275,#2276,#2277,#2278,#2279,#2280,#2281,#2282,#2283
      ,#2284,#2285,#2286,#2287,#2288,#2289,#2290,#2291,#2292,#2293,#2294
      ,#2295,#2296,#2297,#2298,#2299,#2300,#2301,#2302,#2303,#2304,#2305
      ,#2306,#2307,#2308,#2309,#2310,#2311,#2312,#2313,#2314,#2315,#2316
      ,#2317,#2318,#2319,#2320,#2321,#2322,#2323,#2324,#2325,#2326)
    ,(#2327,#2328,#2329,#2330,#2331,#2332,#2333,#2334,#2335,#2336,#2337
      ,#2338,#2339,#2340,#2341,#2342,#2343,#2344,#2345,#2346,#2347,#2348
      ,#2349,#2350,#2351,#2352,#2353,#2354,#2355,#2356,#2357,#2358,#2359
      ,#2360,#2361,#2362,#2363,#2364,#2365,#2366,#2367,#2368,#2369,#2370
      ,#2371,#2372,#2373,#2374,#2375,#2376,#2377,#2378,#2379,#2380)
    ,(#2381,#2382,#2383,#2384,#2385,#2386,#2387,#2388,#2389,#2390,#2391
      ,#2392,#2393,#2394,#2395,#2396,#2397,#2398,#2399,#2400,#2401,#2402
      ,#2403,#2404,#2405,#2406,#2407,#2408,#2409,#2410,#2411,#2412,#2413
      ,#2414,#2415,#2416,#2417,#2418,#2419,#2420,#2421,#2422,#2423,#2424
      ,#2425,#2426,#2427,#2428,#2429,#2430,#2431,#2432,#2433,#2434)
    ,(#2435,#2436,#2437,#2438,#2439,#2440,#2441,#2442,#2443,#2444,#2445
      ,#2446,#2447,#2448,#2449,#2450,#2451,#2452,#2453,#2454,#2455,#2456
      ,#2457,#2458,#2459,#2460,#2461,#2462,#2463,#2464,#2465,#2466,#2467
      ,#2468,#2469,#2470,#2471,#2472,#2473,#2474,#2475,#2476,#2477,#2478
      ,#2479,#2480,#2481,#2482,#2483,#2484,#2485,#2486,#2487,#2488)
    ,(#2489,#2490,#2491,#2492,#2493,#2494,#2495,#2496,#2497,#2498,#2499
      ,#2500,#2501,#2502,#2503,#2504,#2505,#2506,#2507,#2508,#2509,#2510
      ,#2511,#2512,#2513,#2514,#2515,#2516,#2517,#2518,#2519,#2520,#2521
      ,#2522,#2523,#2524,#2525,#2526,#2527,#2528,#2529,#2530,#2531,#2532
      ,#2533,#2534,#2535,#2536,#2537,#2538,#2539,#2540,#2541,#2542)
    ,(#2543,#2544,#2545,#2546,#2547,#2548,#2549,#2550,#2551,#2552,#2553
      ,#2554,#2555,#2556,#2557,#2558,#2559,#2560,#2561,#2562,#2563,#2564
      ,#2565,#2566,#2567,#2568,#2569,#2570,#2571,#2572,#2573,#2574,#2575
      ,#2576,#2577,#2578,#2579,#2580,#2581,#2582,#2583,#2584,#2585,#2586
      ,#2587,#2588,#2589,#2590,#2591,#2592,#2593,#2594,#2595,#2596)
    ,(#2597,#2598,#2599,#2600,#2601,#2602,#2603,#2604,#2605,#2606,#2607
      ,#2608,#2609,#2610,#2611,#2612,#2613,#2614,#2615,#2616,#2617,#2618
      ,#2619,#2620,#2621,#2622,#2623,#2624,#2625,#2626,#2627,#2628,#2629
      ,#2630,#2631,#2632,#2633,#2634,#2635,#2636,#2637,#2638,#2639,#2640
      ,#2641,#2642,#2643,#2644,#2645,#2646,#2647,#2648,#2649,#2650)
    ,(#2651,#2652,#2653,#2654,#2655,#2656,#2657,#2658,#2659,#2660,#2661
      ,#2662,#2663,#2664,#2665,#2666,#2667,#2668,#2669,#2670,#2671,#2672
      ,#2673,#2674,#2675,#2676,#2677,#2678,#2679,#2680,#2681,#2682,#2683
      ,#2684,#2685,#2686,#2687,#2688,#2689,#2690,#2691,#2692,#2693,#2694
      ,#2695,#2696,#2697,#2698,#2699,#2700,#2701,#2702,#2703,#2704)
    ,(#2705,#2706,#2707,#2708,#2709,#2710,#2711,#2712,#2713,#2714,#2715
      ,#2716,#2717,#2718,#2719,#2720,#2721,#2722,#2723,#2724,#2725,#2726
      ,#2727,#2728,#2729,#2730,#2731,#2732,#2733,#2734,#2735,#2736,#2737
      ,#2738,#2739,#2740,#2741,#2742,#2743,#2744,#2745,#2746,#2747,#2748
      ,#2749,#2750,#2751,#2752,#2753,#2754,#2755,#2756,#2757,#2758)
    ,(#2759,#2760,#2761,#2762,#2763,#2764,#2765,#2766,#2767,#2768,#2769
      ,#2770,#2771,#2772,#2773,#2774,#2775,#2776,#2777,#2778,#2779,#2780
      ,#2781,#2782,#2783,#2784,#2785,#2786,#2787,#2788,#2789,#2790,#2791
      ,#2792,#2793,#2794,#2795,#2796,#2797,#2798,#2799,#2800,#2801,#2802
      ,#2803,#2804,#2805,#2806,#2807,#2808,#2809,#2810,#2811,#2812)
    ,(#2813,#2814,#2815,#2816,#2817,#2818,#2819,#2820,#2821,#2822,#2823
      ,#2824,#2825,#2826,#2827,#2828,#2829,#2830,#2831,#2832,#2833,#2834
      ,#2835,#2836,#2837,#2838,#2839,#2840,#2841,#2842,#2843,#2844,#2845
      ,#2846,#2847,#2848,#2849,#2850,#2851,#2852,#2853,#2854,#2855,#2856
      ,#2857,#2858,#2859,#2860,#2861,#2862,#2863,#2864,#2865,#2866)
    ,(#2867,#2868,#2869,#2870,#2871,#2872,#2873,#2874,#2875,#2876,#2877
      ,#2878,#2879,#2880,#2881,#2882,#2883,#2884,#2885,#2886,#2887,#2888
      ,#2889,#2890,#2891,#2892,#2893,#2894,#2895,#2896,#2897,#2898,#2899
      ,#2900,#2901,#2902,#2903,#2904,#2905,#2906,#2907,#2908,#2909,#2910
      ,#2911,#2912,#2913,#2914,#2915,#2916,#2917,#2918,#2919,#2920)
    ,(#2921,#2922,#2923,#2924,#2925,#2926,#2927,#2928,#2929,#2930,#2931
      ,#2932,#2933,#2934,#2935,#2936,#2937,#2938,#2939,#2940,#2941,#2942
      ,#2943,#2944,#2945,#2946,#2947,#2948,#2949,#2950,#2951,#2952,#2953
      ,#2954,#2955,#2956,#2957,#2958,#2959,#2960,#2961,#2962,#2963,#2964
      ,#2965,#2966,#2967,#2968,#2969,#2970,#2971,#2972,#2973,#2974)
    ,(#2975,#2976,#2977,#2978,#2979,#2980,#2981,#2982,#2983,#2984,#2985
      ,#2986,#2987,#2988,#2989,#2990,#2991,#2992,#2993,#2994,#2995,#2996
      ,#2997,#2998,#2999,#3000,#3001,#3002,#3003,#3004,#3005,#3006,#3007
      ,#3008,#3009,#3010,#3011,#3012,#3013,#3014,#3015,#3016,#3017,#3018
      ,#3019,#3020,#3021,#3022,#3023,#3024,#3025,#3026,#3027,#3028)
    ,(#3029,#3030,#3031,#3032,#3033,#3034,#3035,#3036,#3037,#3038,#3039
      ,#3040,#3041,#3042,#3043,#3044,#3045,#3046,#3047,#3048,#3049,#3050
      ,#3051,#3052,#3053,#3054,#3055,#3056,#3057,#3058,#3059,#3060,#3061
      ,#3062,#3063,#3064,#3065,#3066,#3067,#3068,#3069,#3070,#3071,#3072
      ,#3073,#3074,#3075,#3076,#3077,#3078,#3079,#3080,#3081,#3082)
    ,(#3083,#3084,#3085,#3086,#3087,#3088,#3089,#3090,#3091,#3092,#3093
      ,#3094,#3095,#3096,#3097,#3098,#3099,#3100,#3101,#3102,#3103,#3104
      ,#3105,#3106,#3107,#3108,#3109,#3110,#3111,#3112,#3113,#3114,#3115
      ,#3116,#3117,#3118,#3119,#3120,#3121,#3122,#3123,#3124,#3125,#3126
      ,#3127,#3128,#3129,#3130,#3131,#3132,#3133,#3134,#3135,#3136)
    ,(#3137,#3138,#3139,#3140,#3141,#3142,#3143,#3144,#3145,#3146,#3147
      ,#3148,#3149,#3150,#3151,#3152,#3153,#3154,#3155,#3156,#3157,#3158
      ,#3159,#3160,#3161,#3162,#3163,#3164,#3165,#3166,#3167,#3168,#3169
      ,#3170,#3171,#3172,#3173,#3174,#3175,#3176,#3177,#3178,#3179,#3180
      ,#3181,#3182,#3183,#3184,#3185,#3186,#3187,#3188,#3189,#3190)
    ,(#3191,#3192,#3193,#3194,#3195,#3196,#3197,#3198,#3199,#3200,#3201
      ,#3202,#3203,#3204,#3205,#3206,#3207,#3208,#3209,#3210,#3211,#3212
      ,#3213,#3214,#3215,#3216,#3217,#3218,#3219,#3220,#3221,#3222,#3223
      ,#3224,#3225,#3226,#3227,#3228,#3229,#3230,#3231,#3232,#3233,#3234
      ,#3235,#3236,#3237,#3238,#3239,#3240,#3241,#3242,#3243,#3244)
    ,(#3245,#3246,#3247,#3248,#3249,#3250,#3251,#3252,#3253,#3254,#3255
      ,#3256,#3257,#3258,#3259,#3260,#3261,#3262,#3263,#3264,#3265,#3266
      ,#3267,#3268,#3269,#3270,#3271,#3272,#3273,#3274,#3275,#3276,#3277
      ,#3278,#3279,#3280,#3281,#3282,#3283,#3284,#3285,#3286,#3287,#3288
      ,#3289,#3290,#3291,#3292,#3293,#3294,#3295,#3296,#3297,#3298)
    ,(#3299,#3300,#3301,#3302,#3303,#3304,#3305,#3306,#3307,#3308,#3309
      ,#3310,#3311,#3312,#3313,#3314,#3315,#3316,#3317,#3318,#3319,#3320
      ,#3321,#3322,#3323,#3324,#3325,#3326,#3327,#3328,#3329,#3330,#3331
      ,#3332,#3333,#3334,#3335,#3336,#3337,#3338,#3339,#3340,#3341,#3342
      ,#3343,#3344,#3345,#3346,#3347,#3348,#3349,#3350,#3351,#3352)
    ,(#3353,#3354,#3355,#3356,#3357,#3358,#3359,#3360,#3361,#3362,#3363
      ,#3364,#3365,#3366,#3367,#3368,#3369,#3370,#3371,#3372,#3373,#3374
      ,#3375,#3376,#3377,#3378,#3379,#3380,#3381,#3382,#3383,#3384,#3385
      ,#3386,#3387,#3388,#3389,#3390,#3391,#3392,#3393,#3394,#3395,#3396
      ,#3397,#3398,#3399,#3400,#3401,#3402,#3403,#3404,#3405,#3406)
    ,(#3407,#3408,#3409,#3410,#3411,#3412,#3413,#3414,#3415,#3416,#3417
      ,#3418,#3419,#3420,#3421,#3422,#3423,#3424,#3425,#3426,#3427,#3428
      ,#3429,#3430,#3431,#3432,#3433,#3434,#3435,#3436,#3437,#3438,#3439
      ,#3440,#3441,#3442,#3443,#3444,#3445,#3446,#3447,#3448,#3449,#3450
      ,#3451,#3452,#3453,#3454,#3455,#3456,#3457,#3458,#3459,#3460)
    ,(#3461,#3462,#3463,#3464,#3465,#3466,#3467,#3468,#3469,#3470,#3471
      ,#3472,#3473,#3474,#3475,#3476,#3477,#3478,#3479,#3480,#3481,#3482
      ,#3483,#3484,#3485,#3486,#3487,#3488,#3489,#3490,#3491,#3492,#3493
      ,#3494,#3495,#3496,#3497,#3498,#3499,#3500,#3501,#3502,#3503,#3504
      ,#3505,#3506,#3507,#3508,#3509,#3510,#3511,#3512,#3513,#3514)
    ,(#3515,#3516,#3517,#3518,#3519,#3520,#3521,#3522,#3523,#3524,#3525
      ,#3526,#3527,#3528,#3529,#3530,#3531,#3532,#3533,#3534,#3535,#3536
      ,#3537,#3538,#3539,#3540,#3541,#3542,#3543,#3544,#3545,#3546,#3547
      ,#3548,#3549,#3550,#3551,#3552,#3553,#3554,#3555,#3556,#3557,#3558
      ,#3559,#3560,#3561,#3562,#3563,#3564,#3565,#3566,#3567,#3568)
    ,(#3569,#3570,#3571,#3572,#3573,#3574,#3575,#3576,#3577,#3578,#3579
      ,#3580,#3581,#3582,#3583,#3584,#3585,#3586,#3587,#3588,#3589,#3590
      ,#3591,#3592,#3593,#3594,#3595,#3596,#3597,#3598,#3599,#3600,#3601
      ,#3602,#3603,#3604,#3605,#3606,#3607,#3608,#3609,#3610,#3611,#3612
      ,#3613,#3614,#3615,#3616,#3617,#3618,#3619,#3620,#3621,#3622)
    ,(#3623,#3624,#3625,#3626,#3627,#3628,#3629,#3630,#3631,#3632,#3633
      ,#3634,#3635,#3636,#3637,#3638,#3639,#3640,#3641,#3642,#3643,#3644
      ,#3645,#3646,#3647,#3648,#3649,#3650,#3651,#3652,#3653,#3654,#3655
      ,#3656,#3657,#3658,#3659,#3660,#3661,#3662,#3663,#3664,#3665,#3666
      ,#3667,#3668,#3669,#3670,#3671,#3672,#3673,#3674,#3675,#3676)
    ,(#3677,#3678,#3679,#3680,#3681,#3682,#3683,#3684,#3685,#3686,#3687
      ,#3688,#3689,#3690,#3691,#3692,#3693,#3694,#3695,#3696,#3697,#3698
      ,#3699,#3700,#3701,#3702,#3703,#3704,#3705,#3706,#3707,#3708,#3709
      ,#3710,#3711,#3712,#3713,#3714,#3715,#3716,#3717,#3718,#3719,#3720
      ,#3721,#3722,#3723,#3724,#3725,#3726,#3727,#3728,#3729,#3730)
    ,(#3731,#3732,#3733,#3734,#3735,#3736,#3737,#3738,#3739,#3740,#3741
      ,#3742,#3743,#3744,#3745,#3746,#3747,#3748,#3749,#3750,#3751,#3752
      ,#3753,#3754,#3755,#3756,#3757,#3758,#3759,#3760,#3761,#3762,#3763
      ,#3764,#3765,#3766,#3767,#3768,#3769,#3770,#3771,#3772,#3773,#3774
      ,#3775,#3776,#3777,#3778,#3779,#3780,#3781,#3782,#3783,#3784)
    ,(#3785,#3786,#3787,#3788,#3789,#3790,#3791,#3792,#3793,#3794,#3795
      ,#3796,#3797,#3798,#3799,#3800,#3801,#3802,#3803,#3804,#3805,#3806
      ,#3807,#3808,#3809,#3810,#3811,#3812,#3813,#3814,#3815,#3816,#3817
      ,#3818,#3819,#3820,#3821,#3822,#3823,#3824,#3825,#3826,#3827,#3828
      ,#3829,#3830,#3831,#3832,#3833,#3834,#3835,#3836,#3837,#3838)
    ,(#3839,#3840,#3841,#3842,#3843,#3844,#3845,#3846,#3847,#3848,#3849
      ,#3850,#3851,#3852,#3853,#3854,#3855,#3856,#3857,#3858,#3859,#3860
      ,#3861,#3862,#3863,#3864,#3865,#3866,#3867,#3868,#3869,#3870,#3871
      ,#3872,#3873,#3874,#3875,#3876,#3877,#3878,#3879,#3880,#3881,#3882
      ,#3883,#3884,#3885,#3886,#3887,#3888,#3889,#3890,#3891,#3892)
    ,(#3893,#3894,#3895,#3896,#3897,#3898,#3899,#3900,#3901,#3902,#3903
      ,#3904,#3905,#3906,#3907,#3908,#3909,#3910,#3911,#3912,#3913,#3914
      ,#3915,#3916,#3917,#3918,#3919,#3920,#3921,#3922,#3923,#3924,#3925
      ,#3926,#3927,#3928,#3929,#3930,#3931,#3932,#3933,#3934,#3935,#3936
      ,#3937,#3938,#3939,#3940,#3941,#3942,#3943,#3944,#3945,#3946)
    ,(#3947,#3948,#3949,#3950,#3951,#3952,#3953,#3954,#3955,#3956,#3957
      ,#3958,#3959,#3960,#3961,#3962,#3963,#3964,#3965,#3966,#3967,#3968
      ,#3969,#3970,#3971,#3972,#3973,#3974,#3975,#3976,#3977,#3978,#3979
      ,#3980,#3981,#3982,#3983,#3984,#3985,#3986,#3987,#3988,#3989,#3990
      ,#3991,#3992,#3993,#3994,#3995,#3996,#3997,#3998,#3999,#4000)
    ,(#4001,#4002,#4003,#4004,#4005,#4006,#4007,#4008,#4009,#4010,#4011
      ,#4012,#4013,#4014,#4015,#4016,#4017,#4018,#4019,#4020,#4021,#4022
      ,#4023,#4024,#4025,#4026,#4027,#4028,#4029,#4030,#4031,#4032,#4033
      ,#4034,#4035,#4036,#4037,#4038,#4039,#4040,#4041,#4042,#4043,#4044
      ,#4045,#4046,#4047,#4048,#4049,#4050,#4051,#4052,#4053,#4054)
    ,(#4055,#4056,#4057,#4058,#4059,#4060,#4061,#4062,#4063,#4064,#4065
      ,#4066,#4067,#4068,#4069,#4070,#4071,#4072,#4073,#4074,#4075,#4076
      ,#4077,#4078,#4079,#4080,#4081,#4082,#4083,#4084,#4085,#4086,#4087
      ,#4088,#4089,#4090,#4091,#4092,#4093,#4094,#4095,#4096,#4097,#4098
      ,#4099,#4100,#4101,#4102,#4103,#4104,#4105,#4106,#4107,#4108)
    ,(#4109,#4110,#4111,#4112,#4113,#4114,#4115,#4116,#4117,#4118,#4119
      ,#4120,#4121,#4122,#4123,#4124,#4125,#4126,#4127,#4128,#4129,#4130
      ,#4131,#4132,#4133,#4134,#4135,#4136,#4137,#4138,#4139,#4140,#4141
      ,#4142,#4143,#4144,#4145,#4146,#4147,#4148,#4149,#4150,#4151,#4152
      ,#4153,#4154,#4155,#4156,#4157,#4158,#4159,#4160,#4161,#4162)
    ,(#4163,#4164,#4165,#4166,#4167,#4168,#4169,#4170,#4171,#4172,#4173
      ,#4174,#4175,#4176,#4177,#4178,#4179,#4180,#4181,#4182,#4183,#4184
      ,#4185,#4186,#4187,#4188,#4189,#4190,#4191,#4192,#4193,#4194,#4195
      ,#4196,#4197,#4198,#4199,#4200,#4201,#4202,#4203,#4204,#4205,#4206
      ,#4207,#4208,#4209,#4210,#4211,#4212,#4213,#4214,#4215,#4216)
    ,(#4217,#4218,#4219,#4220,#4221,#4222,#4223,#4224,#4225,#4226,#4227
      ,#4228,#4229,#4230,#4231,#4232,#4233,#4234,#4235,#4236,#4237,#4238
      ,#4239,#4240,#4241,#4242,#4243,#4244,#4245,#4246,#4247,#4248,#4249
      ,#4250,#4251,#4252,#4253,#4254,#4255,#4256,#4257,#4258,#4259,#4260
      ,#4261,#4262,#4263,#4264,#4265,#4266,#4267,#4268,#4269,#4270)
    ,(#4271,#4272,#4273,#4274,#4275,#4276,#4277,#4278,#4279,#4280,#4281
      ,#4282,#4283,#4284,#4285,#4286,#4287,#4288,#4289,#4290,#4291,#4292
      ,#4293,#4294,#4295,#4296,#4297,#4298,#4299,#4300,#4301,#4302,#4303
      ,#4304,#4305,#4306,#4307,#4308,#4309,#4310,#4311,#4312,#4313,#4314
      ,#4315,#4316,#4317,#4318,#4319,#4320,#4321,#4322,#4323,#4324)
    ,(#4325,#4326,#4327,#4328,#4329,#4330,#4331,#4332,#4333,#4334,#4335
      ,#4336,#4337,#4338,#4339,#4340,#4341,#4342,#4343,#4344,#4345,#4346
      ,#4347,#4348,#4349,#4350,#4351,#4352,#4353,#4354,#4355,#4356,#4357
      ,#4358,#4359,#4360,#4361,#4362,#4363,#4364,#4365,#4366,#4367,#4368
      ,#4369,#4370,#4371,#4372,#4373,#4374,#4375,#4376,#4377,#4378)
    ,(#4379,#4380,#4381,#4382,#4383,#4384,#4385,#4386,#4387,#4388,#4389
      ,#4390,#4391,#4392,#4393,#4394,#4395,#4396,#4397,#4398,#4399,#4400
      ,#4401,#4402,#4403,#4404,#4405,#4406,#4407,#4408,#4409,#4410,#4411
      ,#4412,#4413,#4414,#4415,#4416,#4417,#4418,#4419,#4420,#4421,#4422
      ,#4423,#4424,#4425,#4426,#4427,#4428,#4429,#4430,#4431,#4432)
    ,(#4433,#4434,#4435,#4436,#4437,#4438,#4439,#4440,#4441,#4442,#4443
      ,#4444,#4445,#4446,#4447,#4448,#4449,#4450,#4451,#4452,#4453,#4454
      ,#4455,#4456,#4457,#4458,#4459,#4460,#4461,#4462,#4463,#4464,#4465
      ,#4466,#4467,#4468,#4469,#4470,#4471,#4472,#4473,#4474,#4475,#4476
      ,#4477,#4478,#4479,#4480,#4481,#4482,#4483,#4484,#4485,#4486)
    ,(#4487,#4488,#4489,#4490,#4491,#4492,#4493,#4494,#4495,#4496,#4497
      ,#4498,#4499,#4500,#4501,#4502,#4503,#4504,#4505,#4506,#4507,#4508
      ,#4509,#4510,#4511,#4512,#4513,#4514,#4515,#4516,#4517,#4518,#4519
      ,#4520,#4521,#4522,#4523,#4524,#4525,#4526,#4527,#4528,#4529,#4530
      ,#4531,#4532,#4533,#4534,#4535,#4536,#4537,#4538,#4539,#4540)
    ,(#4541,#4542,#4543,#4544,#4545,#4546,#4547,#4548,#4549,#4550,#4551
      ,#4552,#4553,#4554,#4555,#4556,#4557,#4558,#4559,#4560,#4561,#4562
      ,#4563,#4564,#4565,#4566,#4567,#4568,#4569,#4570,#4571,#4572,#4573
      ,#4574,#4575,#4576,#4577,#4578,#4579,#4580,#4581,#4582,#4583,#4584
      ,#4585,#4586,#4587,#4588,#4589,#4590,#4591,#4592,#4593,#4594)
    ,(#4595,#4596,#4597,#4598,#4599,#4600,#4601,#4602,#4603,#4604,#4605
      ,#4606,#4607,#4608,#4609,#4610,#4611,#4612,#4613,#4614,#4615,#4616
      ,#4617,#4618,#4619,#4620,#4621,#4622,#4623,#4624,#4625,#4626,#4627
      ,#4628,#4629,#4630,#4631,#4632,#4633,#4634,#4635,#4636,#4637,#4638
      ,#4639,#4640,#4641,#4642,#4643,#4644,#4645,#4646,#4647,#4648)
    ,(#4649,#4650,#4651,#4652,#4653,#4654,#4655,#4656,#4657,#4658,#4659
      ,#4660,#4661,#4662,#4663,#4664,#4665,#4666,#4667,#4668,#4669,#4670
      ,#4671,#4672,#4673,#4674,#4675,#4676,#4677,#4678,#4679,#4680,#4681
      ,#4682,#4683,#4684,#4685,#4686,#4687,#4688,#4689,#4690,#4691,#4692
      ,#4693,#4694,#4695,#4696,#4697,#4698,#4699,#4700,#4701,#4702)
    ,(#4703,#4704,#4705,#4706,#4707,#4708,#4709,#4710,#4711,#4712,#4713
      ,#4714,#4715,#4716,#4717,#4718,#4719,#4720,#4721,#4722,#4723,#4724
      ,#4725,#4726,#4727,#4728,#4729,#4730,#4731,#4732,#4733,#4734,#4735
      ,#4736,#4737,#4738,#4739,#4740,#4741,#4742,#4743,#4744,#4745,#4746
      ,#4747,#4748,#4749,#4750,#4751,#4752,#4753,#4754,#4755,#4756)
    ,(#4757,#4758,#4759,#4760,#4761,#4762,#4763,#4764,#4765,#4766,#4767
      ,#4768,#4769,#4770,#4771,#4772,#4773,#4774,#4775,#4776,#4777,#4778
      ,#4779,#4780,#4781,#4782,#4783,#4784,#4785,#4786,#4787,#4788,#4789
      ,#4790,#4791,#4792,#4793,#4794,#4795,#4796,#4797,#4798,#4799,#4800
      ,#4801,#4802,#4803,#4804,#4805,#4806,#4807,#4808,#4809,#4810)
    ,(#4811,#4812,#4813,#4814,#4815,#4816,#4817,#4818,#4819,#4820,#4821
      ,#4822,#4823,#4824,#4825,#4826,#4827,#4828,#4829,#4830,#4831,#4832
      ,#4833,#4834,#4835,#4836,#4837,#4838,#4839,#4840,#4841,#4842,#4843
      ,#4844,#4845,#4846,#4847,#4848,#4849,#4850,#4851,#4852,#4853,#4854
      ,#4855,#4856,#4857,#4858,#4859,#4860,#4861,#4862,#4863,#4864)
    ,(#4865,#4866,#4867,#4868,#4869,#4870,#4871,#4872,#4873,#4874,#4875
      ,#4876,#4877,#4878,#4879,#4880,#4881,#4882,#4883,#4884,#4885,#4886
      ,#4887,#4888,#4889,#4890,#4891,#4892,#4893,#4894,#4895,#4896,#4897
      ,#4898,#4899,#4900,#4901,#4902,#4903,#4904,#4905,#4906,#4907,#4908
      ,#4909,#4910,#4911,#4912,#4913,#4914,#4915,#4916,#4917,#4918)
    ,(#4919,#4920,#4921,#4922,#4923,#4924,#4925,#4926,#4927,#4928,#4929
      ,#4930,#4931,#4932,#4933,#4934,#4935,#4936,#4937,#4938,#4939,#4940
      ,#4941,#4942,#4943,#4944,#4945,#4946,#4947,#4948,#4949,#4950,#4951
      ,#4952,#4953,#4954,#4955,#4956,#4957,#4958,#4959,#4960,#4961,#4962
      ,#4963,#4964,#4965,#4966,#4967,#4968,#4969,#4970,#4971,#4972)
    ,(#4973,#4974,#4975,#4976,#4977,#4978,#4979,#4980,#4981,#4982,#4983
      ,#4984,#4985,#4986,#4987,#4988,#4989,#4990,#4991,#4992,#4993,#4994
      ,#4995,#4996,#4997,#4998,#4999,#5000,#5001,#5002,#5003,#5004,#5005
      ,#5006,#5007,#5008,#5009,#5010,#5011,#5012,#5013,#5014,#5015,#5016
      ,#5017,#5018,#5019,#5020,#5021,#5022,#5023,#5024,#5025,#5026)
    ,(#5027,#5028,#5029,#5030,#5031,#5032,#5033,#5034,#5035,#5036,#5037
      ,#5038,#5039,#5040,#5041,#5042,#5043,#5044,#5045,#5046,#5047,#5048
      ,#5049,#5050,#5051,#5052,#5053,#5054,#5055,#5056,#5057,#5058,#5059
      ,#5060,#5061,#5062,#5063,#5064,#5065,#5066,#5067,#5068,#5069,#5070
      ,#5071,#5072,#5073,#5074,#5075,#5076,#5077,#5078,#5079,#5080)
    ,(#5081,#5082,#5083,#5084,#5085,#5086,#5087,#5088,#5089,#5090,#5091
      ,#5092,#5093,#5094,#5095,#5096,#5097,#5098,#5099,#5100,#5101,#5102
      ,#5103,#5104,#5105,#5106,#5107,#5108,#5109,#5110,#5111,#5112,#5113
      ,#5114,#5115,#5116,#5117,#5118,#5119,#5120,#5121,#5122,#5123,#5124
      ,#5125,#5126,#5127,#5128,#5129,#5130,#5131,#5132,#5133,#5134)
    ,(#5135,#5136,#5137,#5138,#5139,#5140,#5141,#5142,#5143,#5144,#5145
      ,#5146,#5147,#5148,#5149,#5150,#5151,#5152,#5153,#5154,#5155,#5156
      ,#5157,#5158,#5159,#5160,#5161,#5162,#5163,#5164,#5165,#5166,#5167
      ,#5168,#5169,#5170,#5171,#5172,#5173,#5174,#5175,#5176,#5177,#5178
      ,#5179,#5180,#5181,#5182,#5183,#5184,#5185,#5186,#5187,#5188)
    ,(#5189,#5190,#5191,#5192,#5193,#5194,#5195,#5196,#5197,#5198,#5199
      ,#5200,#5201,#5202,#5203,#5204,#5205,#5206,#5207,#5208,#5209,#5210
      ,#5211,#5212,#5213,#5214,#5215,#5216,#5217,#5218,#5219,#5220,#5221
      ,#5222,#5223,#5224,#5225,#5226,#5227,#5228,#5229,#5230,#5231,#5232
      ,#5233,#5234,#5235,#5236,#5237,#5238,#5239,#5240,#5241,#5242)
    ,(#5243,#5244,#5245,#5246,#5247,#5248,#5249,#5250,#5251,#5252,#5253
      ,#5254,#5255,#5256,#5257,#5258,#5259,#5260,#5261,#5262,#5263,#5264
      ,#5265,#5266,#5267,#5268,#5269,#5270,#5271,#5272,#5273,#5274,#5275
      ,#5276,#5277,#5278,#5279,#5280,#5281,#5282,#5283,#5284,#5285,#5286
      ,#5287,#5288,#5289,#5290,#5291,#5292,#5293,#5294,#5295,#5296)
    ,(#5297,#5298,#5299,#5300,#5301,#5302,#5303,#5304,#5305,#5306,#5307
      ,#5308,#5309,#5310,#5311,#5312,#5313,#5314,#5315,#5316,#5317,#5318
      ,#5319,#5320,#5321,#5322,#5323,#5324,#5325,#5326,#5327,#5328,#5329
      ,#5330,#5331,#5332,#5333,#5334,#5335,#5336,#5337,#5338,#5339,#5340
      ,#5341,#5342,#5343,#5344,#5345,#5346,#5347,#5348,#5349,#5350)
    ,(#5351,#5352,#5353,#5354,#5355,#5356,#5357,#5358,#5359,#5360,#5361
      ,#5362,#5363,#5364,#5365,#5366,#5367,#5368,#5369,#5370,#5371,#5372
      ,#5373,#5374,#5375,#5376,#5377,#5378,#5379,#5380,#5381,#5382,#5383
      ,#5384,#5385,#5386,#5387,#5388,#5389,#5390,#5391,#5392,#5393,#5394
      ,#5395,#5396,#5397,#5398,#5399,#5400,#5401,#5402,#5403,#5404)
    ,(#5405,#5406,#5407,#5408,#5409,#5410,#5411,#5412,#5413,#5414,#5415
      ,#5416,#5417,#5418,#5419,#5420,#5421,#5422,#5423,#5424,#5425,#5426
      ,#5427,#5428,#5429,#5430,#5431,#5432,#5433,#5434,#5435,#5436,#5437
      ,#5438,#5439,#5440,#5441,#5442,#5443,#5444,#5445,#5446,#5447,#5448
      ,#5449,#5450,#5451,#5452,#5453,#5454,#5455,#5456,#5457,#5458)
    ,(#5459,#5460,#5461,#5462,#5463,#5464,#5465,#5466,#5467,#5468,#5469
      ,#5470,#5471,#5472,#5473,#5474,#5475,#5476,#5477,#5478,#5479,#5480
      ,#5481,#5482,#5483,#5484,#5485,#5486,#5487,#5488,#5489,#5490,#5491
      ,#5492,#5493,#5494,#5495,#5496,#5497,#5498,#5499,#5500,#5501,#5502
      ,#5503,#5504,#5505,#5506,#5507,#5508,#5509,#5510,#5511,#5512)
    ,(#5513,#5514,#5515,#5516,#5517,#5518,#5519,#5520,#5521,#5522,#5523
      ,#5524,#5525,#5526,#5527,#5528,#5529,#5530,#5531,#5532,#5533,#5534
      ,#5535,#5536,#5537,#5538,#5539,#5540,#5541,#5542,#5543,#5544,#5545
      ,#5546,#5547,#5548,#5549,#5550,#5551,#5552,#5553,#5554,#5555,#5556
      ,#5557,#5558,#5559,#5560,#5561,#5562,#5563,#5564,#5565,#5566)
    ,(#5567,#5568,#5569,#5570,#5571,#5572,#5573,#5574,#5575,#5576,#5577
      ,#5578,#5579,#5580,#5581,#5582,#5583,#5584,#5585,#5586,#5587,#5588
      ,#5589,#5590,#5591,#5592,#5593,#5594,#5595,#5596,#5597,#5598,#5599
      ,#5600,#5601,#5602,#5603,#5604,#5605,#5606,#5607,#5608,#5609,#5610
      ,#5611,#5612,#5613,#5614,#5615,#5616,#5617,#5618,#5619,#5620)
    ,(#5621,#5622,#5623,#5624,#5625,#5626,#5627,#5628,#5629,#5630,#5631
      ,#5632,#5633,#5634,#5635,#5636,#5637,#5638,#5639,#5640,#5641,#5642
      ,#5643,#5644,#5645,#5646,#5647,#5648,#5649,#5650,#5651,#5652,#5653
      ,#5654,#5655,#5656,#5657,#5658,#5659,#5660,#5661,#5662,#5663,#5664
      ,#5665,#5666,#5667,#5668,#5669,#5670,#5671,#5672,#5673,#5674)
    ,(#5675,#5676,#5677,#5678,#5679,#5680,#5681,#5682,#5683,#5684,#5685
      ,#5686,#5687,#5688,#5689,#5690,#5691,#5692,#5693,#5694,#5695,#5696
      ,#5697,#5698,#5699,#5700,#5701,#5702,#5703,#5704,#5705,#5706,#5707
      ,#5708,#5709,#5710,#5711,#5712,#5713,#5714,#5715,#5716,#5717,#5718
      ,#5719,#5720,#5721,#5722,#5723,#5724,#5725,#5726,#5727,#5728)
    ,(#5729,#5730,#5731,#5732,#5733,#5734,#5735,#5736,#5737,#5738,#5739
      ,#5740,#5741,#5742,#5743,#5744,#5745,#5746,#5747,#5748,#5749,#5750
      ,#5751,#5752,#5753,#5754,#5755,#5756,#5757,#5758,#5759,#5760,#5761
      ,#5762,#5763,#5764,#5765,#5766,#5767,#5768,#5769,#5770,#5771,#5772
      ,#5773,#5774,#5775,#5776,#5777,#5778,#5779,#5780,#5781,#5782)
    ,(#5783,#5784,#5785,#5786,#5787,#5788,#5789,#5790,#5791,#5792,#5793
      ,#5794,#5795,#5796,#5797,#5798,#5799,#5800,#5801,#5802,#5803,#5804
      ,#5805,#5806,#5807,#5808,#5809,#5810,#5811,#5812,#5813,#5814,#5815
      ,#5816,#5817,#5818,#5819,#5820,#5821,#5822,#5823,#5824,#5825,#5826
      ,#5827,#5828,#5829,#5830,#5831,#5832,#5833,#5834,#5835,#5836)
    ,(#5837,#5838,#5839,#5840,#5841,#5842,#5843,#5844,#5845,#5846,#5847
      ,#5848,#5849,#5850,#5851,#5852,#5853,#5854,#5855,#5856,#5857,#5858
      ,#5859,#5860,#5861,#5862,#5863,#5864,#5865,#5866,#5867,#5868,#5869
      ,#5870,#5871,#5872,#5873,#5874,#5875,#5876,#5877,#5878,#5879,#5880
      ,#5881,#5882,#5883,#5884,#5885,#5886,#5887,#5888,#5889,#5890)
    ,(#5891,#5892,#5893,#5894,#5895,#5896,#5897,#5898,#5899,#5900,#5901
      ,#5902,#5903,#5904,#5905,#5906,#5907,#5908,#5909,#5910,#5911,#5912
      ,#5913,#5914,#5915,#5916,#5917,#5918,#5919,#5920,#5921,#5922,#5923
      ,#5924,#5925,#5926,#5927,#5928,#5929,#5930,#5931,#5932,#5933,#5934
      ,#5935,#5936,#5937,#5938,#5939,#5940,#5941,#5942,#5943,#5944)
    ,(#5945,#5946,#5947,#5948,#5949,#5950,#5951,#5952,#5953,#5954,#5955
      ,#5956,#5957,#5958,#5959,#5960,#5961,#5962,#5963,#5964,#5965,#5966
      ,#5967,#5968,#5969,#5970,#5971,#5972,#5973,#5974,#5975,#5976,#5977
      ,#5978,#5979,#5980,#5981,#5982,#5983,#5984,#5985,#5986,#5987,#5988
      ,#5989,#5990,#5991,#5992,#5993,#5994,#5995,#5996,#5997,#5998)
    ,(#5999,#6000,#6001,#6002,#6003,#6004,#6005,#6006,#6007,#6008,#6009
      ,#6010,#6011,#6012,#6013,#6014,#6015,#6016,#6017,#6018,#6019,#6020
      ,#6021,#6022,#6023,#6024,#6025,#6026,#6027,#6028,#6029,#6030,#6031
      ,#6032,#6033,#6034,#6035,#6036,#6037,#6038,#6039,#6040,#6041,#6042
      ,#6043,#6044,#6045,#6046,#6047,#6048,#6049,#6050,#6051,#6052)
    ,(#6053,#6054,#6055,#6056,#6057,#6058,#6059,#6060,#6061,#6062,#6063
      ,#6064,#6065,#6066,#6067,#6068,#6069,#6070,#6071,#6072,#6073,#6074
      ,#6075,#6076,#6077,#6078,#6079,#6080,#6081,#6082,#6083,#6084,#6085
      ,#6086,#6087,#6088,#6089,#6090,#6091,#6092,#6093,#6094,#6095,#6096
      ,#6097,#6098,#6099,#6100,#6101,#6102,#6103,#6104,#6105,#6106)
    ,(#6107,#6108,#6109,#6110,#6111,#6112,#6113,#6114,#6115,#6116,#6117
      ,#6118,#6119,#6120,#6121,#6122,#6123,#6124,#6125,#6126,#6127,#6128
      ,#6129,#6130,#6131,#6132,#6133,#6134,#6135,#6136,#6137,#6138,#6139
      ,#6140,#6141,#6142,#6143,#6144,#6145,#6146,#6147,#6148,#6149,#6150
      ,#6151,#6152,#6153,#6154,#6155,#6156,#6157,#6158,#6159,#6160)
    ,(#6161,#6162,#6163,#6164,#6165,#6166,#6167,#6168,#6169,#6170,#6171
      ,#6172,#6173,#6174,#6175,#6176,#6177,#6178,#6179,#6180,#6181,#6182
      ,#6183,#6184,#6185,#6186,#6187,#6188,#6189,#6190,#6191,#6192,#6193
      ,#6194,#6195,#6196,#6197,#6198,#6199,#6200,#6201,#6202,#6203,#6204
      ,#6205,#6206,#6207,#6208,#6209,#6210,#6211,#6212,#6213,#6214)
    ,(#6215,#6216,#6217,#6218,#6219,#6220,#6221,#6222,#6223,#6224,#6225
      ,#6226,#6227,#6228,#6229,#6230,#6231,#6232,#6233,#6234,#6235,#6236
      ,#6237,#6238,#6239,#6240,#6241,#6242,#6243,#6244,#6245,#6246,#6247
      ,#6248,#6249,#6250,#6251,#6252,#6253,#6254,#6255,#6256,#6257,#6258
      ,#6259,#6260,#6261,#6262,#6263,#6264,#6265,#6266,#6267,#6268)
    ,(#6269,#6270,#6271,#6272,#6273,#6274,#6275,#6276,#6277,#6278,#6279
      ,#6280,#6281,#6282,#6283,#6284,#6285,#6286,#6287,#6288,#6289,#6290
      ,#6291,#6292,#6293,#6294,#6295,#6296,#6297,#6298,#6299,#6300,#6301
      ,#6302,#6303,#6304,#6305,#6306,#6307,#6308,#6309,#6310,#6311,#6312
      ,#6313,#6314,#6315,#6316,#6317,#6318,#6319,#6320,#6321,#6322)
    ,(#6323,#6324,#6325,#6326,#6327,#6328,#6329,#6330,#6331,#6332,#6333
      ,#6334,#6335,#6336,#6337,#6338,#6339,#6340,#6341,#6342,#6343,#6344
      ,#6345,#6346,#6347,#6348,#6349,#6350,#6351,#6352,#6353,#6354,#6355
      ,#6356,#6357,#6358,#6359,#6360,#6361,#6362,#6363,#6364,#6365,#6366
      ,#6367,#6368,#6369,#6370,#6371,#6372,#6373,#6374,#6375,#6376)
    ,(#6377,#6378,#6379,#6380,#6381,#6382,#6383,#6384,#6385,#6386,#6387
      ,#6388,#6389,#6390,#6391,#6392,#6393,#6394,#6395,#6396,#6397,#6398
      ,#6399,#6400,#6401,#6402,#6403,#6404,#6405,#6406,#6407,#6408,#6409
      ,#6410,#6411,#6412,#6413,#6414,#6415,#6416,#6417,#6418,#6419,#6420
      ,#6421,#6422,#6423,#6424,#6425,#6426,#6427,#6428,#6429,#6430)
    ,(#6431,#6432,#6433,#6434,#6435,#6436,#6437,#6438,#6439,#6440,#6441
      ,#6442,#6443,#6444,#6445,#6446,#6447,#6448,#6449,#6450,#6451,#6452
      ,#6453,#6454,#6455,#6456,#6457,#6458,#6459,#6460,#6461,#6462,#6463
      ,#6464,#6465,#6466,#6467,#6468,#6469,#6470,#6471,#6472,#6473,#6474
      ,#6475,#6476,#6477,#6478,#6479,#6480,#6481,#6482,#6483,#6484)
    ,(#6485,#6486,#6487,#6488,#6489,#6490,#6491,#6492,#6493,#6494,#6495
      ,#6496,#6497,#6498,#6499,#6500,#6501,#6502,#6503,#6504,#6505,#6506
      ,#6507,#6508,#6509,#6510,#6511,#6512,#6513,#6514,#6515,#6516,#6517
      ,#6518,#6519,#6520,#6521,#6522,#6523,#6524,#6525,#6526,#6527,#6528
      ,#6529,#6530,#6531,#6532,#6533,#6534,#6535,#6536,#6537,#6538)
    ,(#6539,#6540,#6541,#6542,#6543,#6544,#6545,#6546,#6547,#6548,#6549
      ,#6550,#6551,#6552,#6553,#6554,#6555,#6556,#6557,#6558,#6559,#6560
      ,#6561,#6562,#6563,#6564,#6565,#6566,#6567,#6568,#6569,#6570,#6571
      ,#6572,#6573,#6574,#6575,#6576,#6577,#6578,#6579,#6580,#6581,#6582
      ,#6583,#6584,#6585,#6586,#6587,#6588,#6589,#6590,#6591,#6592)
    ,(#6593,#6594,#6595,#6596,#6597,#6598,#6599,#6600,#6601,#6602,#6603
      ,#6604,#6605,#6606,#6607,#6608,#6609,#6610,#6611,#6612,#6613,#6614
      ,#6615,#6616,#6617,#6618,#6619,#6620,#6621,#6622,#6623,#6624,#6625
      ,#6626,#6627,#6628,#6629,#6630,#6631,#6632,#6633,#6634,#6635,#6636
      ,#6637,#6638,#6639,#6640,#6641,#6642,#6643,#6644,#6645,#6646)
    ,(#6647,#6648,#6649,#6650,#6651,#6652,#6653,#6654,#6655,#6656,#6657
      ,#6658,#6659,#6660,#6661,#6662,#6663,#6664,#6665,#6666,#6667,#6668
      ,#6669,#6670,#6671,#6672,#6673,#6674,#6675,#6676,#6677,#6678,#6679
      ,#6680,#6681,#6682,#6683,#6684,#6685,#6686,#6687,#6688,#6689,#6690
      ,#6691,#6692,#6693,#6694,#6695,#6696,#6697,#6698,#6699,#6700)
    ,(#6701,#6702,#6703,#6704,#6705,#6706,#6707,#6708,#6709,#6710,#6711
      ,#6712,#6713,#6714,#6715,#6716,#6717,#6718,#6719,#6720,#6721,#6722
      ,#6723,#6724,#6725,#6726,#6727,#6728,#6729,#6730,#6731,#6732,#6733
      ,#6734,#6735,#6736,#6737,#6738,#6739,#6740,#6741,#6742,#6743,#6744
      ,#6745,#6746,#6747,#6748,#6749,#6750,#6751,#6752,#6753,#6754)
    ,(#6755,#6756,#6757,#6758,#6759,#6760,#6761,#6762,#6763,#6764,#6765
      ,#6766,#6767,#6768,#6769,#6770,#6771,#6772,#6773,#6774,#6775,#6776
      ,#6777,#6778,#6779,#6780,#6781,#6782,#6783,#6784,#6785,#6786,#6787
      ,#6788,#6789,#6790,#6791,#6792,#6793,#6794,#6795,#6796,#6797,#6798
      ,#6799,#6800,#6801,#6802,#6803,#6804,#6805,#6806,#6807,#6808)
    ,(#6809,#6810,#6811,#6812,#6813,#6814,#6815,#6816,#6817,#6818,#6819
      ,#6820,#6821,#6822,#6823,#6824,#6825,#6826,#6827,#6828,#6829,#6830
      ,#6831,#6832,#6833,#6834,#6835,#6836,#6837,#6838,#6839,#6840,#6841
      ,#6842,#6843,#6844,#6845,#6846,#6847,#6848,#6849,#6850,#6851,#6852
      ,#6853,#6854,#6855,#6856,#6857,#6858,#6859,#6860,#6861,#6862)
    ,(#6863,#6864,#6865,#6866,#6867,#6868,#6869,#6870,#6871,#6872,#6873
      ,#6874,#6875,#6876,#6877,#6878,#6879,#6880,#6881,#6882,#6883,#6884
      ,#6885,#6886,#6887,#6888,#6889,#6890,#6891,#6892,#6893,#6894,#6895
      ,#6896,#6897,#6898,#6899,#6900,#6901,#6902,#6903,#6904,#6905,#6906
      ,#6907,#6908,#6909,#6910,#6911,#6912,#6913,#6914,#6915,#6916
  )),.UNSPECIFIED.,.F.,.F.,.F.,(14,13,12,12,12,12,12,12,12,13,14),(15,13
    ,13,13,15),(-0.514180202159,0.485819797841,1.813706225715,
    3.14159265359,3.926990816987,4.712388980385,5.497787143782,
    6.28318530718,7.611071735054,8.938958162929,9.938958162929),(
    -96.97012226881,-96.97003964096,-14.14213562373,96.970039640964,
    96.970122268817),.UNSPECIFIED.);
#221 = CARTESIAN_POINT('',(61.731163508193,-101.4431725943,
    91.731163508193));
#222 = CARTESIAN_POINT('',(61.731157187888,-101.4431725943,
    91.731157187888));
#223 = CARTESIAN_POINT('',(61.731150888436,-101.4431725943,
    91.731150888436));
#224 = CARTESIAN_POINT('',(61.731144609838,-101.4431725943,
    91.731144609838));
#225 = CARTESIAN_POINT('',(61.731138352093,-101.4431725943,
    91.731138352093));
#226 = CARTESIAN_POINT('',(61.731132115201,-101.4431725943,
    91.731132115201));
#227 = CARTESIAN_POINT('',(61.731125899164,-101.4431725943,
    91.731125899164));
#228 = CARTESIAN_POINT('',(61.731119703979,-101.4431725943,
    91.731119703979));
#229 = CARTESIAN_POINT('',(61.731113529648,-101.4431725943,
    91.731113529648));
#230 = CARTESIAN_POINT('',(61.731107376171,-101.4431725943,
    91.731107376171));
#231 = CARTESIAN_POINT('',(61.731101243547,-101.4431725943,
    91.731101243547));
#232 = CARTESIAN_POINT('',(61.731095131777,-101.4431725943,
    91.731095131777));
#233 = CARTESIAN_POINT('',(61.73108904086,-101.4431725943,91.73108904086
    ));
#234 = CARTESIAN_POINT('',(61.731082970797,-101.4431725943,
    91.731082970797));
#235 = CARTESIAN_POINT('',(55.667221308904,-101.4431727086,
    85.667221308887));
#236 = CARTESIAN_POINT('',(49.748012944515,-101.4431728052,
    79.748012944594));
#237 = CARTESIAN_POINT('',(43.973451832631,-101.4431728841,
    73.973451832404));
#238 = CARTESIAN_POINT('',(38.343537978664,-101.4431729497,
    68.34353797914));
#239 = CARTESIAN_POINT('',(32.85827138643,-101.4431729976,
    62.858271385646));
#240 = CARTESIAN_POINT('',(27.517652063789,-101.4431730389,
    57.517652064828));
#241 = CARTESIAN_POINT('',(22.321680013629,-101.4431730626,
    52.321680012506));
#242 = CARTESIAN_POINT('',(17.270355246249,-101.4431730846,
    47.270355247243));
#243 = CARTESIAN_POINT('',(12.363677765358,-101.4431730936,
    42.363677764637));
#244 = CARTESIAN_POINT('',(7.601647581822,-101.4431731017,
    37.601647582244));
#245 = CARTESIAN_POINT('',(2.984264702563,-101.4431731038,
    32.984264702371));
#246 = CARTESIAN_POINT('',(-1.488470861504,-101.4431731051,
    28.511529138558));
#247 = CARTESIAN_POINT('',(-5.816559099857,-101.4431731051,
    24.183440900134));
#248 = CARTESIAN_POINT('',(-15.61201232871,-101.4431731051,
    14.38798767129));
#249 = CARTESIAN_POINT('',(-21.43673361606,-101.4431731047,
    8.563266383928));
#250 = CARTESIAN_POINT('',(-25.20484376747,-101.44317308,4.79515623253)
  );
#251 = CARTESIAN_POINT('',(-38.40283377902,-101.4431727132,
    -8.402833779001));
#252 = CARTESIAN_POINT('',(-25.53525765627,-101.4431713926,4.46474234366
    ));
#253 = CARTESIAN_POINT('',(-59.08813655775,-101.4431695986,
    -29.08813655763));
#254 = CARTESIAN_POINT('',(-37.23382681252,-101.4431710531,
    -7.233826812669));
#255 = CARTESIAN_POINT('',(-64.9733031667,-101.443171121,-34.97330316658
    ));
#256 = CARTESIAN_POINT('',(-59.95997435256,-101.4431730982,
    -29.95997435263));
#257 = CARTESIAN_POINT('',(-71.93602297237,-101.4431721902,
    -41.93602297234));
#258 = CARTESIAN_POINT('',(-77.86549633924,-101.4431718627,
    -47.86549633925));
#259 = CARTESIAN_POINT('',(-85.74743789624,-101.4431701719,
    -55.74743789624));
#260 = CARTESIAN_POINT('',(-93.59654152489,-101.4431670871,
    -63.59654152488));
#261 = CARTESIAN_POINT('',(-101.7311123607,-101.4431611671,
    -71.73111236072));
#262 = CARTESIAN_POINT('',(-101.7311184307,-101.4431611671,
    -71.73111843079));
#263 = CARTESIAN_POINT('',(-101.7311245217,-101.4431611671,
    -71.73112452171));
#264 = CARTESIAN_POINT('',(-101.7311306334,-101.4431611671,
    -71.73113063348));
#265 = CARTESIAN_POINT('',(-101.7311367661,-101.4431611671,
    -71.73113676611));
#266 = CARTESIAN_POINT('',(-101.7311429195,-101.4431611671,
    -71.73114291959));
#267 = CARTESIAN_POINT('',(-101.7311490939,-101.4431611671,
    -71.73114909392));
#268 = CARTESIAN_POINT('',(-101.7311552891,-101.4431611671,
    -71.7311552891));
#269 = CARTESIAN_POINT('',(-101.7311615051,-101.4431611671,
    -71.73116150514));
#270 = CARTESIAN_POINT('',(-101.731167742,-101.4431611671,
    -71.73116774203));
#271 = CARTESIAN_POINT('',(-101.7311739997,-101.4431611671,
    -71.73117399977));
#272 = CARTESIAN_POINT('',(-101.7311802783,-101.4431611671,
    -71.73118027836));
#273 = CARTESIAN_POINT('',(-101.7311865778,-101.4431611671,
    -71.73118657781));
#274 = CARTESIAN_POINT('',(-101.7311928981,-101.4431611671,
    -71.73119289811));
#275 = CARTESIAN_POINT('',(61.731162900467,-101.4431632142,
    91.731162900467));
#276 = CARTESIAN_POINT('',(61.731156580161,-101.4431632142,
    91.731156580161));
#277 = CARTESIAN_POINT('',(61.731150280709,-101.4431632142,
    91.731150280709));
#278 = CARTESIAN_POINT('',(61.731144002111,-101.4431632142,
    91.731144002111));
#279 = CARTESIAN_POINT('',(61.731137744366,-101.4431632142,
    91.731137744366));
#280 = CARTESIAN_POINT('',(61.731131507475,-101.4431632142,
    91.731131507475));
#281 = CARTESIAN_POINT('',(61.731125291437,-101.4431632142,
    91.731125291437));
#282 = CARTESIAN_POINT('',(61.731119096253,-101.4431632142,
    91.731119096252));
#283 = CARTESIAN_POINT('',(61.731112921922,-101.4431632142,
    91.731112921922));
#284 = CARTESIAN_POINT('',(61.731106768445,-101.4431632142,
    91.731106768444));
#285 = CARTESIAN_POINT('',(61.731100635821,-101.4431632142,
    91.731100635821));
#286 = CARTESIAN_POINT('',(61.73109452405,-101.4431632142,91.73109452405
    ));
#287 = CARTESIAN_POINT('',(61.731088433134,-101.4431632142,
    91.731088433134));
#288 = CARTESIAN_POINT('',(61.73108236307,-101.4431632142,91.73108236307
    ));
#289 = CARTESIAN_POINT('',(55.667220758725,-101.4431630631,
    85.667220758707));
#290 = CARTESIAN_POINT('',(49.7480124532,-101.4431628993,79.748012453279
    ));
#291 = CARTESIAN_POINT('',(43.973451400814,-101.4431627227,
    73.973451400587));
#292 = CARTESIAN_POINT('',(38.343537606244,-101.4431625373,
    68.34353760672));
#293 = CARTESIAN_POINT('',(32.858271072513,-101.4431623386,
    62.858271071729));
#294 = CARTESIAN_POINT('',(27.517651806621,-101.4431621374,
    57.51765180766));
#295 = CARTESIAN_POINT('',(22.321679810525,-101.4431619224,
    52.321679809402));
#296 = CARTESIAN_POINT('',(17.270355093502,-101.4431617094,
    47.270355094496));
#297 = CARTESIAN_POINT('',(12.363677658147,-101.4431614866,
    42.363677657426));
#298 = CARTESIAN_POINT('',(7.601647514095,-101.443161266,37.601647514516
    ));
#299 = CARTESIAN_POINT('',(2.984264666904,-101.4431610421,
    32.984264666712));
#300 = CARTESIAN_POINT('',(-1.488470874023,-101.4431608199,
    28.511529126039));
#301 = CARTESIAN_POINT('',(-5.816559099857,-101.4431605989,
    24.183440900134));
#302 = CARTESIAN_POINT('',(-15.61201232871,-101.4431600865,
    14.38798767129));
#303 = CARTESIAN_POINT('',(-21.43673359238,-101.4431597893,
    8.563266407603));
#304 = CARTESIAN_POINT('',(-25.20484396193,-101.4431595032,4.79515603807
    ));
#305 = CARTESIAN_POINT('',(-38.40283298896,-101.4431587825,
    -8.402832988946));
#306 = CARTESIAN_POINT('',(-25.53525929793,-101.4431576559,
    4.464740701997));
#307 = CARTESIAN_POINT('',(-59.08813410432,-101.4431554143,
    -29.0881341042));
#308 = CARTESIAN_POINT('',(-37.23382868429,-101.4431567742,
    -7.233828684436));
#309 = CARTESIAN_POINT('',(-64.97330124335,-101.4431561976,
    -34.97330124323));
#310 = CARTESIAN_POINT('',(-59.95997446425,-101.4431577404,
    -29.95997446432));
#311 = CARTESIAN_POINT('',(-71.93602161524,-101.4431565807,
    -41.93602161521));
#312 = CARTESIAN_POINT('',(-77.86549472975,-101.4431560051,
    -47.86549472975));
#313 = CARTESIAN_POINT('',(-85.74743538599,-101.4431542459,
    -55.74743538599));
#314 = CARTESIAN_POINT('',(-93.59653789144,-101.4431513077,
    -63.59653789144));
#315 = CARTESIAN_POINT('',(-101.7311072314,-101.4431459661,
    -71.73110723147));
#316 = CARTESIAN_POINT('',(-101.7311133015,-101.443145966,
    -71.73111330153));
#317 = CARTESIAN_POINT('',(-101.7311193924,-101.443145966,
    -71.73111939245));
#318 = CARTESIAN_POINT('',(-101.7311255042,-101.443145966,
    -71.73112550423));
#319 = CARTESIAN_POINT('',(-101.7311316368,-101.443145966,
    -71.73113163685));
#320 = CARTESIAN_POINT('',(-101.7311377903,-101.443145966,
    -71.73113779033));
#321 = CARTESIAN_POINT('',(-101.7311439646,-101.443145966,
    -71.73114396466));
#322 = CARTESIAN_POINT('',(-101.7311501598,-101.443145966,
    -71.73115015985));
#323 = CARTESIAN_POINT('',(-101.7311563758,-101.443145966,
    -71.73115637588));
#324 = CARTESIAN_POINT('',(-101.7311626127,-101.443145966,
    -71.73116261277));
#325 = CARTESIAN_POINT('',(-101.7311688705,-101.443145966,
    -71.73116887051));
#326 = CARTESIAN_POINT('',(-101.7311751491,-101.443145966,
    -71.73117514911));
#327 = CARTESIAN_POINT('',(-101.7311814485,-101.443145966,
    -71.73118144856));
#328 = CARTESIAN_POINT('',(-101.7311877688,-101.443145966,
    -71.73118776886));
#329 = CARTESIAN_POINT('',(61.73116229274,-101.4431538342,91.73116229274
    ));
#330 = CARTESIAN_POINT('',(61.731155972435,-101.4431538342,
    91.731155972435));
#331 = CARTESIAN_POINT('',(61.731149672983,-101.4431538342,
    91.731149672983));
#332 = CARTESIAN_POINT('',(61.731143394384,-101.4431538342,
    91.731143394384));
#333 = CARTESIAN_POINT('',(61.73113713664,-101.4431538342,
    91.731137136639));
#334 = CARTESIAN_POINT('',(61.731130899748,-101.4431538342,
    91.731130899748));
#335 = CARTESIAN_POINT('',(61.73112468371,-101.4431538342,91.73112468371
    ));
#336 = CARTESIAN_POINT('',(61.731118488526,-101.4431538342,
    91.731118488526));
#337 = CARTESIAN_POINT('',(61.731112314195,-101.4431538342,
    91.731112314195));
#338 = CARTESIAN_POINT('',(61.731106160718,-101.4431538342,
    91.731106160718));
#339 = CARTESIAN_POINT('',(61.731100028094,-101.4431538342,
    91.731100028094));
#340 = CARTESIAN_POINT('',(61.731093916324,-101.4431538342,
    91.731093916324));
#341 = CARTESIAN_POINT('',(61.731087825407,-101.4431538342,
    91.731087825407));
#342 = CARTESIAN_POINT('',(61.731081755344,-101.4431538342,
    91.731081755344));
#343 = CARTESIAN_POINT('',(55.667220210985,-101.4431534604,
    85.667220210967));
#344 = CARTESIAN_POINT('',(49.748011966097,-101.4431530784,
    79.748011966176));
#345 = CARTESIAN_POINT('',(43.973450974373,-101.4431526878,
    73.973450974146));
#346 = CARTESIAN_POINT('',(38.343537239815,-101.4431522924,
    68.343537240291));
#347 = CARTESIAN_POINT('',(32.858270764721,-101.4431518875,
    62.858270763936));
#348 = CARTESIAN_POINT('',(27.517651555301,-101.4431514837,
    57.51765155634));
#349 = CARTESIAN_POINT('',(22.321679612658,-101.4431510695,
    52.321679611536));
#350 = CARTESIAN_POINT('',(17.270354945136,-101.4431506604,
    47.27035494613));
#351 = CARTESIAN_POINT('',(12.363677554305,-101.4431502444,
    42.363677553584));
#352 = CARTESIAN_POINT('',(7.601647448672,-101.443149833,37.601647449093
    ));
#353 = CARTESIAN_POINT('',(2.984264632548,-101.4431494208,
    32.984264632355));
#354 = CARTESIAN_POINT('',(-1.488470886055,-101.4431490124,
    28.511529114007));
#355 = CARTESIAN_POINT('',(-5.816559099857,-101.4431486071,
    24.183440900134));
#356 = CARTESIAN_POINT('',(-15.61201232871,-101.4431476677,
    14.38798767129));
#357 = CARTESIAN_POINT('',(-21.43673356986,-101.4431471232,
    8.563266430124));
#358 = CARTESIAN_POINT('',(-25.20484414646,-101.4431466196,
    4.795155853538));
#359 = CARTESIAN_POINT('',(-38.40283224183,-101.4431456087,
    -8.402832241818));
#360 = CARTESIAN_POINT('',(-25.53526085098,-101.4431446608,
    4.464739148951));
#361 = CARTESIAN_POINT('',(-59.08813179602,-101.4431420691,
    -29.0881317959));
#362 = CARTESIAN_POINT('',(-37.23383044644,-101.4431433315,
    -7.233830446586));
#363 = CARTESIAN_POINT('',(-64.9732994415,-101.443142217,-34.97329944138
    ));
#364 = CARTESIAN_POINT('',(-59.95997456873,-101.4431433724,
    -29.9599745688));
#365 = CARTESIAN_POINT('',(-71.93602034883,-101.4431420146,
    -41.9360203488));
#366 = CARTESIAN_POINT('',(-77.86549323078,-101.4431412364,
    -47.86549323078));
#367 = CARTESIAN_POINT('',(-85.7474330526,-101.4431394419,-55.7474330526
    ));
#368 = CARTESIAN_POINT('',(-93.59653451984,-101.4431366654,
    -63.59653451984));
#369 = CARTESIAN_POINT('',(-101.731102479,-101.4431318816,
    -71.73110247901));
#370 = CARTESIAN_POINT('',(-101.731108549,-101.4431318816,
    -71.73110854907));
#371 = CARTESIAN_POINT('',(-101.7311146399,-101.4431318816,
    -71.73111463999));
#372 = CARTESIAN_POINT('',(-101.7311207517,-101.4431318816,
    -71.73112075177));
#373 = CARTESIAN_POINT('',(-101.7311268843,-101.4431318816,
    -71.73112688439));
#374 = CARTESIAN_POINT('',(-101.7311330378,-101.4431318816,
    -71.73113303787));
#375 = CARTESIAN_POINT('',(-101.7311392122,-101.4431318816,
    -71.7311392122));
#376 = CARTESIAN_POINT('',(-101.7311454073,-101.4431318816,
    -71.73114540738));
#377 = CARTESIAN_POINT('',(-101.7311516234,-101.4431318816,
    -71.73115162342));
#378 = CARTESIAN_POINT('',(-101.7311578603,-101.4431318816,
    -71.73115786031));
#379 = CARTESIAN_POINT('',(-101.731164118,-101.4431318816,
    -71.73116411805));
#380 = CARTESIAN_POINT('',(-101.7311703966,-101.4431318816,
    -71.73117039665));
#381 = CARTESIAN_POINT('',(-101.7311766961,-101.4431318816,
    -71.7311766961));
#382 = CARTESIAN_POINT('',(-101.7311830164,-101.4431318816,
    -71.7311830164));
#383 = CARTESIAN_POINT('',(61.731161685014,-101.4431444541,
    91.731161685014));
#384 = CARTESIAN_POINT('',(61.731155364708,-101.4431444541,
    91.731155364708));
#385 = CARTESIAN_POINT('',(61.731149065256,-101.4431444541,
    91.731149065256));
#386 = CARTESIAN_POINT('',(61.731142786658,-101.4431444541,
    91.731142786658));
#387 = CARTESIAN_POINT('',(61.731136528913,-101.4431444541,
    91.731136528913));
#388 = CARTESIAN_POINT('',(61.731130292021,-101.4431444541,
    91.731130292021));
#389 = CARTESIAN_POINT('',(61.731124075984,-101.4431444541,
    91.731124075983));
#390 = CARTESIAN_POINT('',(61.731117880799,-101.4431444541,
    91.731117880799));
#391 = CARTESIAN_POINT('',(61.731111706468,-101.4431444541,
    91.731111706468));
#392 = CARTESIAN_POINT('',(61.731105552991,-101.4431444541,
    91.731105552991));
#393 = CARTESIAN_POINT('',(61.731099420367,-101.4431444541,
    91.731099420367));
#394 = CARTESIAN_POINT('',(61.731093308597,-101.4431444541,
    91.731093308597));
#395 = CARTESIAN_POINT('',(61.731087217681,-101.4431444541,
    91.73108721768));
#396 = CARTESIAN_POINT('',(61.731081147617,-101.4431444541,
    91.731081147617));
#397 = CARTESIAN_POINT('',(55.667219665684,-101.4431439005,
    85.667219665666));
#398 = CARTESIAN_POINT('',(49.748011483206,-101.4431433424,
    79.748011483286));
#399 = CARTESIAN_POINT('',(43.973450553308,-101.4431427794,
    73.973450553081));
#400 = CARTESIAN_POINT('',(38.343536879378,-101.443142215,
    68.343536879854));
#401 = CARTESIAN_POINT('',(32.858270463053,-101.4431416444,
    62.858270462269));
#402 = CARTESIAN_POINT('',(27.517651309829,-101.443141078,
    57.517651310868));
#403 = CARTESIAN_POINT('',(22.32167942003,-101.443140504,52.321679418908
    ));
#404 = CARTESIAN_POINT('',(17.270354801151,-101.4431399377,
    47.270354802145));
#405 = CARTESIAN_POINT('',(12.363677453832,-101.4431393668,
    42.363677453111));
#406 = CARTESIAN_POINT('',(7.601647385554,-101.4431388028,
    37.601647385975));
#407 = CARTESIAN_POINT('',(2.984264599493,-101.4431382399,
    32.984264599301));
#408 = CARTESIAN_POINT('',(-1.488470897601,-101.4431376825,
    28.511529102461));
#409 = CARTESIAN_POINT('',(-5.816559099857,-101.4431371298,
    24.183440900134));
#410 = CARTESIAN_POINT('',(-15.61201232871,-101.4431358488,
    14.38798767129));
#411 = CARTESIAN_POINT('',(-21.4367335485,-101.4431351065,8.563266451491
    ));
#412 = CARTESIAN_POINT('',(-25.20484432106,-101.4431344293,
    4.795155678936));
#413 = CARTESIAN_POINT('',(-38.40283153763,-101.4431331918,
    -8.402831537617));
#414 = CARTESIAN_POINT('',(-25.53526231541,-101.4431324071,
    4.464737684521));
#415 = CARTESIAN_POINT('',(-59.08812963287,-101.4431295631,
    -29.08812963275));
#416 = CARTESIAN_POINT('',(-37.23383209897,-101.443130725,
    -7.233832099118));
#417 = CARTESIAN_POINT('',(-64.97329776116,-101.4431291791,
    -34.97329776104));
#418 = CARTESIAN_POINT('',(-59.95997466602,-101.4431299943,
    -29.95997466609));
#419 = CARTESIAN_POINT('',(-71.93601917313,-101.4431284919,
    -41.93601917311));
#420 = CARTESIAN_POINT('',(-77.86549184233,-101.4431275567,
    -47.86549184234));
#421 = CARTESIAN_POINT('',(-85.74743089607,-101.44312576,-55.74743089607
    ));
#422 = CARTESIAN_POINT('',(-93.59653141009,-101.4431231603,
    -63.59653141009));
#423 = CARTESIAN_POINT('',(-101.7310981033,-101.4431189139,
    -71.73109810334));
#424 = CARTESIAN_POINT('',(-101.7311041734,-101.4431189139,
    -71.73110417341));
#425 = CARTESIAN_POINT('',(-101.7311102643,-101.4431189139,
    -71.73111026433));
#426 = CARTESIAN_POINT('',(-101.7311163761,-101.4431189139,
    -71.7311163761));
#427 = CARTESIAN_POINT('',(-101.7311225087,-101.4431189139,
    -71.73112250872));
#428 = CARTESIAN_POINT('',(-101.7311286622,-101.4431189139,
    -71.7311286622));
#429 = CARTESIAN_POINT('',(-101.7311348365,-101.4431189139,
    -71.73113483653));
#430 = CARTESIAN_POINT('',(-101.7311410317,-101.4431189139,
    -71.73114103172));
#431 = CARTESIAN_POINT('',(-101.7311472477,-101.4431189139,
    -71.73114724775));
#432 = CARTESIAN_POINT('',(-101.7311534846,-101.4431189139,
    -71.73115348464));
#433 = CARTESIAN_POINT('',(-101.7311597423,-101.4431189139,
    -71.73115974239));
#434 = CARTESIAN_POINT('',(-101.7311660209,-101.4431189138,
    -71.73116602098));
#435 = CARTESIAN_POINT('',(-101.7311723204,-101.4431189138,
    -71.73117232043));
#436 = CARTESIAN_POINT('',(-101.7311786407,-101.4431189138,
    -71.73117864073));
#437 = CARTESIAN_POINT('',(61.731161077287,-101.443135074,
    91.731161077287));
#438 = CARTESIAN_POINT('',(61.731154756982,-101.443135074,
    91.731154756982));
#439 = CARTESIAN_POINT('',(61.73114845753,-101.443135074,91.73114845753)
  );
#440 = CARTESIAN_POINT('',(61.731142178931,-101.443135074,
    91.731142178931));
#441 = CARTESIAN_POINT('',(61.731135921186,-101.443135074,
    91.731135921186));
#442 = CARTESIAN_POINT('',(61.731129684295,-101.443135074,
    91.731129684295));
#443 = CARTESIAN_POINT('',(61.731123468257,-101.443135074,
    91.731123468257));
#444 = CARTESIAN_POINT('',(61.731117273072,-101.443135074,
    91.731117273072));
#445 = CARTESIAN_POINT('',(61.731111098742,-101.443135074,
    91.731111098742));
#446 = CARTESIAN_POINT('',(61.731104945264,-101.443135074,
    91.731104945264));
#447 = CARTESIAN_POINT('',(61.731098812641,-101.443135074,
    91.731098812641));
#448 = CARTESIAN_POINT('',(61.731092700871,-101.443135074,91.73109270087
    ));
#449 = CARTESIAN_POINT('',(61.731086609954,-101.443135074,
    91.731086609954));
#450 = CARTESIAN_POINT('',(61.731080539891,-101.443135074,
    91.731080539891));
#451 = CARTESIAN_POINT('',(55.667219122822,-101.4431343833,
    85.667219122805));
#452 = CARTESIAN_POINT('',(49.748011004527,-101.4431336913,
    79.748011004607));
#453 = CARTESIAN_POINT('',(43.973450137619,-101.4431329974,
    73.973450137392));
#454 = CARTESIAN_POINT('',(38.343536524932,-101.4431323051,
    68.343536525408));
#455 = CARTESIAN_POINT('',(32.85827016751,-101.4431316093,
    62.858270166726));
#456 = CARTESIAN_POINT('',(27.517651070205,-101.4431309201,
    57.517651071244));
#457 = CARTESIAN_POINT('',(22.32167923264,-101.4431302258,
    52.321679231518));
#458 = CARTESIAN_POINT('',(17.270354661548,-101.4431295412,
    47.270354662541));
#459 = CARTESIAN_POINT('',(12.363677356728,-101.443128854,
    42.363677356008));
#460 = CARTESIAN_POINT('',(7.601647324741,-101.4431281754,
    37.601647325162));
#461 = CARTESIAN_POINT('',(2.98426456774,-101.4431274994,32.984264567548
    ));
#462 = CARTESIAN_POINT('',(-1.488470908659,-101.4431268303,
    28.511529091402));
#463 = CARTESIAN_POINT('',(-5.816559099857,-101.443126167,
    24.183440900134));
#464 = CARTESIAN_POINT('',(-15.61201232871,-101.4431246298,
    14.38798767129));
#465 = CARTESIAN_POINT('',(-21.43673352828,-101.4431237391,
    8.563266471703));
#466 = CARTESIAN_POINT('',(-25.20484448574,-101.4431229321,
    4.795155514262));
#467 = CARTESIAN_POINT('',(-38.40283087636,-101.4431215318,
    -8.402830876343));
#468 = CARTESIAN_POINT('',(-25.53526369122,-101.4431208949,
    4.464736308708));
#469 = CARTESIAN_POINT('',(-59.08812761485,-101.4431178961,
    -29.08812761473));
#470 = CARTESIAN_POINT('',(-37.23383364189,-101.4431189547,
    -7.233833642032));
#471 = CARTESIAN_POINT('',(-64.97329620233,-101.443117084,
    -34.97329620221));
#472 = CARTESIAN_POINT('',(-59.95997475611,-101.443117606,
    -29.95997475618));
#473 = CARTESIAN_POINT('',(-71.93601808816,-101.4431160127,
    -41.93601808813));
#474 = CARTESIAN_POINT('',(-77.86549056442,-101.4431149659,
    -47.86549056442));
#475 = CARTESIAN_POINT('',(-85.74742891639,-101.4431132001,
    -55.74742891639));
#476 = CARTESIAN_POINT('',(-93.59652856219,-101.4431107923,
    -63.59652856219));
#477 = CARTESIAN_POINT('',(-101.7310941044,-101.4431070628,
    -71.73109410447));
#478 = CARTESIAN_POINT('',(-101.7311001745,-101.4431070628,
    -71.73110017453));
#479 = CARTESIAN_POINT('',(-101.7311062654,-101.4431070628,
    -71.73110626545));
#480 = CARTESIAN_POINT('',(-101.7311123772,-101.4431070628,
    -71.73111237722));
#481 = CARTESIAN_POINT('',(-101.7311185098,-101.4431070628,
    -71.73111850985));
#482 = CARTESIAN_POINT('',(-101.7311246633,-101.4431070628,
    -71.73112466333));
#483 = CARTESIAN_POINT('',(-101.7311308376,-101.4431070628,
    -71.73113083766));
#484 = CARTESIAN_POINT('',(-101.7311370328,-101.4431070628,
    -71.73113703284));
#485 = CARTESIAN_POINT('',(-101.7311432488,-101.4431070628,
    -71.73114324888));
#486 = CARTESIAN_POINT('',(-101.7311494857,-101.4431070628,
    -71.73114948577));
#487 = CARTESIAN_POINT('',(-101.7311557435,-101.4431070628,
    -71.73115574351));
#488 = CARTESIAN_POINT('',(-101.7311620221,-101.4431070628,
    -71.73116202211));
#489 = CARTESIAN_POINT('',(-101.7311683215,-101.4431070628,
    -71.73116832156));
#490 = CARTESIAN_POINT('',(-101.7311746418,-101.4431070628,
    -71.73117464186));
#491 = CARTESIAN_POINT('',(61.731160469561,-101.4431256939,
    91.731160469561));
#492 = CARTESIAN_POINT('',(61.731154149255,-101.4431256939,
    91.731154149255));
#493 = CARTESIAN_POINT('',(61.731147849803,-101.4431256939,
    91.731147849803));
#494 = CARTESIAN_POINT('',(61.731141571204,-101.4431256939,
    91.731141571204));
#495 = CARTESIAN_POINT('',(61.731135313459,-101.4431256939,
    91.731135313459));
#496 = CARTESIAN_POINT('',(61.731129076568,-101.4431256939,
    91.731129076568));
#497 = CARTESIAN_POINT('',(61.73112286053,-101.4431256939,91.73112286053
    ));
#498 = CARTESIAN_POINT('',(61.731116665346,-101.4431256939,
    91.731116665346));
#499 = CARTESIAN_POINT('',(61.731110491015,-101.4431256939,
    91.731110491015));
#500 = CARTESIAN_POINT('',(61.731104337538,-101.4431256939,
    91.731104337538));
#501 = CARTESIAN_POINT('',(61.731098204914,-101.4431256939,
    91.731098204914));
#502 = CARTESIAN_POINT('',(61.731092093144,-101.4431256939,
    91.731092093144));
#503 = CARTESIAN_POINT('',(61.731086002227,-101.4431256939,
    91.731086002227));
#504 = CARTESIAN_POINT('',(61.731079932164,-101.4431256939,
    91.731079932164));
#505 = CARTESIAN_POINT('',(55.667218582399,-101.4431249089,
    85.667218582382));
#506 = CARTESIAN_POINT('',(49.748010530061,-101.4431241252,
    79.748010530141));
#507 = CARTESIAN_POINT('',(43.973449727305,-101.443123342,
    73.973449727078));
#508 = CARTESIAN_POINT('',(38.343536176477,-101.4431225627,
    68.343536176953));
#509 = CARTESIAN_POINT('',(32.858269878092,-101.4431217821,
    62.858269877308));
#510 = CARTESIAN_POINT('',(27.517650836429,-101.4431210102,
    57.517650837467));
#511 = CARTESIAN_POINT('',(22.321679050489,-101.4431202349,
    52.321679049367));
#512 = CARTESIAN_POINT('',(17.270354526325,-101.443119471,
    47.270354527318));
#513 = CARTESIAN_POINT('',(12.363677262993,-101.443118706,
    42.363677262273));
#514 = CARTESIAN_POINT('',(7.601647266232,-101.4431179508,
    37.601647266654));
#515 = CARTESIAN_POINT('',(2.984264537289,-101.4431171993,
    32.984264537097));
#516 = CARTESIAN_POINT('',(-1.488470919231,-101.4431164556,
    28.51152908083));
#517 = CARTESIAN_POINT('',(-5.816559099857,-101.4431157187,
    24.183440900134));
#518 = CARTESIAN_POINT('',(-15.61201232871,-101.4431140107,
    14.38798767129));
#519 = CARTESIAN_POINT('',(-21.43673350923,-101.443113021,8.56326649076)
  );
#520 = CARTESIAN_POINT('',(-25.20484464048,-101.4431121282,
    4.795155359518));
#521 = CARTESIAN_POINT('',(-38.40283025801,-101.4431106287,
    -8.402830257996));
#522 = CARTESIAN_POINT('',(-25.53526497842,-101.4431101243,
    4.464735021511));
#523 = CARTESIAN_POINT('',(-59.08812574198,-101.4431070682,
    -29.08812574186));
#524 = CARTESIAN_POINT('',(-37.23383507518,-101.4431080207,
    -7.233835075329));
#525 = CARTESIAN_POINT('',(-64.97329476501,-101.4431059317,
    -34.97329476489));
#526 = CARTESIAN_POINT('',(-59.95997483901,-101.4431062075,
    -29.95997483907));
#527 = CARTESIAN_POINT('',(-71.9360170939,-101.4431045769,
    -41.93601709387));
#528 = CARTESIAN_POINT('',(-77.86548939703,-101.4431034642,
    -47.86548939703));
#529 = CARTESIAN_POINT('',(-85.74742711357,-101.4431017623,
    -55.74742711357));
#530 = CARTESIAN_POINT('',(-93.59652597614,-101.4430995615,
    -63.59652597614));
#531 = CARTESIAN_POINT('',(-101.7310904823,-101.4430963284,
    -71.73109048239));
#532 = CARTESIAN_POINT('',(-101.7310965524,-101.4430963284,
    -71.73109655245));
#533 = CARTESIAN_POINT('',(-101.7311026433,-101.4430963284,
    -71.73110264337));
#534 = CARTESIAN_POINT('',(-101.7311087551,-101.4430963284,
    -71.73110875514));
#535 = CARTESIAN_POINT('',(-101.7311148877,-101.4430963284,
    -71.73111488777));
#536 = CARTESIAN_POINT('',(-101.7311210412,-101.4430963284,
    -71.73112104125));
#537 = CARTESIAN_POINT('',(-101.7311272155,-101.4430963284,
    -71.73112721558));
#538 = CARTESIAN_POINT('',(-101.7311334107,-101.4430963284,
    -71.73113341076));
#539 = CARTESIAN_POINT('',(-101.7311396268,-101.4430963284,
    -71.7311396268));
#540 = CARTESIAN_POINT('',(-101.7311458636,-101.4430963284,
    -71.73114586369));
#541 = CARTESIAN_POINT('',(-101.7311521214,-101.4430963284,
    -71.73115212143));
#542 = CARTESIAN_POINT('',(-101.7311584,-101.4430963284,-71.73115840003)
  );
#543 = CARTESIAN_POINT('',(-101.7311646994,-101.4430963284,
    -71.73116469948));
#544 = CARTESIAN_POINT('',(-101.7311710197,-101.4430963284,
    -71.73117101978));
#545 = CARTESIAN_POINT('',(61.731159861834,-101.4431163138,
    91.731159861834));
#546 = CARTESIAN_POINT('',(61.731153541529,-101.4431163138,
    91.731153541528));
#547 = CARTESIAN_POINT('',(61.731147242076,-101.4431163138,
    91.731147242076));
#548 = CARTESIAN_POINT('',(61.731140963478,-101.4431163138,
    91.731140963478));
#549 = CARTESIAN_POINT('',(61.731134705733,-101.4431163138,
    91.731134705733));
#550 = CARTESIAN_POINT('',(61.731128468841,-101.4431163138,
    91.731128468841));
#551 = CARTESIAN_POINT('',(61.731122252803,-101.4431163138,
    91.731122252803));
#552 = CARTESIAN_POINT('',(61.731116057619,-101.4431163138,
    91.731116057619));
#553 = CARTESIAN_POINT('',(61.731109883288,-101.4431163138,
    91.731109883288));
#554 = CARTESIAN_POINT('',(61.731103729811,-101.4431163138,
    91.731103729811));
#555 = CARTESIAN_POINT('',(61.731097597187,-101.4431163138,
    91.731097597187));
#556 = CARTESIAN_POINT('',(61.731091485417,-101.4431163138,
    91.731091485417));
#557 = CARTESIAN_POINT('',(61.731085394501,-101.4431163138,
    91.731085394501));
#558 = CARTESIAN_POINT('',(61.731079324438,-101.4431163138,
    91.731079324438));
#559 = CARTESIAN_POINT('',(55.667218044416,-101.4431154773,
    85.667218044399));
#560 = CARTESIAN_POINT('',(49.748010059807,-101.4431146439,
    79.748010059887));
#561 = CARTESIAN_POINT('',(43.973449322367,-101.4431138131,
    73.97344932214));
#562 = CARTESIAN_POINT('',(38.343535834014,-101.4431129879,
    68.34353583449));
#563 = CARTESIAN_POINT('',(32.858269594799,-101.4431121629,
    62.858269594015));
#564 = CARTESIAN_POINT('',(27.517650608501,-101.4431113482,
    57.517650609539));
#565 = CARTESIAN_POINT('',(22.321678873576,-101.4431105313,
    52.321678872454));
#566 = CARTESIAN_POINT('',(17.270354395483,-101.4431097271,
    47.270354396476));
#567 = CARTESIAN_POINT('',(12.363677172627,-101.4431089227,
    42.363677171907));
#568 = CARTESIAN_POINT('',(7.601647210029,-101.4431081289,37.60164721045
    ));
#569 = CARTESIAN_POINT('',(2.98426450814,-101.4431073396,32.984264507948
    ));
#570 = CARTESIAN_POINT('',(-1.488470929317,-101.4431065586,
    28.511529070745));
#571 = CARTESIAN_POINT('',(-5.816559099857,-101.4431057848,
    24.183440900134));
#572 = CARTESIAN_POINT('',(-15.61201232871,-101.4431039914,
    14.38798767129));
#573 = CARTESIAN_POINT('',(-21.43673349132,-101.4431029523,
    8.563266508663));
#574 = CARTESIAN_POINT('',(-25.2048447853,-101.4431020176,4.795155214703
    ));
#575 = CARTESIAN_POINT('',(-38.40282968259,-101.4431004826,
    -8.402829682576));
#576 = CARTESIAN_POINT('',(-25.535266177,-101.4431000951,4.46473382293)
  );
#577 = CARTESIAN_POINT('',(-59.08812401424,-101.4430970795,
    -29.08812401412));
#578 = CARTESIAN_POINT('',(-37.23383639886,-101.4430979229,
    -7.233836399009));
#579 = CARTESIAN_POINT('',(-64.97329344919,-101.4430957222,
    -34.97329344907));
#580 = CARTESIAN_POINT('',(-59.9599749147,-101.4430957988,
    -29.95997491477));
#581 = CARTESIAN_POINT('',(-71.93601619036,-101.4430941845,
    -41.93601619033));
#582 = CARTESIAN_POINT('',(-77.86548834017,-101.4430930514,
    -47.86548834017));
#583 = CARTESIAN_POINT('',(-85.7474254876,-101.4430914465,-55.7474254876
    ));
#584 = CARTESIAN_POINT('',(-93.59652365194,-101.4430894679,
    -63.59652365194));
#585 = CARTESIAN_POINT('',(-101.7310872371,-101.4430867106,
    -71.73108723711));
#586 = CARTESIAN_POINT('',(-101.7310933071,-101.4430867106,
    -71.73109330717));
#587 = CARTESIAN_POINT('',(-101.731099398,-101.4430867106,
    -71.73109939809));
#588 = CARTESIAN_POINT('',(-101.7311055098,-101.4430867106,
    -71.73110550986));
#589 = CARTESIAN_POINT('',(-101.7311116424,-101.4430867106,
    -71.73111164248));
#590 = CARTESIAN_POINT('',(-101.7311177959,-101.4430867106,
    -71.73111779596));
#591 = CARTESIAN_POINT('',(-101.7311239702,-101.4430867106,
    -71.73112397029));
#592 = CARTESIAN_POINT('',(-101.7311301654,-101.4430867106,
    -71.73113016548));
#593 = CARTESIAN_POINT('',(-101.7311363815,-101.4430867106,
    -71.73113638151));
#594 = CARTESIAN_POINT('',(-101.7311426184,-101.4430867106,
    -71.7311426184));
#595 = CARTESIAN_POINT('',(-101.7311488761,-101.4430867106,
    -71.73114887615));
#596 = CARTESIAN_POINT('',(-101.7311551547,-101.4430867106,
    -71.73115515475));
#597 = CARTESIAN_POINT('',(-101.7311614542,-101.4430867106,
    -71.7311614542));
#598 = CARTESIAN_POINT('',(-101.7311677745,-101.4430867106,
    -71.7311677745));
#599 = CARTESIAN_POINT('',(61.731159254108,-101.4431069337,
    91.731159254108));
#600 = CARTESIAN_POINT('',(61.731152933802,-101.4431069337,
    91.731152933802));
#601 = CARTESIAN_POINT('',(61.73114663435,-101.4431069337,91.73114663435
    ));
#602 = CARTESIAN_POINT('',(61.731140355751,-101.4431069337,
    91.731140355751));
#603 = CARTESIAN_POINT('',(61.731134098006,-101.4431069337,
    91.731134098006));
#604 = CARTESIAN_POINT('',(61.731127861115,-101.4431069337,
    91.731127861114));
#605 = CARTESIAN_POINT('',(61.731121645077,-101.4431069337,
    91.731121645077));
#606 = CARTESIAN_POINT('',(61.731115449892,-101.4431069337,
    91.731115449892));
#607 = CARTESIAN_POINT('',(61.731109275562,-101.4431069337,
    91.731109275561));
#608 = CARTESIAN_POINT('',(61.731103122084,-101.4431069337,
    91.731103122084));
#609 = CARTESIAN_POINT('',(61.731096989461,-101.4431069337,
    91.73109698946));
#610 = CARTESIAN_POINT('',(61.731090877691,-101.4431069337,
    91.73109087769));
#611 = CARTESIAN_POINT('',(61.731084786774,-101.4431069337,
    91.731084786774));
#612 = CARTESIAN_POINT('',(61.731078716711,-101.4431069337,
    91.731078716711));
#613 = CARTESIAN_POINT('',(55.667217508872,-101.4431060884,
    85.667217508855));
#614 = CARTESIAN_POINT('',(49.748009593765,-101.4431052477,
    79.748009593845));
#615 = CARTESIAN_POINT('',(43.973448922805,-101.4431044107,
    73.973448922578));
#616 = CARTESIAN_POINT('',(38.343535497542,-101.4431035805,
    68.343535498018));
#617 = CARTESIAN_POINT('',(32.858269317631,-101.4431027517,
    62.858269316847));
#618 = CARTESIAN_POINT('',(27.517650386421,-101.443101934,
    57.517650387459));
#619 = CARTESIAN_POINT('',(22.321678701901,-101.4431011151,
    52.32167870078));
#620 = CARTESIAN_POINT('',(17.270354269022,-101.4431003094,
    47.270354270016));
#621 = CARTESIAN_POINT('',(12.36367708563,-101.4430995041,42.36367708491
    ));
#622 = CARTESIAN_POINT('',(7.60164715613,-101.4430987099,37.601647156551
    ));
#623 = CARTESIAN_POINT('',(2.984264480293,-101.4430979203,
    32.984264480101));
#624 = CARTESIAN_POINT('',(-1.488470938915,-101.4430971392,
    28.511529061146));
#625 = CARTESIAN_POINT('',(-5.816559099857,-101.4430963655,
    24.183440900134));
#626 = CARTESIAN_POINT('',(-15.61201232871,-101.443094572,14.38798767129
    ));
#627 = CARTESIAN_POINT('',(-21.43673347458,-101.443093533,8.563266525411
    ));
#628 = CARTESIAN_POINT('',(-25.20484492018,-101.4430926001,
    4.795155079817));
#629 = CARTESIAN_POINT('',(-38.4028291501,-101.4430910934,
    -8.402829150083));
#630 = CARTESIAN_POINT('',(-25.53526728696,-101.4430908074,
    4.464732712966));
#631 = CARTESIAN_POINT('',(-59.08812243165,-101.4430879299,
    -29.08812243153));
#632 = CARTESIAN_POINT('',(-37.23383761293,-101.4430886613,
    -7.23383761307));
#633 = CARTESIAN_POINT('',(-64.97329225488,-101.4430864555,
    -34.97329225476));
#634 = CARTESIAN_POINT('',(-59.9599749832,-101.4430863799,
    -29.95997498327));
#635 = CARTESIAN_POINT('',(-71.93601537753,-101.4430848355,
    -41.93601537751));
#636 = CARTESIAN_POINT('',(-77.86548739383,-101.4430837276,
    -47.86548739383));
#637 = CARTESIAN_POINT('',(-85.74742403849,-101.4430822527,
    -55.74742403849));
#638 = CARTESIAN_POINT('',(-93.59652158959,-101.4430805114,
    -63.59652158959));
#639 = CARTESIAN_POINT('',(-101.7310843686,-101.4430782096,
    -71.73108436862));
#640 = CARTESIAN_POINT('',(-101.7310904386,-101.4430782096,
    -71.73109043868));
#641 = CARTESIAN_POINT('',(-101.7310965296,-101.4430782096,
    -71.7310965296));
#642 = CARTESIAN_POINT('',(-101.7311026413,-101.4430782096,
    -71.73110264137));
#643 = CARTESIAN_POINT('',(-101.7311087739,-101.4430782096,
    -71.73110877399));
#644 = CARTESIAN_POINT('',(-101.7311149274,-101.4430782096,
    -71.73111492747));
#645 = CARTESIAN_POINT('',(-101.7311211018,-101.4430782096,
    -71.7311211018));
#646 = CARTESIAN_POINT('',(-101.7311272969,-101.4430782096,
    -71.73112729698));
#647 = CARTESIAN_POINT('',(-101.731133513,-101.4430782096,
    -71.73113351302));
#648 = CARTESIAN_POINT('',(-101.7311397499,-101.4430782096,
    -71.73113974991));
#649 = CARTESIAN_POINT('',(-101.7311460076,-101.4430782096,
    -71.73114600766));
#650 = CARTESIAN_POINT('',(-101.7311522862,-101.4430782096,
    -71.73115228626));
#651 = CARTESIAN_POINT('',(-101.7311585857,-101.4430782096,
    -71.73115858571));
#652 = CARTESIAN_POINT('',(-101.731164906,-101.4430782096,
    -71.73116490601));
#653 = CARTESIAN_POINT('',(61.731158646381,-101.4430975536,
    91.731158646381));
#654 = CARTESIAN_POINT('',(61.731152326076,-101.4430975536,
    91.731152326075));
#655 = CARTESIAN_POINT('',(61.731146026623,-101.4430975536,
    91.731146026623));
#656 = CARTESIAN_POINT('',(61.731139748025,-101.4430975536,
    91.731139748024));
#657 = CARTESIAN_POINT('',(61.731133490279,-101.4430975536,
    91.731133490279));
#658 = CARTESIAN_POINT('',(61.731127253388,-101.4430975536,
    91.731127253388));
#659 = CARTESIAN_POINT('',(61.73112103735,-101.4430975536,91.73112103735
    ));
#660 = CARTESIAN_POINT('',(61.731114842166,-101.4430975536,
    91.731114842165));
#661 = CARTESIAN_POINT('',(61.731108667835,-101.4430975536,
    91.731108667835));
#662 = CARTESIAN_POINT('',(61.731102514358,-101.4430975536,
    91.731102514357));
#663 = CARTESIAN_POINT('',(61.731096381734,-101.4430975536,
    91.731096381734));
#664 = CARTESIAN_POINT('',(61.731090269964,-101.4430975536,
    91.731090269964));
#665 = CARTESIAN_POINT('',(61.731084179048,-101.4430975536,
    91.731084179047));
#666 = CARTESIAN_POINT('',(61.731078108985,-101.4430975536,
    91.731078108984));
#667 = CARTESIAN_POINT('',(55.667216975768,-101.4430967423,
    85.66721697575));
#668 = CARTESIAN_POINT('',(49.748009131936,-101.4430959363,
    79.748009132015));
#669 = CARTESIAN_POINT('',(43.973448528619,-101.4430951348,
    73.973448528392));
#670 = CARTESIAN_POINT('',(38.343535167061,-101.4430943407,
    68.343535167537));
#671 = CARTESIAN_POINT('',(32.858269046587,-101.4430935485,
    62.858269045804));
#672 = CARTESIAN_POINT('',(27.517650170188,-101.4430927678,
    57.517650171226));
#673 = CARTESIAN_POINT('',(22.321678535465,-101.4430919861,
    52.321678534344));
#674 = CARTESIAN_POINT('',(17.270354146943,-101.443091218,
    47.270354147936));
#675 = CARTESIAN_POINT('',(12.363677002002,-101.4430904503,
    42.363677001282));
#676 = CARTESIAN_POINT('',(7.601647104536,-101.4430896936,
    37.601647104957));
#677 = CARTESIAN_POINT('',(2.984264453748,-101.4430889414,
    32.984264453557));
#678 = CARTESIAN_POINT('',(-1.488470948027,-101.4430881975,
    28.511529052034));
#679 = CARTESIAN_POINT('',(-5.816559099857,-101.4430874605,
    24.183440900134));
#680 = CARTESIAN_POINT('',(-15.61201232871,-101.4430857525,
    14.38798767129));
#681 = CARTESIAN_POINT('',(-21.43673345898,-101.443084763,8.563266541005
    ));
#682 = CARTESIAN_POINT('',(-25.20484504514,-101.4430838759,4.79515495486
    ));
#683 = CARTESIAN_POINT('',(-38.40282866053,-101.443082461,
    -8.402828660518));
#684 = CARTESIAN_POINT('',(-25.53526830831,-101.4430822613,
    4.464731691619));
#685 = CARTESIAN_POINT('',(-59.0881209942,-101.4430796194,
    -29.08812099408));
#686 = CARTESIAN_POINT('',(-37.23383871737,-101.4430802359,
    -7.233838717514));
#687 = CARTESIAN_POINT('',(-64.97329118208,-101.4430781316,
    -34.97329118196));
#688 = CARTESIAN_POINT('',(-59.95997504449,-101.4430779508,
    -29.95997504456));
#689 = CARTESIAN_POINT('',(-71.93601465543,-101.4430765299,
    -41.9360146554));
#690 = CARTESIAN_POINT('',(-77.86548655802,-101.4430754927,
    -47.86548655803));
#691 = CARTESIAN_POINT('',(-85.74742276624,-101.443074181,
    -55.74742276624));
#692 = CARTESIAN_POINT('',(-93.59651978908,-101.4430726921,
    -63.59651978908));
#693 = CARTESIAN_POINT('',(-101.7310818769,-101.4430708252,
    -71.73108187692));
#694 = CARTESIAN_POINT('',(-101.7310879469,-101.4430708252,
    -71.73108794698));
#695 = CARTESIAN_POINT('',(-101.7310940379,-101.4430708252,
    -71.7310940379));
#696 = CARTESIAN_POINT('',(-101.7311001496,-101.4430708252,
    -71.73110014967));
#697 = CARTESIAN_POINT('',(-101.7311062822,-101.4430708252,
    -71.73110628229));
#698 = CARTESIAN_POINT('',(-101.7311124357,-101.4430708252,
    -71.73111243577));
#699 = CARTESIAN_POINT('',(-101.7311186101,-101.4430708252,
    -71.7311186101));
#700 = CARTESIAN_POINT('',(-101.7311248052,-101.4430708252,
    -71.73112480529));
#701 = CARTESIAN_POINT('',(-101.7311310213,-101.4430708252,
    -71.73113102132));
#702 = CARTESIAN_POINT('',(-101.7311372582,-101.4430708252,
    -71.73113725822));
#703 = CARTESIAN_POINT('',(-101.7311435159,-101.4430708252,
    -71.73114351596));
#704 = CARTESIAN_POINT('',(-101.7311497945,-101.4430708252,
    -71.73114979456));
#705 = CARTESIAN_POINT('',(-101.731156094,-101.4430708252,
    -71.73115609401));
#706 = CARTESIAN_POINT('',(-101.7311624143,-101.4430708252,
    -71.73116241432));
#707 = CARTESIAN_POINT('',(61.731158038655,-101.4430881735,
    91.731158038655));
#708 = CARTESIAN_POINT('',(61.731151718349,-101.4430881735,
    91.731151718349));
#709 = CARTESIAN_POINT('',(61.731145418897,-101.4430881735,
    91.731145418897));
#710 = CARTESIAN_POINT('',(61.731139140298,-101.4430881735,
    91.731139140298));
#711 = CARTESIAN_POINT('',(61.731132882553,-101.4430881735,
    91.731132882553));
#712 = CARTESIAN_POINT('',(61.731126645661,-101.4430881735,
    91.731126645661));
#713 = CARTESIAN_POINT('',(61.731120429623,-101.4430881735,
    91.731120429623));
#714 = CARTESIAN_POINT('',(61.731114234439,-101.4430881735,
    91.731114234439));
#715 = CARTESIAN_POINT('',(61.731108060108,-101.4430881735,
    91.731108060108));
#716 = CARTESIAN_POINT('',(61.731101906631,-101.4430881735,
    91.731101906631));
#717 = CARTESIAN_POINT('',(61.731095774007,-101.4430881735,
    91.731095774007));
#718 = CARTESIAN_POINT('',(61.731089662237,-101.4430881735,
    91.731089662237));
#719 = CARTESIAN_POINT('',(61.731083571321,-101.4430881735,
    91.731083571321));
#720 = CARTESIAN_POINT('',(61.731077501258,-101.4430881735,
    91.731077501258));
#721 = CARTESIAN_POINT('',(55.667216445102,-101.4430874389,
    85.667216445085));
#722 = CARTESIAN_POINT('',(49.748008674318,-101.4430867098,
    79.748008674398));
#723 = CARTESIAN_POINT('',(43.973448139808,-101.4430859853,
    73.973448139582));
#724 = CARTESIAN_POINT('',(38.343534842572,-101.4430852683,
    68.343534843048));
#725 = CARTESIAN_POINT('',(32.858268781669,-101.4430845532,
    62.858268780885));
#726 = CARTESIAN_POINT('',(27.517649959804,-101.4430838494,
    57.517649960841));
#727 = CARTESIAN_POINT('',(22.321678374267,-101.4430831445,
    52.321678373146));
#728 = CARTESIAN_POINT('',(17.270354029244,-101.4430824528,
    47.270354030237));
#729 = CARTESIAN_POINT('',(12.363676921743,-101.4430817611,
    42.363676921023));
#730 = CARTESIAN_POINT('',(7.601647055247,-101.44308108,37.601647055668)
  );
#731 = CARTESIAN_POINT('',(2.984264428506,-101.4430804029,
    32.984264428314));
#732 = CARTESIAN_POINT('',(-1.488470956653,-101.4430797334,
    28.511529043409));
#733 = CARTESIAN_POINT('',(-5.816559099857,-101.4430790701,
    24.183440900134));
#734 = CARTESIAN_POINT('',(-15.61201232871,-101.4430775329,
    14.38798767129));
#735 = CARTESIAN_POINT('',(-21.43673344454,-101.4430766423,
    8.563266555444));
#736 = CARTESIAN_POINT('',(-25.20484516017,-101.4430758449,
    4.795154839832));
#737 = CARTESIAN_POINT('',(-38.4028282139,-101.4430745856,
    -8.402828213879));
#738 = CARTESIAN_POINT('',(-25.53526924104,-101.4430744566,
    4.464730758888));
#739 = CARTESIAN_POINT('',(-59.08811970188,-101.443072148,
    -29.08811970176));
#740 = CARTESIAN_POINT('',(-37.2338397122,-101.4430726468,-7.23383971234
    ));
#741 = CARTESIAN_POINT('',(-64.97329023079,-101.4430707504,
    -34.97329023067));
#742 = CARTESIAN_POINT('',(-59.95997509859,-101.4430705116,
    -29.95997509866));
#743 = CARTESIAN_POINT('',(-71.93601402404,-101.4430692678,
    -41.93601402401));
#744 = CARTESIAN_POINT('',(-77.86548583274,-101.4430683468,
    -47.86548583274));
#745 = CARTESIAN_POINT('',(-85.74742167084,-101.4430672314,
    -55.74742167084));
#746 = CARTESIAN_POINT('',(-93.59651825043,-101.44306601,-63.59651825043
    ));
#747 = CARTESIAN_POINT('',(-101.731079762,-101.4430645574,
    -71.73107976202));
#748 = CARTESIAN_POINT('',(-101.731085832,-101.4430645574,
    -71.73108583208));
#749 = CARTESIAN_POINT('',(-101.731091923,-101.4430645574,-71.731091923)
  );
#750 = CARTESIAN_POINT('',(-101.7310980347,-101.4430645574,
    -71.73109803477));
#751 = CARTESIAN_POINT('',(-101.7311041673,-101.4430645574,
    -71.73110416739));
#752 = CARTESIAN_POINT('',(-101.7311103208,-101.4430645574,
    -71.73111032087));
#753 = CARTESIAN_POINT('',(-101.7311164952,-101.4430645574,
    -71.7311164952));
#754 = CARTESIAN_POINT('',(-101.7311226903,-101.4430645574,
    -71.73112269038));
#755 = CARTESIAN_POINT('',(-101.7311289064,-101.4430645574,
    -71.73112890642));
#756 = CARTESIAN_POINT('',(-101.7311351433,-101.4430645574,
    -71.73113514331));
#757 = CARTESIAN_POINT('',(-101.731141401,-101.4430645574,
    -71.73114140106));
#758 = CARTESIAN_POINT('',(-101.7311476796,-101.4430645574,
    -71.73114767966));
#759 = CARTESIAN_POINT('',(-101.7311539791,-101.4430645574,
    -71.73115397911));
#760 = CARTESIAN_POINT('',(-101.7311602994,-101.4430645574,
    -71.73116029941));
#761 = CARTESIAN_POINT('',(61.731157430928,-101.4430787934,
    91.731157430928));
#762 = CARTESIAN_POINT('',(61.731151110622,-101.4430787934,
    91.731151110622));
#763 = CARTESIAN_POINT('',(61.73114481117,-101.4430787934,91.73114481117
    ));
#764 = CARTESIAN_POINT('',(61.731138532571,-101.4430787934,
    91.731138532571));
#765 = CARTESIAN_POINT('',(61.731132274826,-101.4430787934,
    91.731132274826));
#766 = CARTESIAN_POINT('',(61.731126037934,-101.4430787934,
    91.731126037934));
#767 = CARTESIAN_POINT('',(61.731119821896,-101.4430787934,
    91.731119821896));
#768 = CARTESIAN_POINT('',(61.731113626712,-101.4430787934,
    91.731113626712));
#769 = CARTESIAN_POINT('',(61.731107452381,-101.4430787934,
    91.731107452381));
#770 = CARTESIAN_POINT('',(61.731101298904,-101.4430787934,
    91.731101298904));
#771 = CARTESIAN_POINT('',(61.731095166281,-101.4430787934,
    91.73109516628));
#772 = CARTESIAN_POINT('',(61.731089054511,-101.4430787934,
    91.73108905451));
#773 = CARTESIAN_POINT('',(61.731082963594,-101.4430787934,
    91.731082963594));
#774 = CARTESIAN_POINT('',(61.731076893532,-101.4430787934,
    91.731076893531));
#775 = CARTESIAN_POINT('',(55.667215916876,-101.4430781783,
    85.667215916859));
#776 = CARTESIAN_POINT('',(49.748008220913,-101.4430775683,
    79.748008220992));
#777 = CARTESIAN_POINT('',(43.973447756374,-101.4430769624,
    73.973447756147));
#778 = CARTESIAN_POINT('',(38.343534524074,-101.4430763635,
    68.34353452455));
#779 = CARTESIAN_POINT('',(32.858268522875,-101.4430757659,
    62.858268522091));
#780 = CARTESIAN_POINT('',(27.517649755267,-101.443075179,
    57.517649756305));
#781 = CARTESIAN_POINT('',(22.321678218307,-101.4430745902,
    52.321678217186));
#782 = CARTESIAN_POINT('',(17.270353915926,-101.4430740139,
    47.270353916919));
#783 = CARTESIAN_POINT('',(12.363676844853,-101.4430734368,
    42.363676844133));
#784 = CARTESIAN_POINT('',(7.601647008262,-101.4430728693,
    37.601647008683));
#785 = CARTESIAN_POINT('',(2.984264404565,-101.4430723048,
    32.984264404373));
#786 = CARTESIAN_POINT('',(-1.488470964791,-101.4430717469,
    28.511529035271));
#787 = CARTESIAN_POINT('',(-5.816559099857,-101.4430711942,
    24.183440900134));
#788 = CARTESIAN_POINT('',(-15.61201232871,-101.4430699132,
    14.38798767129));
#789 = CARTESIAN_POINT('',(-21.43673343126,-101.443069171,8.563266568728
    ));
#790 = CARTESIAN_POINT('',(-25.20484526527,-101.4430685071,
    4.795154734733));
#791 = CARTESIAN_POINT('',(-38.40282781018,-101.4430674672,
    -8.402827810168));
#792 = CARTESIAN_POINT('',(-25.53527008515,-101.4430673934,
    4.464729914773));
#793 = CARTESIAN_POINT('',(-59.08811855471,-101.4430655157,
    -29.08811855459));
#794 = CARTESIAN_POINT('',(-37.2338405974,-101.4430658939,
    -7.233840597549));
#795 = CARTESIAN_POINT('',(-64.97328940101,-101.4430643121,
    -34.97328940089));
#796 = CARTESIAN_POINT('',(-59.9599751455,-101.4430640621,
    -29.95997514556));
#797 = CARTESIAN_POINT('',(-71.93601348337,-101.4430630491,
    -41.93601348334));
#798 = CARTESIAN_POINT('',(-77.86548521798,-101.4430622899,
    -47.86548521799));
#799 = CARTESIAN_POINT('',(-85.74742075229,-101.4430614038,
    -55.74742075229));
#800 = CARTESIAN_POINT('',(-93.59651697362,-101.4430604651,
    -63.59651697362));
#801 = CARTESIAN_POINT('',(-101.7310780239,-101.4430594064,
    -71.73107802391));
#802 = CARTESIAN_POINT('',(-101.7310840939,-101.4430594064,
    -71.73108409397));
#803 = CARTESIAN_POINT('',(-101.7310901848,-101.4430594064,
    -71.73109018489));
#804 = CARTESIAN_POINT('',(-101.7310962966,-101.4430594064,
    -71.73109629666));
#805 = CARTESIAN_POINT('',(-101.7311024292,-101.4430594064,
    -71.73110242928));
#806 = CARTESIAN_POINT('',(-101.7311085827,-101.4430594064,
    -71.73110858276));
#807 = CARTESIAN_POINT('',(-101.731114757,-101.4430594064,
    -71.73111475709));
#808 = CARTESIAN_POINT('',(-101.7311209522,-101.4430594064,
    -71.73112095227));
#809 = CARTESIAN_POINT('',(-101.7311271683,-101.4430594064,
    -71.73112716831));
#810 = CARTESIAN_POINT('',(-101.7311334052,-101.4430594064,
    -71.7311334052));
#811 = CARTESIAN_POINT('',(-101.7311396629,-101.4430594064,
    -71.73113966295));
#812 = CARTESIAN_POINT('',(-101.7311459415,-101.4430594064,
    -71.73114594155));
#813 = CARTESIAN_POINT('',(-101.731152241,-101.4430594064,-71.731152241)
  );
#814 = CARTESIAN_POINT('',(-101.7311585613,-101.4430594064,
    -71.73115856131));
#815 = CARTESIAN_POINT('',(61.731156823202,-101.4430694134,
    91.731156823202));
#816 = CARTESIAN_POINT('',(61.731150502896,-101.4430694134,
    91.731150502896));
#817 = CARTESIAN_POINT('',(61.731144203443,-101.4430694134,
    91.731144203443));
#818 = CARTESIAN_POINT('',(61.731137924844,-101.4430694134,
    91.731137924844));
#819 = CARTESIAN_POINT('',(61.731131667099,-101.4430694134,
    91.731131667099));
#820 = CARTESIAN_POINT('',(61.731125430208,-101.4430694134,
    91.731125430207));
#821 = CARTESIAN_POINT('',(61.73111921417,-101.4430694134,
    91.731119214169));
#822 = CARTESIAN_POINT('',(61.731113018985,-101.4430694134,
    91.731113018985));
#823 = CARTESIAN_POINT('',(61.731106844654,-101.4430694134,
    91.731106844654));
#824 = CARTESIAN_POINT('',(61.731100691177,-101.4430694134,
    91.731100691177));
#825 = CARTESIAN_POINT('',(61.731094558554,-101.4430694134,
    91.731094558554));
#826 = CARTESIAN_POINT('',(61.731088446784,-101.4430694134,
    91.731088446784));
#827 = CARTESIAN_POINT('',(61.731082355868,-101.4430694134,
    91.731082355868));
#828 = CARTESIAN_POINT('',(61.731076285805,-101.4430694134,
    91.731076285805));
#829 = CARTESIAN_POINT('',(55.667215391089,-101.4430689605,
    85.667215391072));
#830 = CARTESIAN_POINT('',(49.74800777172,-101.4430685117,
    79.748007771799));
#831 = CARTESIAN_POINT('',(43.973447378315,-101.443068066,
    73.973447378088));
#832 = CARTESIAN_POINT('',(38.343534211567,-101.4430676262,
    68.343534212043));
#833 = CARTESIAN_POINT('',(32.858268270206,-101.4430671865,
    62.858268269423));
#834 = CARTESIAN_POINT('',(27.517649556579,-101.4430667564,
    57.517649557616));
#835 = CARTESIAN_POINT('',(22.321678067586,-101.4430663233,
    52.321678066465));
#836 = CARTESIAN_POINT('',(17.270353806989,-101.4430659013,
    47.270353807982));
#837 = CARTESIAN_POINT('',(12.363676771332,-101.4430654772,
    42.363676770612));
#838 = CARTESIAN_POINT('',(7.601646963583,-101.4430650613,
    37.601646964004));
#839 = CARTESIAN_POINT('',(2.984264381926,-101.4430646471,
    32.984264381734));
#840 = CARTESIAN_POINT('',(-1.488470972443,-101.4430642381,
    28.511529027619));
#841 = CARTESIAN_POINT('',(-5.816559099857,-101.4430638327,
    24.183440900134));
#842 = CARTESIAN_POINT('',(-15.61201232871,-101.4430628933,
    14.38798767129));
#843 = CARTESIAN_POINT('',(-21.43673341913,-101.443062349,8.563266580858
    ));
#844 = CARTESIAN_POINT('',(-25.20484536044,-101.4430618626,
    4.795154639564));
#845 = CARTESIAN_POINT('',(-38.4028274494,-101.4430611056,
    -8.402827449384));
#846 = CARTESIAN_POINT('',(-25.53527084065,-101.4430610718,
    4.464729159275));
#847 = CARTESIAN_POINT('',(-59.08811755267,-101.4430597226,
    -29.08811755255));
#848 = CARTESIAN_POINT('',(-37.233841373,-101.4430599773,-7.23384137314)
  );
#849 = CARTESIAN_POINT('',(-64.97328869273,-101.4430588165,
    -34.97328869261));
#850 = CARTESIAN_POINT('',(-59.9599751852,-101.4430586025,
    -29.95997518527));
#851 = CARTESIAN_POINT('',(-71.93601303341,-101.4430578738,
    -41.93601303339));
#852 = CARTESIAN_POINT('',(-77.86548471376,-101.443057322,
    -47.86548471376));
#853 = CARTESIAN_POINT('',(-85.74742001061,-101.4430566982,
    -55.74742001061));
#854 = CARTESIAN_POINT('',(-93.59651595866,-101.4430560573,
    -63.59651595866));
#855 = CARTESIAN_POINT('',(-101.7310766625,-101.443055372,
    -71.73107666259));
#856 = CARTESIAN_POINT('',(-101.7310827326,-101.443055372,
    -71.73108273266));
#857 = CARTESIAN_POINT('',(-101.7310888235,-101.443055372,
    -71.73108882357));
#858 = CARTESIAN_POINT('',(-101.7310949353,-101.443055372,
    -71.73109493534));
#859 = CARTESIAN_POINT('',(-101.7311010679,-101.443055372,
    -71.73110106797));
#860 = CARTESIAN_POINT('',(-101.7311072214,-101.443055372,
    -71.73110722144));
#861 = CARTESIAN_POINT('',(-101.7311133957,-101.443055372,
    -71.73111339577));
#862 = CARTESIAN_POINT('',(-101.7311195909,-101.443055372,
    -71.73111959096));
#863 = CARTESIAN_POINT('',(-101.731125807,-101.443055372,-71.731125807)
  );
#864 = CARTESIAN_POINT('',(-101.7311320438,-101.443055372,
    -71.73113204389));
#865 = CARTESIAN_POINT('',(-101.7311383016,-101.443055372,
    -71.73113830163));
#866 = CARTESIAN_POINT('',(-101.7311445802,-101.443055372,
    -71.73114458023));
#867 = CARTESIAN_POINT('',(-101.7311508796,-101.443055372,
    -71.73115087969));
#868 = CARTESIAN_POINT('',(-101.7311571999,-101.443055372,
    -71.73115719999));
#869 = CARTESIAN_POINT('',(61.731156215475,-101.4430600333,
    91.731156215475));
#870 = CARTESIAN_POINT('',(61.731149895169,-101.4430600333,
    91.731149895169));
#871 = CARTESIAN_POINT('',(61.731143595717,-101.4430600333,
    91.731143595717));
#872 = CARTESIAN_POINT('',(61.731137317118,-101.4430600333,
    91.731137317118));
#873 = CARTESIAN_POINT('',(61.731131059373,-101.4430600333,
    91.731131059372));
#874 = CARTESIAN_POINT('',(61.731124822481,-101.4430600333,
    91.731124822481));
#875 = CARTESIAN_POINT('',(61.731118606443,-101.4430600333,
    91.731118606443));
#876 = CARTESIAN_POINT('',(61.731112411258,-101.4430600333,
    91.731112411258));
#877 = CARTESIAN_POINT('',(61.731106236928,-101.4430600333,
    91.731106236928));
#878 = CARTESIAN_POINT('',(61.731100083451,-101.4430600333,
    91.73110008345));
#879 = CARTESIAN_POINT('',(61.731093950827,-101.4430600333,
    91.731093950827));
#880 = CARTESIAN_POINT('',(61.731087839057,-101.4430600333,
    91.731087839057));
#881 = CARTESIAN_POINT('',(61.731081748141,-101.4430600333,
    91.731081748141));
#882 = CARTESIAN_POINT('',(61.731075678078,-101.4430600333,
    91.731075678078));
#883 = CARTESIAN_POINT('',(55.667214867741,-101.4430597854,
    85.667214867724));
#884 = CARTESIAN_POINT('',(49.748007326739,-101.4430595401,
    79.748007326818));
#885 = CARTESIAN_POINT('',(43.973447005632,-101.4430592961,
    73.973447005405));
#886 = CARTESIAN_POINT('',(38.343533905052,-101.4430590564,
    68.343533905528));
#887 = CARTESIAN_POINT('',(32.858268023662,-101.4430588151,
    62.858268022879));
#888 = CARTESIAN_POINT('',(27.517649363738,-101.4430585818,
    57.517649364775));
#889 = CARTESIAN_POINT('',(22.321677922103,-101.4430583436,
    52.321677920983));
#890 = CARTESIAN_POINT('',(17.270353702434,-101.4430581149,
    47.270353703426));
#891 = CARTESIAN_POINT('',(12.36367670118,-101.4430578823,42.36367670046
    ));
#892 = CARTESIAN_POINT('',(7.601646921208,-101.4430576562,
    37.601646921629));
#893 = CARTESIAN_POINT('',(2.984264360589,-101.4430574298,
    32.984264360397));
#894 = CARTESIAN_POINT('',(-1.488470979608,-101.4430572068,
    28.511529020454));
#895 = CARTESIAN_POINT('',(-5.816559099857,-101.4430569857,
    24.183440900134));
#896 = CARTESIAN_POINT('',(-15.61201232871,-101.4430564733,
    14.38798767129));
#897 = CARTESIAN_POINT('',(-21.43673340815,-101.4430561764,
    8.563266591833));
#898 = CARTESIAN_POINT('',(-25.20484544568,-101.4430559113,
    4.795154554323));
#899 = CARTESIAN_POINT('',(-38.40282713154,-101.4430555009,
    -8.402827131526));
#900 = CARTESIAN_POINT('',(-25.53527150753,-101.4430554916,
    4.464728492393));
#901 = CARTESIAN_POINT('',(-59.08811669578,-101.4430547685,
    -29.08811669566));
#902 = CARTESIAN_POINT('',(-37.23384203897,-101.4430548968,
    -7.233842039113));
#903 = CARTESIAN_POINT('',(-64.97328810596,-101.4430542637,
    -34.97328810584));
#904 = CARTESIAN_POINT('',(-59.9599752177,-101.4430541327,
    -29.95997521777));
#905 = CARTESIAN_POINT('',(-71.93601267418,-101.4430537419,
    -41.93601267415));
#906 = CARTESIAN_POINT('',(-77.86548432005,-101.443053443,
    -47.86548432006));
#907 = CARTESIAN_POINT('',(-85.74741944577,-101.4430531147,
    -55.74741944577));
#908 = CARTESIAN_POINT('',(-93.59651520555,-101.4430527866,
    -63.59651520555));
#909 = CARTESIAN_POINT('',(-101.731075678,-101.4430524542,
    -71.73107567807));
#910 = CARTESIAN_POINT('',(-101.7310817481,-101.4430524542,
    -71.73108174814));
#911 = CARTESIAN_POINT('',(-101.731087839,-101.4430524542,
    -71.73108783905));
#912 = CARTESIAN_POINT('',(-101.7310939508,-101.4430524542,
    -71.73109395082));
#913 = CARTESIAN_POINT('',(-101.7311000834,-101.4430524542,
    -71.73110008345));
#914 = CARTESIAN_POINT('',(-101.7311062369,-101.4430524542,
    -71.73110623692));
#915 = CARTESIAN_POINT('',(-101.7311124112,-101.4430524542,
    -71.73111241125));
#916 = CARTESIAN_POINT('',(-101.7311186064,-101.4430524542,
    -71.73111860644));
#917 = CARTESIAN_POINT('',(-101.7311248224,-101.4430524542,
    -71.73112482248));
#918 = CARTESIAN_POINT('',(-101.7311310593,-101.4430524542,
    -71.73113105937));
#919 = CARTESIAN_POINT('',(-101.7311373171,-101.4430524542,
    -71.73113731711));
#920 = CARTESIAN_POINT('',(-101.7311435957,-101.4430524542,
    -71.73114359571));
#921 = CARTESIAN_POINT('',(-101.7311498951,-101.4430524542,
    -71.73114989516));
#922 = CARTESIAN_POINT('',(-101.7311562154,-101.4430524542,
    -71.73115621547));
#923 = CARTESIAN_POINT('',(61.731155607749,-101.4430506532,
    91.731155607749));
#924 = CARTESIAN_POINT('',(61.731149287443,-101.4430506532,
    91.731149287443));
#925 = CARTESIAN_POINT('',(61.73114298799,-101.4430506532,91.73114298799
    ));
#926 = CARTESIAN_POINT('',(61.731136709391,-101.4430506532,
    91.731136709391));
#927 = CARTESIAN_POINT('',(61.731130451646,-101.4430506532,
    91.731130451646));
#928 = CARTESIAN_POINT('',(61.731124214754,-101.4430506532,
    91.731124214754));
#929 = CARTESIAN_POINT('',(61.731117998716,-101.4430506532,
    91.731117998716));
#930 = CARTESIAN_POINT('',(61.731111803532,-101.4430506532,
    91.731111803531));
#931 = CARTESIAN_POINT('',(61.731105629201,-101.4430506532,
    91.731105629201));
#932 = CARTESIAN_POINT('',(61.731099475724,-101.4430506532,
    91.731099475724));
#933 = CARTESIAN_POINT('',(61.7310933431,-101.4430506532,91.7310933431)
  );
#934 = CARTESIAN_POINT('',(61.731087231331,-101.4430506532,
    91.73108723133));
#935 = CARTESIAN_POINT('',(61.731081140414,-101.4430506532,
    91.731081140414));
#936 = CARTESIAN_POINT('',(61.731075070352,-101.4430506532,
    91.731075070352));
#937 = CARTESIAN_POINT('',(55.667214346833,-101.4430506531,
    85.667214346816));
#938 = CARTESIAN_POINT('',(49.74800688597,-101.4430506533,79.74800688605
    ));
#939 = CARTESIAN_POINT('',(43.973446638325,-101.4430506527,
    73.973446638098));
#940 = CARTESIAN_POINT('',(38.343533604528,-101.4430506541,
    68.343533605003));
#941 = CARTESIAN_POINT('',(32.858267783243,-101.4430506517,
    62.858267782459));
#942 = CARTESIAN_POINT('',(27.517649176745,-101.443050655,
    57.517649177782));
#943 = CARTESIAN_POINT('',(22.321677781858,-101.4430506513,
    52.321677780738));
#944 = CARTESIAN_POINT('',(17.270353602259,-101.4430506547,
    47.270353603251));
#945 = CARTESIAN_POINT('',(12.363676634396,-101.4430506521,
    42.363676633677));
#946 = CARTESIAN_POINT('',(7.601646881138,-101.4430506538,
    37.601646881559));
#947 = CARTESIAN_POINT('',(2.984264340554,-101.4430506529,
    32.984264340362));
#948 = CARTESIAN_POINT('',(-1.488470986286,-101.4430506532,
    28.511529013776));
#949 = CARTESIAN_POINT('',(-5.816559099857,-101.4430506532,
    24.183440900134));
#950 = CARTESIAN_POINT('',(-15.61201232871,-101.4430506532,
    14.38798767129));
#951 = CARTESIAN_POINT('',(-21.43673339833,-101.4430506531,
    8.563266601654));
#952 = CARTESIAN_POINT('',(-25.20484552099,-101.4430506532,
    4.795154479011));
#953 = CARTESIAN_POINT('',(-38.40282685661,-101.4430506532,
    -8.402826856596));
#954 = CARTESIAN_POINT('',(-25.5352720858,-101.443050653,4.464727914128)
  );
#955 = CARTESIAN_POINT('',(-59.08811598403,-101.4430506536,
    -29.08811598391));
#956 = CARTESIAN_POINT('',(-37.23384259532,-101.4430506526,
    -7.233842595469));
#957 = CARTESIAN_POINT('',(-64.9732876407,-101.4430506538,
    -34.97328764058));
#958 = CARTESIAN_POINT('',(-59.95997524301,-101.4430506527,
    -29.95997524308));
#959 = CARTESIAN_POINT('',(-71.93601240566,-101.4430506535,
    -41.93601240563));
#960 = CARTESIAN_POINT('',(-77.86548403688,-101.443050653,
    -47.86548403688));
#961 = CARTESIAN_POINT('',(-85.7474190578,-101.4430506532,-55.7474190578
    ));
#962 = CARTESIAN_POINT('',(-93.59651471429,-101.4430506532,
    -63.59651471429));
#963 = CARTESIAN_POINT('',(-101.7310750703,-101.4430506532,
    -71.73107507035));
#964 = CARTESIAN_POINT('',(-101.7310811404,-101.4430506532,
    -71.73108114041));
#965 = CARTESIAN_POINT('',(-101.7310872313,-101.4430506532,
    -71.73108723133));
#966 = CARTESIAN_POINT('',(-101.7310933431,-101.4430506532,
    -71.7310933431));
#967 = CARTESIAN_POINT('',(-101.7310994757,-101.4430506532,
    -71.73109947572));
#968 = CARTESIAN_POINT('',(-101.7311056292,-101.4430506532,
    -71.7311056292));
#969 = CARTESIAN_POINT('',(-101.7311118035,-101.4430506532,
    -71.73111180353));
#970 = CARTESIAN_POINT('',(-101.7311179987,-101.4430506532,
    -71.73111799871));
#971 = CARTESIAN_POINT('',(-101.7311242147,-101.4430506532,
    -71.73112421475));
#972 = CARTESIAN_POINT('',(-101.7311304516,-101.4430506532,
    -71.73113045164));
#973 = CARTESIAN_POINT('',(-101.7311367093,-101.4430506532,
    -71.73113670939));
#974 = CARTESIAN_POINT('',(-101.7311429879,-101.4430506532,
    -71.73114298799));
#975 = CARTESIAN_POINT('',(-101.7311492874,-101.4430506532,
    -71.73114928744));
#976 = CARTESIAN_POINT('',(-101.7311556077,-101.4430506532,
    -71.73115560774));
#977 = CARTESIAN_POINT('',(60.662770308767,-84.95281595222,
    90.66277030878));
#978 = CARTESIAN_POINT('',(60.662763852962,-84.95281642797,
    90.662763852975));
#979 = CARTESIAN_POINT('',(60.662757440146,-84.95281690055,
    90.662757440159));
#980 = CARTESIAN_POINT('',(60.662751070319,-84.95281736996,
    90.662751070332));
#981 = CARTESIAN_POINT('',(60.66274474348,-84.9528178362,90.662744743493
    ));
#982 = CARTESIAN_POINT('',(60.66273845963,-84.95281829927,
    90.662738459644));
#983 = CARTESIAN_POINT('',(60.662732218769,-84.95281875918,
    90.662732218783));
#984 = CARTESIAN_POINT('',(60.662726020897,-84.95281921591,
    90.66272602091));
#985 = CARTESIAN_POINT('',(60.662719866014,-84.95281966948,
    90.662719866027));
#986 = CARTESIAN_POINT('',(60.662713754119,-84.95282011989,
    90.662713754132));
#987 = CARTESIAN_POINT('',(60.662707685213,-84.95282056712,
    90.662707685226));
#988 = CARTESIAN_POINT('',(60.662701659296,-84.95282101119,
    90.662701659309));
#989 = CARTESIAN_POINT('',(60.662695676367,-84.95282145208,
    90.66269567638));
#990 = CARTESIAN_POINT('',(60.662689736427,-84.95282188981,
    90.662689736441));
#991 = CARTESIAN_POINT('',(54.75145561946,-85.3884364066,84.751455623078
    ));
#992 = CARTESIAN_POINT('',(48.973134117808,-85.82013564868,
    78.973134100763));
#993 = CARTESIAN_POINT('',(43.327719328529,-86.24792013458,
    73.32771937784));
#994 = CARTESIAN_POINT('',(37.815211265399,-86.6717896298,
    67.815211159988));
#995 = CARTESIAN_POINT('',(32.435609905159,-87.09174464321,
    62.435610082795));
#996 = CARTESIAN_POINT('',(27.188915278271,-87.50778427587,
    57.188915036136));
#997 = CARTESIAN_POINT('',(22.075127352954,-87.91990984798,
    52.075127623056));
#998 = CARTESIAN_POINT('',(17.094246155716,-88.32811973378,
    47.094245908872));
#999 = CARTESIAN_POINT('',(12.246271669499,-88.7324156139,
    42.246271853271));
#1000 = CARTESIAN_POINT('',(7.531203901461,-89.13279603688,
    37.531203791782));
#1001 = CARTESIAN_POINT('',(2.949042851741,-89.52926203755,
    32.949042902367));
#1002 = CARTESIAN_POINT('',(-1.500211483239,-89.92181302153,
    28.499788500377));
#1003 = CARTESIAN_POINT('',(-5.816559099638,-90.31044924952,
    24.18344090285));
#1004 = CARTESIAN_POINT('',(-15.61201232923,-91.21126762921,
    14.387987669267));
#1005 = CARTESIAN_POINT('',(-21.41946858823,-91.73312144461,
    8.580531413922));
#1006 = CARTESIAN_POINT('',(-25.33724350267,-92.19931413031,
    4.662756495528));
#1007 = CARTESIAN_POINT('',(-37.91949885779,-92.92072207418,
    -7.919498858285));
#1008 = CARTESIAN_POINT('',(-26.55186445915,-92.93667734753,
    3.448135545763));
#1009 = CARTESIAN_POINT('',(-57.83685098054,-94.20898117831,
    -27.83685099006));
#1010 = CARTESIAN_POINT('',(-38.21191780934,-93.981714979,
    -8.211917797798));
#1011 = CARTESIAN_POINT('',(-64.15535821751,-95.09668107315,
    -34.15535822684));
#1012 = CARTESIAN_POINT('',(-60.00446550573,-95.32520890422,
    -30.00446550123));
#1013 = CARTESIAN_POINT('',(-71.46395747717,-96.0135449372,
    -41.4639574775));
#1014 = CARTESIAN_POINT('',(-77.36766211462,-96.53823431994,
    -47.36766211572));
#1015 = CARTESIAN_POINT('',(-85.06535561939,-97.11576567871,
    -55.06535561865));
#1016 = CARTESIAN_POINT('',(-92.7328752357,-97.69240853741,
    -62.73287523588));
#1017 = CARTESIAN_POINT('',(-100.6626897364,-98.27677757954,
    -70.66268973642));
#1018 = CARTESIAN_POINT('',(-100.6626956763,-98.27677801727,
    -70.66269567636));
#1019 = CARTESIAN_POINT('',(-100.6627016593,-98.27677845817,
    -70.66270165929));
#1020 = CARTESIAN_POINT('',(-100.6627076852,-98.27677890224,
    -70.6627076852));
#1021 = CARTESIAN_POINT('',(-100.6627137541,-98.27677934947,
    -70.66271375411));
#1022 = CARTESIAN_POINT('',(-100.662719866,-98.27677979987,-70.662719866
    ));
#1023 = CARTESIAN_POINT('',(-100.6627260209,-98.27678025344,
    -70.66272602089));
#1024 = CARTESIAN_POINT('',(-100.6627322187,-98.27678071018,
    -70.66273221876));
#1025 = CARTESIAN_POINT('',(-100.6627384596,-98.27678117009,
    -70.66273845962));
#1026 = CARTESIAN_POINT('',(-100.6627447435,-98.27678163316,
    -70.66274474347));
#1027 = CARTESIAN_POINT('',(-100.6627510703,-98.2767820994,
    -70.66275107031));
#1028 = CARTESIAN_POINT('',(-100.6627574401,-98.27678256881,
    -70.66275744014));
#1029 = CARTESIAN_POINT('',(-100.6627638529,-98.27678304139,
    -70.66276385295));
#1030 = CARTESIAN_POINT('',(-100.6627703087,-98.27678351713,
    -70.66277030876));
#1031 = CARTESIAN_POINT('',(59.736304981002,-70.86710567441,
    89.736304980941));
#1032 = CARTESIAN_POINT('',(59.736298435211,-70.86710658031,
    89.736298435151));
#1033 = CARTESIAN_POINT('',(59.736291949488,-70.8671074779,
    89.736291949427));
#1034 = CARTESIAN_POINT('',(59.736285523831,-70.86710836717,
    89.736285523771));
#1035 = CARTESIAN_POINT('',(59.736279158242,-70.86710924813,
    89.736279158182));
#1036 = CARTESIAN_POINT('',(59.73627285272,-70.86711012078,
    89.73627285266));
#1037 = CARTESIAN_POINT('',(59.736266607265,-70.86711098511,
    89.736266607204));
#1038 = CARTESIAN_POINT('',(59.736260421877,-70.86711184113,
    89.736260421816));
#1039 = CARTESIAN_POINT('',(59.736254296556,-70.86711268884,
    89.736254296495));
#1040 = CARTESIAN_POINT('',(59.736248231302,-70.86711352824,
    89.736248231241));
#1041 = CARTESIAN_POINT('',(59.736242226115,-70.86711435932,
    89.736242226055));
#1042 = CARTESIAN_POINT('',(59.736236280995,-70.86711518209,
    89.736236280935));
#1043 = CARTESIAN_POINT('',(59.736230395943,-70.86711599655,
    89.736230395882));
#1044 = CARTESIAN_POINT('',(59.736224570957,-70.86711680269,
    89.736224570896));
#1045 = CARTESIAN_POINT('',(53.957342740141,-71.66688002609,
    83.957342723915));
#1046 = CARTESIAN_POINT('',(48.301192448346,-72.45940159709,
    78.301192524738));
#1047 = CARTESIAN_POINT('',(42.76776795864,-73.24468194241,
    72.767767737826));
#1048 = CARTESIAN_POINT('',(37.357069206576,-74.02272210226,
    67.357069678142));
#1049 = CARTESIAN_POINT('',(32.069096303635,-74.79351982532,
    62.069095509841));
#1050 = CARTESIAN_POINT('',(26.903849099565,-75.55707908838,
    56.903850180181));
#1051 = CARTESIAN_POINT('',(21.861327759717,-76.31339405989,
    51.861326556097));
#1052 = CARTESIAN_POINT('',(16.941532134869,-77.06247191691,
    46.941533233051));
#1053 = CARTESIAN_POINT('',(12.144462335809,-77.80430524937,
    42.14446151956));
#1054 = CARTESIAN_POINT('',(7.470118299131,-78.53890045418,
    37.470118785573));
#1055 = CARTESIAN_POINT('',(2.918500048475,-79.26625297585,
    32.918499824188));
#1056 = CARTESIAN_POINT('',(-1.510392415019,-79.98636543128,
    28.489607657541));
#1057 = CARTESIAN_POINT('',(-5.816559100684,-80.69923667534,
    24.183440888261));
#1058 = CARTESIAN_POINT('',(-15.61201232664,-82.35145774691,
    14.387987680129));
#1059 = CARTESIAN_POINT('',(-21.40449718665,-83.30869669425,
    8.595502802938));
#1060 = CARTESIAN_POINT('',(-25.45205419037,-84.16298244124,
    4.547945820192));
#1061 = CARTESIAN_POINT('',(-37.50037441308,-85.48932268973,
    -7.500374416682));
#1062 = CARTESIAN_POINT('',(-27.4334163895,-85.51083713534,
    2.566583598545));
#1063 = CARTESIAN_POINT('',(-56.75179953085,-87.85612936647,
    -26.75179950225));
#1064 = CARTESIAN_POINT('',(-39.06006887277,-87.42777270246,
    -9.06006890833));
#1065 = CARTESIAN_POINT('',(-63.44607975932,-89.48205202337,
    -33.44607973303));
#1066 = CARTESIAN_POINT('',(-60.0430455491,-89.89674168742,
    -30.0430455568));
#1067 = CARTESIAN_POINT('',(-71.0546086537,-91.16191437487,
    -41.05460866045));
#1068 = CARTESIAN_POINT('',(-76.93596883327,-92.12439467029,
    -46.93596882404));
#1069 = CARTESIAN_POINT('',(-84.47389484753,-93.18461691253,
    -54.47389485249));
#1070 = CARTESIAN_POINT('',(-91.98395824472,-94.24319398645,
    -61.98395824355));
#1071 = CARTESIAN_POINT('',(-99.73622453474,-95.31606207086,
    -69.73622453487));
#1072 = CARTESIAN_POINT('',(-99.73623035973,-95.316062877,
    -69.73623035986));
#1073 = CARTESIAN_POINT('',(-99.73623624478,-95.31606369146,
    -69.73623624491));
#1074 = CARTESIAN_POINT('',(-99.7362421899,-95.31606451423,
    -69.73624219003));
#1075 = CARTESIAN_POINT('',(-99.73624819509,-95.31606534531,
    -69.73624819522));
#1076 = CARTESIAN_POINT('',(-99.73625426034,-95.31606618471,
    -69.73625426047));
#1077 = CARTESIAN_POINT('',(-99.73626038566,-95.31606703242,
    -69.73626038579));
#1078 = CARTESIAN_POINT('',(-99.73626657105,-95.31606788844,
    -69.73626657118));
#1079 = CARTESIAN_POINT('',(-99.7362728165,-95.31606875277,
    -69.73627281664));
#1080 = CARTESIAN_POINT('',(-99.73627912203,-95.31606962542,
    -69.73627912216));
#1081 = CARTESIAN_POINT('',(-99.73628548761,-95.31607050638,
    -69.73628548775));
#1082 = CARTESIAN_POINT('',(-99.73629191327,-95.31607139565,
    -69.73629191341));
#1083 = CARTESIAN_POINT('',(-99.73629839899,-95.31607229324,
    -69.73629839913));
#1084 = CARTESIAN_POINT('',(-99.73630494479,-95.31607319914,
    -69.73630494492));
#1085 = CARTESIAN_POINT('',(58.920568658049,-58.67558976613,
    88.920568658213));
#1086 = CARTESIAN_POINT('',(58.920562053726,-58.67559105729,
    88.92056205389));
#1087 = CARTESIAN_POINT('',(58.920555522916,-58.67559233407,
    88.92055552308));
#1088 = CARTESIAN_POINT('',(58.920549065617,-58.67559359649,
    88.920549065782));
#1089 = CARTESIAN_POINT('',(58.920542681831,-58.67559484453,
    88.920542681995));
#1090 = CARTESIAN_POINT('',(58.920536371556,-58.6755960782,
    88.920536371721));
#1091 = CARTESIAN_POINT('',(58.920530134794,-58.6755972975,
    88.920530134958));
#1092 = CARTESIAN_POINT('',(58.920523971544,-58.67559850243,
    88.920523971708));
#1093 = CARTESIAN_POINT('',(58.920517881805,-58.67559969298,
    88.92051788197));
#1094 = CARTESIAN_POINT('',(58.920511865579,-58.67560086917,
    88.920511865743));
#1095 = CARTESIAN_POINT('',(58.920505922864,-58.67560203098,
    88.920505923029));
#1096 = CARTESIAN_POINT('',(58.920500053662,-58.67560317842,
    88.920500053827));
#1097 = CARTESIAN_POINT('',(58.920494257972,-58.67560431149,
    88.920494258136));
#1098 = CARTESIAN_POINT('',(58.920488535793,-58.67560543019,
    88.920488535958));
#1099 = CARTESIAN_POINT('',(53.258140481254,-59.78260583493,
    83.258140525166));
#1100 = CARTESIAN_POINT('',(47.709559759124,-60.87950308793,
    77.709559552602));
#1101 = CARTESIAN_POINT('',(42.274740626854,-61.96629925162,
    72.274741223038));
#1102 = CARTESIAN_POINT('',(36.953683306435,-63.04299162596,
    66.953682035058));
#1103 = CARTESIAN_POINT('',(31.746387391386,-64.10958603209,
    61.746389528008));
#1104 = CARTESIAN_POINT('',(26.65285346983,-65.16607218644,
    56.652850566628));
#1105 = CARTESIAN_POINT('',(21.673080828598,-66.21246514217,
    51.673084055354));
#1106 = CARTESIAN_POINT('',(16.807070193712,-67.24874637637,
    46.807067256465));
#1107 = CARTESIAN_POINT('',(12.054820933505,-68.27493499339,
    42.054823111541));
#1108 = CARTESIAN_POINT('',(7.416333504377,-69.29101449832,
    37.416332209142));
#1109 = CARTESIAN_POINT('',(2.891607635523,-70.29699662555,
    32.891608231805));
#1110 = CARTESIAN_POINT('',(-1.519356553662,-71.2928746311,
    28.480643253476));
#1111 = CARTESIAN_POINT('',(-5.816559098439,-72.27865145397,
    24.183440931123));
#1112 = CARTESIAN_POINT('',(-15.61201233306,-74.5631768115,
    14.387987648283));
#1113 = CARTESIAN_POINT('',(-21.39131508253,-75.88688205238,
    8.608684949436));
#1114 = CARTESIAN_POINT('',(-25.5531431289,-77.06696019193,
    4.446856829212));
#1115 = CARTESIAN_POINT('',(-37.13134242267,-78.90559574785,
    -7.131342381776));
#1116 = CARTESIAN_POINT('',(-28.20960789132,-78.92387769915,
    1.790392084905));
#1117 = CARTESIAN_POINT('',(-55.79643003227,-82.1840494399,
    -25.79643002852));
#1118 = CARTESIAN_POINT('',(-39.80685206872,-81.57472383164,
    -9.806852068799));
#1119 = CARTESIAN_POINT('',(-62.82157159971,-84.42889528676,
    -32.82157157629));
#1120 = CARTESIAN_POINT('',(-60.07701555967,-84.99570814244,
    -30.07701561555));
#1121 = CARTESIAN_POINT('',(-70.69418393154,-86.7490000936,
    -40.69418386264));
#1122 = CARTESIAN_POINT('',(-76.55587097852,-88.08002731789,
    -46.5558710297));
#1123 = CARTESIAN_POINT('',(-83.95312431942,-89.54740249636,
    -53.95312429611));
#1124 = CARTESIAN_POINT('',(-91.32455046351,-91.01248753538,
    -61.32455046892));
#1125 = CARTESIAN_POINT('',(-98.92048876646,-92.49750852884,
    -68.9204887661));
#1126 = CARTESIAN_POINT('',(-98.92049448864,-92.49750964754,
    -68.92049448828));
#1127 = CARTESIAN_POINT('',(-98.92050028433,-92.4975107806,
    -68.92050028397));
#1128 = CARTESIAN_POINT('',(-98.92050615353,-92.49751192804,
    -68.92050615317));
#1129 = CARTESIAN_POINT('',(-98.92051209625,-92.49751308986,
    -68.92051209589));
#1130 = CARTESIAN_POINT('',(-98.92051811247,-92.49751426604,
    -68.92051811212));
#1131 = CARTESIAN_POINT('',(-98.92052420221,-92.4975154566,
    -68.92052420185));
#1132 = CARTESIAN_POINT('',(-98.92053036546,-92.49751666153,
    -68.9205303651));
#1133 = CARTESIAN_POINT('',(-98.92053660223,-92.49751788082,
    -68.92053660187));
#1134 = CARTESIAN_POINT('',(-98.9205429125,-92.4975191145,
    -68.92054291214));
#1135 = CARTESIAN_POINT('',(-98.92054929629,-92.49752036254,
    -68.92054929593));
#1136 = CARTESIAN_POINT('',(-98.92055575358,-92.49752162495,
    -68.92055575323));
#1137 = CARTESIAN_POINT('',(-98.92056228439,-92.49752290174,
    -68.92056228404));
#1138 = CARTESIAN_POINT('',(-98.92056888872,-92.4975241929,
    -68.92056888836));
#1139 = CARTESIAN_POINT('',(58.19438141545,-48.03396198456,
    88.194381415124));
#1140 = CARTESIAN_POINT('',(58.194374774015,-48.03396361794,
    88.194374773689));
#1141 = CARTESIAN_POINT('',(58.194368216908,-48.03396523058,
    88.194368216582));
#1142 = CARTESIAN_POINT('',(58.194361744128,-48.03396682247,
    88.194361743802));
#1143 = CARTESIAN_POINT('',(58.194355355676,-48.03396839363,
    88.19435535535));
#1144 = CARTESIAN_POINT('',(58.194349051552,-48.03396994405,
    88.194349051226));
#1145 = CARTESIAN_POINT('',(58.194342831755,-48.03397147373,
    88.194342831429));
#1146 = CARTESIAN_POINT('',(58.194336696286,-48.03397298267,
    88.19433669596));
#1147 = CARTESIAN_POINT('',(58.194330645145,-48.03397447087,
    88.194330644818));
#1148 = CARTESIAN_POINT('',(58.194324678331,-48.03397593833,
    88.194324678004));
#1149 = CARTESIAN_POINT('',(58.194318795845,-48.03397738505,
    88.194318795518));
#1150 = CARTESIAN_POINT('',(58.194312997686,-48.03397881103,
    88.194312997359));
#1151 = CARTESIAN_POINT('',(58.194307283855,-48.03398021628,
    88.194307283528));
#1152 = CARTESIAN_POINT('',(58.194301654352,-48.03398160078,
    88.194301654024));
#1153 = CARTESIAN_POINT('',(52.635694821457,-49.40104959592,
    82.635694734023));
#1154 = CARTESIAN_POINT('',(47.182875026762,-50.75553557687,
    77.182875437359));
#1155 = CARTESIAN_POINT('',(41.835836947916,-52.09743912654,
    71.835835765015));
#1156 = CARTESIAN_POINT('',(36.594580048978,-53.42676529525,
    66.594582565666));
#1157 = CARTESIAN_POINT('',(31.459105347094,-54.74350324847,
    61.459101128832));
#1158 = CARTESIAN_POINT('',(26.429411309682,-56.04767212158,
    56.429417024649));
#1159 = CARTESIAN_POINT('',(21.505499889883,-57.33924397538,
    51.505493558277));
#1160 = CARTESIAN_POINT('',(16.687368990299,-58.61825316684,
    46.687374734484));
#1161 = CARTESIAN_POINT('',(11.97502054637,-59.88466432009,
    41.97501630109));
#1162 = CARTESIAN_POINT('',(7.368453061942,-61.13850797265,
    37.368455578988));
#1163 = CARTESIAN_POINT('',(2.867667507312,-62.37976243788,
    32.867666351117));
#1164 = CARTESIAN_POINT('',(-1.52733661336,-63.60844017882,
    28.472663760416));
#1165 = CARTESIAN_POINT('',(-5.816559100791,-64.82453579803,
    24.183440841498));
#1166 = CARTESIAN_POINT('',(-15.61201232302,-67.64254509366,
    14.387987714695));
#1167 = CARTESIAN_POINT('',(-21.37958016928,-69.27554084884,
    8.62041975825));
#1168 = CARTESIAN_POINT('',(-25.64313446114,-70.72965519083,
    4.356865653898));
#1169 = CARTESIAN_POINT('',(-36.80282247349,-73.00395819177,
    -6.80282263052));
#1170 = CARTESIAN_POINT('',(-28.9005897623,-73.01114886098,
    1.099410423219));
#1171 = CARTESIAN_POINT('',(-54.94594033907,-77.05586044157,
    -24.94594054886));
#1172 = CARTESIAN_POINT('',(-40.47165280788,-76.28140393256,
    -10.47165256544));
#1173 = CARTESIAN_POINT('',(-62.26562229566,-79.82049418021,
    -32.26562258128));
#1174 = CARTESIAN_POINT('',(-60.10725436539,-80.51080741155,
    -30.10725406026));
#1175 = CARTESIAN_POINT('',(-70.37332609773,-82.67884050356,
    -40.37332636226));
#1176 = CARTESIAN_POINT('',(-76.21749816577,-84.3209344931,
    -46.21749799836));
#1177 = CARTESIAN_POINT('',(-83.48952182981,-86.13286298157,
    -53.48952190078));
#1178 = CARTESIAN_POINT('',(-90.73752956985,-87.94192888971,
    -60.73752955354));
#1179 = CARTESIAN_POINT('',(-98.19430091658,-89.77582643552,
    -68.19430091727));
#1180 = CARTESIAN_POINT('',(-98.19430654608,-89.77582782002,
    -68.19430654678));
#1181 = CARTESIAN_POINT('',(-98.19431225991,-89.77582922527,
    -68.19431226061));
#1182 = CARTESIAN_POINT('',(-98.19431805807,-89.77583065125,
    -68.19431805877));
#1183 = CARTESIAN_POINT('',(-98.19432394056,-89.77583209797,
    -68.19432394125));
#1184 = CARTESIAN_POINT('',(-98.19432990737,-89.77583356543,
    -68.19432990807));
#1185 = CARTESIAN_POINT('',(-98.19433595851,-89.77583505363,
    -68.19433595921));
#1186 = CARTESIAN_POINT('',(-98.19434209398,-89.77583656257,
    -68.19434209468));
#1187 = CARTESIAN_POINT('',(-98.19434831378,-89.77583809225,
    -68.19434831447));
#1188 = CARTESIAN_POINT('',(-98.1943546179,-89.77583964267,
    -68.1943546186));
#1189 = CARTESIAN_POINT('',(-98.19436100636,-89.77584121383,
    -68.19436100705));
#1190 = CARTESIAN_POINT('',(-98.19436747914,-89.77584280573,
    -68.19436747983));
#1191 = CARTESIAN_POINT('',(-98.19437403624,-89.77584441836,
    -68.19437403694));
#1192 = CARTESIAN_POINT('',(-98.19438067768,-89.77584605174,
    -68.19438067837));
#1193 = CARTESIAN_POINT('',(57.54210728953,-38.69023929656,
    87.542107290033));
#1194 = CARTESIAN_POINT('',(57.542100625009,-38.69024123176,
    87.542100625512));
#1195 = CARTESIAN_POINT('',(57.542094053742,-38.69024313988,
    87.542094054245));
#1196 = CARTESIAN_POINT('',(57.542087575729,-38.69024502093,
    87.542087576232));
#1197 = CARTESIAN_POINT('',(57.54208119097,-38.6902468749,
    87.542081191473));
#1198 = CARTESIAN_POINT('',(57.542074899464,-38.69024870178,
    87.542074899968));
#1199 = CARTESIAN_POINT('',(57.542068701213,-38.69025050159,
    87.542068701717));
#1200 = CARTESIAN_POINT('',(57.542062596216,-38.69025227432,
    87.54206259672));
#1201 = CARTESIAN_POINT('',(57.542056584473,-38.69025401998,
    87.542056584977));
#1202 = CARTESIAN_POINT('',(57.542050665984,-38.69025573855,
    87.542050666488));
#1203 = CARTESIAN_POINT('',(57.542044840748,-38.69025743005,
    87.542044841252));
#1204 = CARTESIAN_POINT('',(57.542039108767,-38.69025909446,
    87.542039109271));
#1205 = CARTESIAN_POINT('',(57.54203347004,-38.6902607318,
    87.542033470544));
#1206 = CARTESIAN_POINT('',(57.542027924567,-38.69026234206,
    87.542027925071));
#1207 = CARTESIAN_POINT('',(52.076602790922,-40.27727836862,
    82.076602926836));
#1208 = CARTESIAN_POINT('',(46.709796998573,-41.84955392023,
    76.709796361422));
#1209 = CARTESIAN_POINT('',(41.441604709959,-43.40709311366,
    71.441606541062));
#1210 = CARTESIAN_POINT('',(36.272026859907,-44.9498887184,
    66.272022975441));
#1211 = CARTESIAN_POINT('',(31.201061638303,-46.4779561654,
    61.201068127501));
#1212 = CARTESIAN_POINT('',(26.228711832041,-47.99126821335,
    56.228703072276));
#1213 = CARTESIAN_POINT('',(21.354973796598,-49.48986452484,
    51.354983463663));
#1214 = CARTESIAN_POINT('',(16.579851550232,-50.9736963682,
    46.579842815496));
#1215 = CARTESIAN_POINT('',(11.903341280723,-52.44281382294,
    41.903347710516));
#1216 = CARTESIAN_POINT('',(7.325446023592,-53.89717367878,
    37.325442224957));
#1217 = CARTESIAN_POINT('',(2.846163739044,-55.33680655472,
    32.846165479288));
#1218 = CARTESIAN_POINT('',(-1.534504476918,-56.761694869,28.46549496084
    ));
#1219 = CARTESIAN_POINT('',(-5.816559101217,-58.17184617144,
    24.183440986357));
#1220 = CARTESIAN_POINT('',(-15.6120123327,-61.43917914349,
    14.387987607694));
#1221 = CARTESIAN_POINT('',(-21.36903954359,-63.33277244475,
    8.630960584567));
#1222 = CARTESIAN_POINT('',(-25.72396674288,-65.01681798608,
    4.276033022034));
#1223 = CARTESIAN_POINT('',(-36.50773909501,-67.66168850453,
    -6.507738715667));
#1224 = CARTESIAN_POINT('',(-29.52124401291,-67.65068505624,
    0.478755449878));
#1225 = CARTESIAN_POINT('',(-54.1820128099,-72.36956332224,
    -24.18201211773));
#1226 = CARTESIAN_POINT('',(-41.06879252212,-71.44289249739,
    -11.06879333837));
#1227 = CARTESIAN_POINT('',(-61.76625622034,-75.56941132887,
    -31.76625534329));
#1228 = CARTESIAN_POINT('',(-60.13441860524,-76.35872247218,
    -30.13441942952));
#1229 = CARTESIAN_POINT('',(-70.08512596742,-78.87906890131,
    -40.08512532768));
#1230 = CARTESIAN_POINT('',(-75.9135678162,-80.78335493758,
    -45.9135681932));
#1231 = CARTESIAN_POINT('',(-83.07310785837,-82.8865598572,
    -53.07310770454));
#1232 = CARTESIAN_POINT('',(-90.21025969679,-84.98642816151,
    -60.2102597319));
#1233 = CARTESIAN_POINT('',(-97.54202942711,-87.11538114496,
    -67.54202942606));
#1234 = CARTESIAN_POINT('',(-97.54203497258,-87.11538275522,
    -67.54203497153));
#1235 = CARTESIAN_POINT('',(-97.54204061131,-87.11538439256,
    -67.54204061026));
#1236 = CARTESIAN_POINT('',(-97.54204634329,-87.11538605697,
    -67.54204634224));
#1237 = CARTESIAN_POINT('',(-97.54205216852,-87.11538774847,
    -67.54205216748));
#1238 = CARTESIAN_POINT('',(-97.54205808701,-87.11538946704,
    -67.54205808596));
#1239 = CARTESIAN_POINT('',(-97.54206409876,-87.11539121269,
    -67.54206409771));
#1240 = CARTESIAN_POINT('',(-97.54207020375,-87.11539298542,
    -67.54207020271));
#1241 = CARTESIAN_POINT('',(-97.542076402,-87.11539478523,
    -67.54207640096));
#1242 = CARTESIAN_POINT('',(-97.54208269351,-87.11539661212,
    -67.54208269246));
#1243 = CARTESIAN_POINT('',(-97.54208907827,-87.11539846609,
    -67.54208907722));
#1244 = CARTESIAN_POINT('',(-97.54209555628,-87.11540034713,
    -67.54209555523));
#1245 = CARTESIAN_POINT('',(-97.54210212755,-87.11540225525,
    -67.5421021265));
#1246 = CARTESIAN_POINT('',(-97.54210879207,-87.11540419046,
    -67.54210879102));
#1247 = CARTESIAN_POINT('',(56.951865167976,-30.4553322275,
    86.951865167356));
#1248 = CARTESIAN_POINT('',(56.951858488868,-30.455334427,
    86.951858488248));
#1249 = CARTESIAN_POINT('',(56.951851910607,-30.45533659329,
    86.951851909987));
#1250 = CARTESIAN_POINT('',(56.951845433192,-30.45533872637,
    86.951845432572));
#1251 = CARTESIAN_POINT('',(56.951839056624,-30.45534082625,
    86.951839056004));
#1252 = CARTESIAN_POINT('',(56.951832780903,-30.45534289291,
    86.951832780282));
#1253 = CARTESIAN_POINT('',(56.951826606028,-30.45534492636,
    86.951826605407));
#1254 = CARTESIAN_POINT('',(56.951820532,-30.4553469266,86.951820531379)
  );
#1255 = CARTESIAN_POINT('',(56.951814558819,-30.45534889363,
    86.951814558197));
#1256 = CARTESIAN_POINT('',(56.951808686484,-30.45535082746,
    86.951808685862));
#1257 = CARTESIAN_POINT('',(56.951802914995,-30.45535272807,
    86.951802914373));
#1258 = CARTESIAN_POINT('',(56.951797244353,-30.45535459547,
    86.951797243731));
#1259 = CARTESIAN_POINT('',(56.951791674558,-30.45535642967,
    86.951791673936));
#1260 = CARTESIAN_POINT('',(56.951786205609,-30.45535823065,
    86.951786204987));
#1261 = CARTESIAN_POINT('',(51.570681937039,-32.22741348501,
    81.570681767336));
#1262 = CARTESIAN_POINT('',(46.281710396238,-33.98284664059,
    76.281711190401));
#1263 = CARTESIAN_POINT('',(41.084866699899,-35.7216566094,
    71.084864423435));
#1264 = CARTESIAN_POINT('',(35.980149671848,-37.44385157993,
    65.980154485861));
#1265 = CARTESIAN_POINT('',(30.967561607293,-39.14941416006,
    60.967553594932));
#1266 = CARTESIAN_POINT('',(26.047098943173,-40.83837502536,
    56.047109715143));
#1267 = CARTESIAN_POINT('',(21.218766395597,-42.51068964199,
    51.218754559605));
#1268 = CARTESIAN_POINT('',(16.482558696156,-44.16641265848,
    46.482569342823));
#1269 = CARTESIAN_POINT('',(11.838480919534,-45.8054880348,
    41.838473116595));
#1270 = CARTESIAN_POINT('',(7.286528958308,-47.42796408025,
    37.286533550143));
#1271 = CARTESIAN_POINT('',(2.826705627947,-49.03380664907,
    32.826703530354));
#1272 = CARTESIAN_POINT('',(-1.540990624358,-50.62303531156,
    28.459010053051));
#1273 = CARTESIAN_POINT('',(-5.816559095187,-52.19564174816,
    24.183440798111));
#1274 = CARTESIAN_POINT('',(-15.6120123299,-55.83895683388,
    14.38798774625));
#1275 = CARTESIAN_POINT('',(-21.35950143166,-57.95072785084,
    8.640498385188));
#1276 = CARTESIAN_POINT('',(-25.79711130425,-59.82617689969,
    4.202889071138));
#1277 = CARTESIAN_POINT('',(-36.24071937322,-62.78517834062,
    -6.240720041127));
#1278 = CARTESIAN_POINT('',(-30.08287096935,-62.74909885366,
    -8.286994509169E-02));
#1279 = CARTESIAN_POINT('',(-53.49073825142,-68.04698345028,
    -23.49073963048));
#1280 = CARTESIAN_POINT('',(-41.60913919308,-66.97826722746,
    -11.60913756253));
#1281 = CARTESIAN_POINT('',(-61.3143824451,-71.60818255167,
    -31.31438413581));
#1282 = CARTESIAN_POINT('',(-60.15899588886,-72.47456583837,
    -30.15899438432));
#1283 = CARTESIAN_POINT('',(-69.82433271214,-75.29318012881,
    -39.82433381738));
#1284 = CARTESIAN_POINT('',(-75.63853857869,-77.41696371254,
    -45.63853795322));
#1285 = CARTESIAN_POINT('',(-82.69629173331,-79.76512331515,
    -52.69629198249));
#1286 = CARTESIAN_POINT('',(-89.73312926126,-82.10949803621,
    -59.73312920471));
#1287 = CARTESIAN_POINT('',(-96.95178409283,-84.48667901294,
    -66.9517840941));
#1288 = CARTESIAN_POINT('',(-96.95178956178,-84.48668081392,
    -66.95178956305));
#1289 = CARTESIAN_POINT('',(-96.95179513158,-84.48668264812,
    -66.95179513284));
#1290 = CARTESIAN_POINT('',(-96.95180080222,-84.48668451552,
    -66.95180080349));
#1291 = CARTESIAN_POINT('',(-96.95180657371,-84.48668641614,
    -66.95180657497));
#1292 = CARTESIAN_POINT('',(-96.95181244604,-84.48668834996,
    -66.95181244731));
#1293 = CARTESIAN_POINT('',(-96.95181841922,-84.48669031699,
    -66.95181842049));
#1294 = CARTESIAN_POINT('',(-96.95182449325,-84.48669231723,
    -66.95182449452));
#1295 = CARTESIAN_POINT('',(-96.95183066813,-84.48669435069,
    -66.95183066939));
#1296 = CARTESIAN_POINT('',(-96.95183694385,-84.48669641735,
    -66.95183694512));
#1297 = CARTESIAN_POINT('',(-96.95184332042,-84.48669851722,
    -66.95184332168));
#1298 = CARTESIAN_POINT('',(-96.95184979783,-84.48670065031,
    -66.9518497991));
#1299 = CARTESIAN_POINT('',(-96.95185637609,-84.4867028166,
    -66.95185637736));
#1300 = CARTESIAN_POINT('',(-96.9518630552,-84.4867050161,
    -66.95186305647));
#1301 = CARTESIAN_POINT('',(56.414314699384,-23.18314743575,
    86.414314700001));
#1302 = CARTESIAN_POINT('',(56.414308010002,-23.18314986481,
    86.41430801062));
#1303 = CARTESIAN_POINT('',(56.41430142815,-23.18315225482,
    86.414301428768));
#1304 = CARTESIAN_POINT('',(56.414294953828,-23.18315460579,
    86.414294954446));
#1305 = CARTESIAN_POINT('',(56.414288587036,-23.18315691771,
    86.414288587654));
#1306 = CARTESIAN_POINT('',(56.414282327773,-23.18315919058,
    86.414282328391));
#1307 = CARTESIAN_POINT('',(56.41427617604,-23.18316142441,
    86.414276176658));
#1308 = CARTESIAN_POINT('',(56.414270131836,-23.18316361919,
    86.414270132455));
#1309 = CARTESIAN_POINT('',(56.414264195163,-23.18316577493,
    86.414264195781));
#1310 = CARTESIAN_POINT('',(56.414258366019,-23.18316789162,
    86.414258366638));
#1311 = CARTESIAN_POINT('',(56.414252644405,-23.18316996926,
    86.414252645024));
#1312 = CARTESIAN_POINT('',(56.41424703032,-23.18317200785,
    86.414247030939));
#1313 = CARTESIAN_POINT('',(56.414241523765,-23.1831740074,
    86.414241524385));
#1314 = CARTESIAN_POINT('',(56.41423612474,-23.18317596791,
    86.41423612536));
#1315 = CARTESIAN_POINT('',(51.109924153358,-25.10928664655,
    81.10992432526));
#1316 = CARTESIAN_POINT('',(45.891838090976,-27.01713389698,
    75.89183728779));
#1317 = CARTESIAN_POINT('',(40.759972188179,-28.90672223921,
    70.75997448482));
#1318 = CARTESIAN_POINT('',(35.714327550021,-30.77804421159,
    65.714322708443));
#1319 = CARTESIAN_POINT('',(30.754902022411,-32.63111560795,
    60.754910050569));
#1320 = CARTESIAN_POINT('',(25.881698949055,-34.4659086148,
    55.881688200616));
#1321 = CARTESIAN_POINT('',(21.094713886248,-36.28246350799,
    51.094725643903));
#1322 = CARTESIAN_POINT('',(16.393951830902,-38.08073094392,
    46.393941302836));
#1323 = CARTESIAN_POINT('',(11.779407922449,-39.86076142157,
    41.779415604254));
#1324 = CARTESIAN_POINT('',(7.251086141833,-41.62251146542,
    37.251081639179));
#1325 = CARTESIAN_POINT('',(2.808983718554,-43.36601173105,
    32.808985769553));
#1326 = CARTESIAN_POINT('',(-1.546897788043,-45.09124469838,
    28.45310154966));
#1327 = CARTESIAN_POINT('',(-5.816559107019,-46.79821774017,
    24.183440998706));
#1328 = CARTESIAN_POINT('',(-15.61201232129,-50.75230507292,
    14.387987599216));
#1329 = CARTESIAN_POINT('',(-21.35081481197,-53.04453387172,
    8.64918539986));
#1330 = CARTESIAN_POINT('',(-25.86372637617,-55.07713020947,
    4.136273152847));
#1331 = CARTESIAN_POINT('',(-35.99753662292,-58.30020159055,
    -5.997535734901));
#1332 = CARTESIAN_POINT('',(-30.59436217872,-58.23261000711,
    -0.594363594881));
#1333 = CARTESIAN_POINT('',(-52.86117371622,-64.02540443297,
    -22.86117177669));
#1334 = CARTESIAN_POINT('',(-42.10125131998,-62.82328843455,
    -12.10125360553));
#1335 = CARTESIAN_POINT('',(-60.90284814337,-67.88214247427,
    -30.9028458235));
#1336 = CARTESIAN_POINT('',(-60.18138177413,-68.8061501431,
    -30.18138377458));
#1337 = CARTESIAN_POINT('',(-69.58682387936,-71.87493532499,
    -39.58682245769));
#1338 = CARTESIAN_POINT('',(-75.38806494085,-74.18041199827,
    -45.38806572471));
#1339 = CARTESIAN_POINT('',(-82.35311952204,-76.73235257129,
    -52.3531192148));
#1340 = CARTESIAN_POINT('',(-89.29859889557,-79.28015858931,
    -59.29859896497));
#1341 = CARTESIAN_POINT('',(-96.41423823748,-81.86400087354,
    -66.41423823624));
#1342 = CARTESIAN_POINT('',(-96.41424363651,-81.86400283404,
    -66.41424363526));
#1343 = CARTESIAN_POINT('',(-96.41424914306,-81.86400483359,
    -66.41424914182));
#1344 = CARTESIAN_POINT('',(-96.41425475715,-81.86400687218,
    -66.4142547559));
#1345 = CARTESIAN_POINT('',(-96.41426047876,-81.86400894983,
    -66.41426047752));
#1346 = CARTESIAN_POINT('',(-96.41426630791,-81.86401106651,
    -66.41426630666));
#1347 = CARTESIAN_POINT('',(-96.41427224458,-81.86401322225,
    -66.41427224333));
#1348 = CARTESIAN_POINT('',(-96.41427828878,-81.86401541703,
    -66.41427828754));
#1349 = CARTESIAN_POINT('',(-96.41428444052,-81.86401765086,
    -66.41428443927));
#1350 = CARTESIAN_POINT('',(-96.41429069978,-81.86401992373,
    -66.41429069853));
#1351 = CARTESIAN_POINT('',(-96.41429706657,-81.86402223565,
    -66.41429706533));
#1352 = CARTESIAN_POINT('',(-96.41430354089,-81.86402458662,
    -66.41430353965));
#1353 = CARTESIAN_POINT('',(-96.41431012275,-81.86402697663,
    -66.4143101215));
#1354 = CARTESIAN_POINT('',(-96.41431681213,-81.86402940569,
    -66.41431681088));
#1355 = CARTESIAN_POINT('',(55.922002368812,-16.75998863442,
    85.922002368317));
#1356 = CARTESIAN_POINT('',(55.921995670255,-16.7599912608,
    85.921995669759));
#1357 = CARTESIAN_POINT('',(55.92198908533,-16.75999384262,
    85.921989084834));
#1358 = CARTESIAN_POINT('',(55.921982614037,-16.75999637989,
    85.921982613541));
#1359 = CARTESIAN_POINT('',(55.921976256377,-16.7599988726,
    85.921976255881));
#1360 = CARTESIAN_POINT('',(55.92197001235,-16.76000132076,
    85.921970011853));
#1361 = CARTESIAN_POINT('',(55.921963881955,-16.76000372437,
    85.921963881458));
#1362 = CARTESIAN_POINT('',(55.921957865193,-16.76000608343,
    85.921957864696));
#1363 = CARTESIAN_POINT('',(55.921951962063,-16.76000839793,
    85.921951961566));
#1364 = CARTESIAN_POINT('',(55.921946172566,-16.76001066788,
    85.921946172069));
#1365 = CARTESIAN_POINT('',(55.921940496701,-16.76001289328,
    85.921940496204));
#1366 = CARTESIAN_POINT('',(55.921934934469,-16.76001507412,
    85.921934933972));
#1367 = CARTESIAN_POINT('',(55.921929485869,-16.76001721041,
    85.921929485372));
#1368 = CARTESIAN_POINT('',(55.921924150902,-16.76001930215,
    85.921924150405));
#1369 = CARTESIAN_POINT('',(50.687943066597,-18.81216181809,
    80.687942925403));
#1370 = CARTESIAN_POINT('',(45.534777459153,-20.84461434554,
    75.534778117956));
#1371 = CARTESIAN_POINT('',(40.462422445104,-22.85737699771,
    70.46242056563));
#1372 = CARTESIAN_POINT('',(35.47087721451,-24.85045530943,
    65.470881165025));
#1373 = CARTESIAN_POINT('',(30.560143333427,-26.82383758142,
    60.560136806367));
#1374 = CARTESIAN_POINT('',(25.730218383686,-28.77754436738,
    55.730227087259));
#1375 = CARTESIAN_POINT('',(20.981105573548,-30.71154596129,
    50.981096093641));
#1376 = CARTESIAN_POINT('',(16.312801284935,-32.62587868259,
    46.31280973635));
#1377 = CARTESIAN_POINT('',(11.725309061081,-34.52050542218,
    41.725302920647));
#1378 = CARTESIAN_POINT('',(7.218625969178,-36.39545807289,
    37.218629554736));
#1379 = CARTESIAN_POINT('',(2.792754078742,-38.25071418716,
    32.792752449892));
#1380 = CARTESIAN_POINT('',(-1.552307799456,-40.08628654848,
    28.44769272659));
#1381 = CARTESIAN_POINT('',(-5.816559092272,-41.90216982052,
    24.18344082255));
#1382 = CARTESIAN_POINT('',(-15.61201233972,-46.10793017913,
    14.387987727674));
#1383 = CARTESIAN_POINT('',(-21.34285908915,-48.5464481081,8.65714071514
    ));
#1384 = CARTESIAN_POINT('',(-25.92473554867,-50.70503161691,
    4.075264911605));
#1385 = CARTESIAN_POINT('',(-35.77481854001,-54.14714176554,
    -5.774819437754));
#1386 = CARTESIAN_POINT('',(-31.06280840547,-54.04140972076,
    -1.062806945967));
#1387 = CARTESIAN_POINT('',(-52.28458963336,-60.25406211104,
    -22.28459164357));
#1388 = CARTESIAN_POINT('',(-42.55194888533,-58.92511806109,
    -12.55194652958));
#1389 = CARTESIAN_POINT('',(-60.52594436392,-64.34651358641,
    -30.52594671926));
#1390 = CARTESIAN_POINT('',(-60.20188308173,-65.30981371865,
    -30.20188109238));
#1391 = CARTESIAN_POINT('',(-69.36929853473,-68.58561878728,
    -39.36929991789));
#1392 = CARTESIAN_POINT('',(-75.15866744724,-71.03837590548,
    -45.15866669804));
#1393 = CARTESIAN_POINT('',(-82.03882207427,-73.7569083237,
    -52.03882236457));
#1394 = CARTESIAN_POINT('',(-88.90063095786,-76.47096188238,
    -58.90063089254));
#1395 = CARTESIAN_POINT('',(-95.92192264841,-79.22387474128,
    -65.92192264941));
#1396 = CARTESIAN_POINT('',(-95.92192798338,-79.22387683301,
    -65.92192798437));
#1397 = CARTESIAN_POINT('',(-95.92193343198,-79.2238789693,
    -65.92193343297));
#1398 = CARTESIAN_POINT('',(-95.92193899421,-79.22388115015,
    -65.92193899521));
#1399 = CARTESIAN_POINT('',(-95.92194467007,-79.22388337554,
    -65.92194467107));
#1400 = CARTESIAN_POINT('',(-95.92195045957,-79.22388564549,
    -65.92195046057));
#1401 = CARTESIAN_POINT('',(-95.9219563627,-79.22388796,-65.9219563637)
  );
#1402 = CARTESIAN_POINT('',(-95.92196237946,-79.22389031905,
    -65.92196238046));
#1403 = CARTESIAN_POINT('',(-95.92196850986,-79.22389272266,
    -65.92196851086));
#1404 = CARTESIAN_POINT('',(-95.92197475389,-79.22389517083,
    -65.92197475488));
#1405 = CARTESIAN_POINT('',(-95.92198111155,-79.22389766354,
    -65.92198111254));
#1406 = CARTESIAN_POINT('',(-95.92198758284,-79.22390020081,
    -65.92198758383));
#1407 = CARTESIAN_POINT('',(-95.92199416776,-79.22390278263,
    -65.92199416876));
#1408 = CARTESIAN_POINT('',(-95.92200086632,-79.22390540901,
    -65.92200086732));
#1409 = CARTESIAN_POINT('',(55.468845213757,-11.09628942911,
    85.468845214074));
#1410 = CARTESIAN_POINT('',(55.468838504605,-11.09629222264,
    85.468838504922));
#1411 = CARTESIAN_POINT('',(55.468831914868,-11.09629496645,
    85.468831915185));
#1412 = CARTESIAN_POINT('',(55.468825444546,-11.09629766054,
    85.468825444863));
#1413 = CARTESIAN_POINT('',(55.468819093639,-11.09630030491,
    85.468819093957));
#1414 = CARTESIAN_POINT('',(55.468812862148,-11.09630289955,
    85.468812862465));
#1415 = CARTESIAN_POINT('',(55.468806750072,-11.09630544447,
    85.468806750389));
#1416 = CARTESIAN_POINT('',(55.468800757411,-11.09630793968,
    85.468800757728));
#1417 = CARTESIAN_POINT('',(55.468794884165,-11.09631038516,
    85.468794884483));
#1418 = CARTESIAN_POINT('',(55.468789130334,-11.09631278091,
    85.468789130652));
#1419 = CARTESIAN_POINT('',(55.468783495919,-11.09631512695,
    85.468783496237));
#1420 = CARTESIAN_POINT('',(55.468777980919,-11.09631742326,
    85.468777981237));
#1421 = CARTESIAN_POINT('',(55.468772585334,-11.09631966986,
    85.468772585652));
#1422 = CARTESIAN_POINT('',(55.468767309165,-11.09632186673,
    85.468767309483));
#1423 = CARTESIAN_POINT('',(50.299522632156,-13.24867223965,
    80.299522724705));
#1424 = CARTESIAN_POINT('',(45.206113846492,-15.38009886386,
    75.206113415191));
#1425 = CARTESIAN_POINT('',(40.188535589589,-17.49060505498,
    70.188536817436));
#1426 = CARTESIAN_POINT('',(35.246788354741,-19.58018749551,
    65.246785780904));
#1427 = CARTESIAN_POINT('',(30.380871197939,-21.64885320421,
    60.380875436259));
#1428 = CARTESIAN_POINT('',(25.590785570243,-23.69658988769,
    55.590779939497));
#1429 = CARTESIAN_POINT('',(20.876529554981,-25.72341529495,
    50.876535664145));
#1430 = CARTESIAN_POINT('',(16.238105316322,-27.72930777452,
    46.238099891153));
#1431 = CARTESIAN_POINT('',(11.675510727608,-29.71428942649,
    41.675514654605));
#1432 = CARTESIAN_POINT('',(7.188747565051,-31.67834129315,
    37.188745279577));
#1433 = CARTESIAN_POINT('',(2.777814561387,-33.62147670622,
    32.777815597222));
#1434 = CARTESIAN_POINT('',(-1.557287539659,-35.54368810218,
    28.442712125689));
#1435 = CARTESIAN_POINT('',(-5.816559105942,-37.44497862425,
    24.183440949017));
#1436 = CARTESIAN_POINT('',(-15.61201231839,-41.84782918024,
    14.387987636025));
#1437 = CARTESIAN_POINT('',(-21.33553632146,-44.40107584476,
    8.664463820264));
#1438 = CARTESIAN_POINT('',(-25.98089200637,-46.65686327843,
    4.01910764727));
#1439 = CARTESIAN_POINT('',(-35.56981515835,-50.27655690509,
    -5.569814469235));
#1440 = CARTESIAN_POINT('',(-31.49399623761,-50.12620617943,
    -1.493997368361));
#1441 = CARTESIAN_POINT('',(-51.75386585385,-56.68997281632,
    -21.75386429576));
#1442 = CARTESIAN_POINT('',(-42.96679915862,-55.23981412553,
    -12.96680097326));
#1443 = CARTESIAN_POINT('',(-60.17902094685,-60.9627356131,
    -30.17901915366));
#1444 = CARTESIAN_POINT('',(-60.22075266268,-61.94841729164,
    -30.22075415455));
#1445 = CARTESIAN_POINT('',(-69.16907800712,-65.39136187438,
    -39.1690769861));
#1446 = CARTESIAN_POINT('',(-74.94751611689,-67.95977106407,
    -44.94751666278));
#1447 = CARTESIAN_POINT('',(-81.74952583301,-70.81056581533,
    -51.7495256233));
#1448 = CARTESIAN_POINT('',(-88.53431904471,-73.65661653769,
    -58.53431909174));
#1449 = CARTESIAN_POINT('',(-95.46876804687,-76.54395563237,
    -65.46876804623));
#1450 = CARTESIAN_POINT('',(-95.46877332304,-76.54395782924,
    -65.4687733224));
#1451 = CARTESIAN_POINT('',(-95.46877871862,-76.54396007584,
    -65.46877871798));
#1452 = CARTESIAN_POINT('',(-95.46878423362,-76.54396237215,
    -65.46878423298));
#1453 = CARTESIAN_POINT('',(-95.46878986804,-76.54396471819,
    -65.4687898674));
#1454 = CARTESIAN_POINT('',(-95.46879562187,-76.54396711395,
    -65.46879562123));
#1455 = CARTESIAN_POINT('',(-95.46880149511,-76.54396955942,
    -65.46880149448));
#1456 = CARTESIAN_POINT('',(-95.46880748778,-76.54397205463,
    -65.46880748714));
#1457 = CARTESIAN_POINT('',(-95.46881359985,-76.54397459955,
    -65.46881359921));
#1458 = CARTESIAN_POINT('',(-95.46881983134,-76.54397719419,
    -65.4688198307));
#1459 = CARTESIAN_POINT('',(-95.46882618225,-76.54397983856,
    -65.46882618161));
#1460 = CARTESIAN_POINT('',(-95.46883265257,-76.54398253265,
    -65.46883265193));
#1461 = CARTESIAN_POINT('',(-95.46883924231,-76.54398527646,
    -65.46883924167));
#1462 = CARTESIAN_POINT('',(-95.46884595146,-76.54398806999,
    -65.46884595082));
#1463 = CARTESIAN_POINT('',(55.049823992571,-6.121888213165,
    85.049823992415));
#1464 = CARTESIAN_POINT('',(55.049817269392,-6.121891145298,
    85.049817269236));
#1465 = CARTESIAN_POINT('',(55.049810671301,-6.121894022877,
    85.049810671145));
#1466 = CARTESIAN_POINT('',(55.049804198298,-6.121896845903,
    85.049804198142));
#1467 = CARTESIAN_POINT('',(55.049797850383,-6.121899614375,
    85.049797850226));
#1468 = CARTESIAN_POINT('',(55.049791627555,-6.121902328294,
    85.049791627399));
#1469 = CARTESIAN_POINT('',(55.049785529815,-6.121904987658,
    85.049785529658));
#1470 = CARTESIAN_POINT('',(55.049779557162,-6.12190759247,
    85.049779557006));
#1471 = CARTESIAN_POINT('',(55.049773709597,-6.121910142727,
    85.049773709441));
#1472 = CARTESIAN_POINT('',(55.04976798712,-6.121912638432,
    85.049767986964));
#1473 = CARTESIAN_POINT('',(55.049762389731,-6.121915079582,
    85.049762389574));
#1474 = CARTESIAN_POINT('',(55.049756917429,-6.121917466179,
    85.049756917273));
#1475 = CARTESIAN_POINT('',(55.049751570215,-6.121919798222,
    85.049751570058));
#1476 = CARTESIAN_POINT('',(55.049746348089,-6.121922075712,
    85.049746347932));
#1477 = CARTESIAN_POINT('',(49.940362009291,-8.350242261312,
    79.9403619626));
#1478 = CARTESIAN_POINT('',(44.902208762004,-10.55658257293,
    74.902208979358));
#1479 = CARTESIAN_POINT('',(39.935281613831,-12.74094467789,
    69.935280996254));
#1480 = CARTESIAN_POINT('',(35.039580311624,-14.90333013647,
    65.039581603056));
#1481 = CARTESIAN_POINT('',(30.215105336601,-17.04373563934,
    60.215103216237));
#1482 = CARTESIAN_POINT('',(25.461855948648,-19.16216696279,
    55.46185875671));
#1483 = CARTESIAN_POINT('',(20.779833121445,-21.25861577089,
    50.779830084596));
#1484 = CARTESIAN_POINT('',(16.169035755302,-23.33309220759,
    46.169038443716));
#1485 = CARTESIAN_POINT('',(11.629464929781,-25.3855859251,
    41.62946298945));
#1486 = CARTESIAN_POINT('',(7.161119738961,-27.41610578186,
    37.161120865324));
#1487 = CARTESIAN_POINT('',(2.76400083223,-29.42464554912,
    32.764000322623));
#1488 = CARTESIAN_POINT('',(-1.561892177605,-31.41120874798,
    28.438107987142));
#1489 = CARTESIAN_POINT('',(-5.816559096166,-33.3757939162,
    24.183440876411));
#1490 = CARTESIAN_POINT('',(-15.61201233543,-37.92437517996,
    14.387987688266));
#1491 = CARTESIAN_POINT('',(-21.32876496412,-40.56266839995,
    8.67123495816));
#1492 = CARTESIAN_POINT('',(-26.03281877895,-42.88847778074,
    3.967181415958));
#1493 = CARTESIAN_POINT('',(-35.38025322052,-46.64706920853,
    -5.38025361273));
#1494 = CARTESIAN_POINT('',(-31.89270486769,-46.44524592289,
    -1.892704221973));
#1495 = CARTESIAN_POINT('',(-51.26311808438,-53.29656662437,
    -21.26311897193));
#1496 = CARTESIAN_POINT('',(-43.35040182328,-51.72929287523,
    -13.3504007964));
#1497 = CARTESIAN_POINT('',(-59.85822714804,-57.69732766697,
    -29.85822815275));
#1498 = CARTESIAN_POINT('',(-60.2382027882,-58.6888747468,
    -30.23820196233));
#1499 = CARTESIAN_POINT('',(-68.98393664519,-62.26180830543,
    -38.98393720341));
#1500 = CARTESIAN_POINT('',(-74.75227029614,-64.91601176977,
    -44.75227000079));
#1501 = CARTESIAN_POINT('',(-81.4820195706,-67.86688015827,
    -51.48201968326));
#1502 = CARTESIAN_POINT('',(-88.19559871778,-70.81275607731,
    -58.1955986926));
#1503 = CARTESIAN_POINT('',(-95.04974611745,-73.80200777346,
    -65.04974611777));
#1504 = CARTESIAN_POINT('',(-95.04975133958,-73.80201005095,
    -65.0497513399));
#1505 = CARTESIAN_POINT('',(-95.04975668679,-73.802012383,
    -65.04975668711));
#1506 = CARTESIAN_POINT('',(-95.0497621591,-73.80201476959,
    -65.04976215941));
#1507 = CARTESIAN_POINT('',(-95.04976775648,-73.80201721074,
    -65.0497677568));
#1508 = CARTESIAN_POINT('',(-95.04977347896,-73.80201970645,
    -65.04977347928));
#1509 = CARTESIAN_POINT('',(-95.04977932653,-73.80202225671,
    -65.04977932684));
#1510 = CARTESIAN_POINT('',(-95.04978529918,-73.80202486152,
    -65.0497852995));
#1511 = CARTESIAN_POINT('',(-95.04979139692,-73.80202752088,
    -65.04979139724));
#1512 = CARTESIAN_POINT('',(-95.04979761975,-73.8020302348,
    -65.04979762006));
#1513 = CARTESIAN_POINT('',(-95.04980396766,-73.80203300327,
    -65.04980396798));
#1514 = CARTESIAN_POINT('',(-95.04981044067,-73.8020358263,
    -65.04981044098));
#1515 = CARTESIAN_POINT('',(-95.04981703876,-73.80203870388,
    -65.04981703907));
#1516 = CARTESIAN_POINT('',(-95.04982376193,-73.80204163601,
    -65.04982376225));
#1517 = CARTESIAN_POINT('',(54.660731616953,-1.782335409719,
    84.660731617007));
#1518 = CARTESIAN_POINT('',(54.660724874653,-1.782338452945,
    84.660724874708));
#1519 = CARTESIAN_POINT('',(54.660718263177,-1.782341437122,
    84.660718263232));
#1520 = CARTESIAN_POINT('',(54.660711782526,-1.782344362249,
    84.66071178258));
#1521 = CARTESIAN_POINT('',(54.660705432698,-1.782347228328,
    84.660705432752));
#1522 = CARTESIAN_POINT('',(54.660699213694,-1.782350035357,
    84.660699213749));
#1523 = CARTESIAN_POINT('',(54.660693125514,-1.782352783338,
    84.660693125569));
#1524 = CARTESIAN_POINT('',(54.660687168158,-1.782355472269,
    84.660687168213));
#1525 = CARTESIAN_POINT('',(54.660681341626,-1.782358102151,
    84.660681341681));
#1526 = CARTESIAN_POINT('',(54.660675645918,-1.782360672984,
    84.660675645973));
#1527 = CARTESIAN_POINT('',(54.660670081034,-1.782363184768,
    84.660670081088));
#1528 = CARTESIAN_POINT('',(54.660664646973,-1.782365637502,
    84.660664647028));
#1529 = CARTESIAN_POINT('',(54.660659343737,-1.782368031188,
    84.660659343792));
#1530 = CARTESIAN_POINT('',(54.660654171324,-1.782370365824,
    84.660654171379));
#1531 = CARTESIAN_POINT('',(49.606854433105,-4.06346948554,
    79.606854449756));
#1532 = CARTESIAN_POINT('',(44.620010040026,-6.32169749516,
    74.620009962595));
#1533 = CARTESIAN_POINT('',(39.700115905905,-8.557056859501,
    69.700116125538));
#1534 = CARTESIAN_POINT('',(34.847172141008,-10.76954705314,
    64.847171682662));
#1535 = CARTESIAN_POINT('',(30.061178534309,-12.95916919358,
    60.06117928512));
#1536 = CARTESIAN_POINT('',(25.342135414166,-15.1259213373,
    55.342134422154));
#1537 = CARTESIAN_POINT('',(20.690042347883,-17.26980628763,
    50.690043418408));
#1538 = CARTESIAN_POINT('',(16.104899823971,-19.39082064236,
    46.104898878082));
#1539 = CARTESIAN_POINT('',(11.58670736639,-21.48896786939,
    41.586708047966));
#1540 = CARTESIAN_POINT('',(7.13546537239,-23.56424500664,
    37.135464977275));
#1541 = CARTESIAN_POINT('',(2.751173559558,-25.61665413679,
    32.751173738185));
#1542 = CARTESIAN_POINT('',(-1.566167903731,-27.64619408632,
    28.433832038447));
#1543 = CARTESIAN_POINT('',(-5.816559101478,-29.65286534329,
    24.183440908284));
#1544 = CARTESIAN_POINT('',(-15.61201232572,-34.29790385268,
    14.387987665514));
#1545 = CARTESIAN_POINT('',(-21.32247739834,-36.99276911193,
    8.67752263175));
#1546 = CARTESIAN_POINT('',(-26.08103626033,-39.36248418064,
    3.918963662705));
#1547 = CARTESIAN_POINT('',(-35.20423174051,-43.22306450937,
    -5.204231584645));
#1548 = CARTESIAN_POINT('',(-32.26293415639,-42.9626740022,
    -2.26293441298));
#1549 = CARTESIAN_POINT('',(-50.80742429789,-50.04136622708,
    -20.80742394689));
#1550 = CARTESIAN_POINT('',(-43.70660334607,-48.36017305765,
    -13.70660374896));
#1551 = CARTESIAN_POINT('',(-59.56034874027,-54.51976283337,
    -29.56034835021));
#1552 = CARTESIAN_POINT('',(-60.25440488889,-55.50113378226,
    -30.25440520551));
#1553 = CARTESIAN_POINT('',(-68.81202094864,-59.16852253581,
    -38.81202073741));
#1554 = CARTESIAN_POINT('',(-74.57096981217,-61.87995079319,
    -44.57096992265));
#1555 = CARTESIAN_POINT('',(-81.23362113452,-64.90006207695,
    -51.23362109272));
#1556 = CARTESIAN_POINT('',(-87.88107253493,-67.91498242239,
    -57.88107254423));
#1557 = CARTESIAN_POINT('',(-94.66065420751,-70.97503591043,
    -64.6606542074));
#1558 = CARTESIAN_POINT('',(-94.66065937992,-70.97503824506,
    -64.66065937981));
#1559 = CARTESIAN_POINT('',(-94.66066468316,-70.97504063875,
    -64.66066468305));
#1560 = CARTESIAN_POINT('',(-94.66067011722,-70.97504309148,
    -64.66067011711));
#1561 = CARTESIAN_POINT('',(-94.6606756821,-70.97504560327,
    -64.66067568199));
#1562 = CARTESIAN_POINT('',(-94.66068137781,-70.9750481741,
    -64.6606813777));
#1563 = CARTESIAN_POINT('',(-94.66068720434,-70.97505080398,
    -64.66068720423));
#1564 = CARTESIAN_POINT('',(-94.6606931617,-70.97505349291,
    -64.66069316159));
#1565 = CARTESIAN_POINT('',(-94.66069924988,-70.97505624089,
    -64.66069924977));
#1566 = CARTESIAN_POINT('',(-94.66070546888,-70.97505904792,
    -64.66070546877));
#1567 = CARTESIAN_POINT('',(-94.66071181871,-70.975061914,-64.6607118186
    ));
#1568 = CARTESIAN_POINT('',(-94.66071829936,-70.97506483913,
    -64.66071829925));
#1569 = CARTESIAN_POINT('',(-94.66072491084,-70.9750678233,
    -64.66072491073));
#1570 = CARTESIAN_POINT('',(-94.66073165314,-70.97507086653,
    -64.66073165303));
#1571 = CARTESIAN_POINT('',(54.298001987535,1.963291144578,
    84.298001987525));
#1572 = CARTESIAN_POINT('',(54.297995219593,1.963288017344,
    84.297995219583));
#1573 = CARTESIAN_POINT('',(54.297988588424,1.963284953307,
    84.297988588414));
#1574 = CARTESIAN_POINT('',(54.297982094027,1.963281952468,
    84.297982094017));
#1575 = CARTESIAN_POINT('',(54.297975736404,1.963279014828,
    84.297975736394));
#1576 = CARTESIAN_POINT('',(54.297969515553,1.963276140385,
    84.297969515543));
#1577 = CARTESIAN_POINT('',(54.297963431476,1.963273329141,
    84.297963431465));
#1578 = CARTESIAN_POINT('',(54.297957484171,1.963270581095,
    84.29795748416));
#1579 = CARTESIAN_POINT('',(54.297951673638,1.963267896246,
    84.297951673628));
#1580 = CARTESIAN_POINT('',(54.297945999879,1.963265274596,
    84.297945999869));
#1581 = CARTESIAN_POINT('',(54.297940462893,1.963262716144,
    84.297940462883));
#1582 = CARTESIAN_POINT('',(54.297935062679,1.96326022089,
    84.297935062669));
#1583 = CARTESIAN_POINT('',(54.297929799238,1.963257788834,
    84.297929799228));
#1584 = CARTESIAN_POINT('',(54.29792467257,1.963255419976,84.29792467256
    ));
#1585 = CARTESIAN_POINT('',(49.295943485821,-0.347989137171,
    79.295943482636));
#1586 = CARTESIAN_POINT('',(44.356931539257,-2.635628141484,
    74.35693155406));
#1587 = CARTESIAN_POINT('',(39.480883857435,-4.899663866112,
    69.48088381549));
#1588 = CARTESIAN_POINT('',(34.667800403446,-7.140096400339,
    64.667800490908));
#1589 = CARTESIAN_POINT('',(29.91768124966,-9.356925554219,
    59.917681106459));
#1590 = CARTESIAN_POINT('',(25.230526280919,-11.55015165607,
    55.230526470139));
#1591 = CARTESIAN_POINT('',(20.606335650311,-13.7197742343,
    50.606335445914));
#1592 = CARTESIAN_POINT('',(16.045109185251,-15.86579385756,
    46.045109366183));
#1593 = CARTESIAN_POINT('',(11.546847051708,-17.98820994901,
    41.546846920999));
#1594 = CARTESIAN_POINT('',(7.111549113632,-20.08702299848,
    37.111549189612));
#1595 = CARTESIAN_POINT('',(2.739215465565,-22.16223266272,
    32.739215431113));
#1596 = CARTESIAN_POINT('',(-1.570153947685,-24.21383913408,
    28.429846063529));
#1597 = CARTESIAN_POINT('',(-5.81655909939,-26.2418423326,
    24.183440898662));
#1598 = CARTESIAN_POINT('',(-15.61201232954,-30.93510952034,
    14.387987672321));
#1599 = CARTESIAN_POINT('',(-21.31661577033,-33.65868619678,
    8.68338422281));
#1600 = CARTESIAN_POINT('',(-26.1259870043,-36.04666925275,3.87401301364
    ));
#1601 = CARTESIAN_POINT('',(-35.04013602485,-39.97340057987,
    -5.040136061347));
#1602 = CARTESIAN_POINT('',(-32.60807953239,-39.6468071369,
    -2.608079472706));
#1603 = CARTESIAN_POINT('',(-50.38260470222,-46.8950062466,
    -20.38260478281));
#1604 = CARTESIAN_POINT('',(-44.03867179572,-45.10197695417,
    -14.03867170489));
#1605 = CARTESIAN_POINT('',(-59.28265168384,-51.40155698368,
    -29.28265176976));
#1606 = CARTESIAN_POINT('',(-60.26951010153,-52.3566034501,
    -30.26951003377));
#1607 = CARTESIAN_POINT('',(-68.6517525135,-56.08394053492,
    -38.65175255728));
#1608 = CARTESIAN_POINT('',(-74.40195343592,-58.82460989825,
    -44.40195341371));
#1609 = CARTESIAN_POINT('',(-81.00205244502,-61.8838788914,
    -51.00205245322));
#1610 = CARTESIAN_POINT('',(-87.58785666222,-64.93778905596,
    -57.58785666043));
#1611 = CARTESIAN_POINT('',(-94.29792467255,-68.03828216693,
    -64.29792467257));
#1612 = CARTESIAN_POINT('',(-94.29792979922,-68.03828453578,
    -64.29792979924));
#1613 = CARTESIAN_POINT('',(-94.29793506266,-68.03828696784,
    -64.29793506268));
#1614 = CARTESIAN_POINT('',(-94.29794046287,-68.0382894631,
    -64.29794046289));
#1615 = CARTESIAN_POINT('',(-94.29794599986,-68.03829202155,
    -64.29794599988));
#1616 = CARTESIAN_POINT('',(-94.29795167362,-68.0382946432,
    -64.29795167364));
#1617 = CARTESIAN_POINT('',(-94.29795748415,-68.03829732805,
    -64.29795748417));
#1618 = CARTESIAN_POINT('',(-94.29796343145,-68.03830007609,
    -64.29796343147));
#1619 = CARTESIAN_POINT('',(-94.29796951553,-68.03830288734,
    -64.29796951555));
#1620 = CARTESIAN_POINT('',(-94.29797573638,-68.03830576178,
    -64.2979757364));
#1621 = CARTESIAN_POINT('',(-94.29798209401,-68.03830869942,
    -64.29798209403));
#1622 = CARTESIAN_POINT('',(-94.2979885884,-68.03831170026,
    -64.29798858842));
#1623 = CARTESIAN_POINT('',(-94.29799521957,-68.03831476429,
    -64.29799521959));
#1624 = CARTESIAN_POINT('',(-94.29800198751,-68.03831789153,
    -64.29800198753));
#1625 = CARTESIAN_POINT('',(53.619144163376,8.324074146055,
    83.619144163383));
#1626 = CARTESIAN_POINT('',(53.619137328977,8.324070904552,
    83.619137328985));
#1627 = CARTESIAN_POINT('',(53.619130643906,8.324067733873,
    83.619130643913));
#1628 = CARTESIAN_POINT('',(53.619124108161,8.324064634019,
    83.619124108168));
#1629 = CARTESIAN_POINT('',(53.619117721743,8.324061604989,
    83.61911772175));
#1630 = CARTESIAN_POINT('',(53.619111484652,8.324058646784,
    83.619111484659));
#1631 = CARTESIAN_POINT('',(53.619105396887,8.324055759404,
    83.619105396895));
#1632 = CARTESIAN_POINT('',(53.61909945845,8.324052942848,
    83.619099458457));
#1633 = CARTESIAN_POINT('',(53.619093669339,8.324050197117,
    83.619093669347));
#1634 = CARTESIAN_POINT('',(53.619088029555,8.32404752221,
    83.619088029563));
#1635 = CARTESIAN_POINT('',(53.619082539098,8.324044918128,
    83.619082539106));
#1636 = CARTESIAN_POINT('',(53.619077197968,8.32404238487,
    83.619077197976));
#1637 = CARTESIAN_POINT('',(53.619072006165,8.324039922437,
    83.619072006172));
#1638 = CARTESIAN_POINT('',(53.619066963688,8.324037530829,
    83.619066963696));
#1639 = CARTESIAN_POINT('',(48.714065531235,5.997632512104,
    78.714065533546));
#1640 = CARTESIAN_POINT('',(43.864573276984,3.695999260367,
    73.864573266234));
#1641 = CARTESIAN_POINT('',(39.070585285031,1.419135437523,
    69.070585315535));
#1642 = CARTESIAN_POINT('',(34.332101614841,-0.832958909184,
    64.332101551052));
#1643 = CARTESIAN_POINT('',(29.649122147053,-3.060283879299,
    59.649122251975));
#1644 = CARTESIAN_POINT('',(25.021647075222,-5.262839303037,
    55.021646935694));
#1645 = CARTESIAN_POINT('',(20.44967613915,-7.440625420305,
    50.449676291165));
#1646 = CARTESIAN_POINT('',(15.933209632931,-9.593641947058,
    45.933209496966));
#1647 = CARTESIAN_POINT('',(11.472247275179,-11.72188916608,
    41.472247374552));
#1648 = CARTESIAN_POINT('',(7.066789294051,-13.82536684154,
    37.066789235626));
#1649 = CARTESIAN_POINT('',(2.716835533384,-15.90407513595,
    32.71683556017));
#1650 = CARTESIAN_POINT('',(-1.577613917415,-17.95801395971,
    28.422386073736));
#1651 = CARTESIAN_POINT('',(-5.816559100474,-19.98718334931,
    24.183440901155));
#1652 = CARTESIAN_POINT('',(-15.61201232769,-24.68045054358,
    14.387987670569));
#1653 = CARTESIAN_POINT('',(-21.30564563013,-27.40574209926,8.6943543769
    ));
#1654 = CARTESIAN_POINT('',(-26.21011334955,-29.7788592395,
    3.789886631429));
#1655 = CARTESIAN_POINT('',(-34.73302692442,-33.76675050909,
    -4.733026885483));
#1656 = CARTESIAN_POINT('',(-33.25402759609,-33.29117006148,
    -3.25402765943));
#1657 = CARTESIAN_POINT('',(-49.58754444717,-40.7646353216,
    -19.58754436291));
#1658 = CARTESIAN_POINT('',(-44.66014579143,-38.75016603789,
    -14.66014588426));
#1659 = CARTESIAN_POINT('',(-58.76293515779,-45.22814263829,
    -28.7629350728));
#1660 = CARTESIAN_POINT('',(-60.29777932362,-46.09752569787,
    -30.2977793877));
#1661 = CARTESIAN_POINT('',(-68.35180638499,-49.87617066482,
    -38.35180634583));
#1662 = CARTESIAN_POINT('',(-74.08563470881,-52.61939989913,
    -44.08563472753));
#1663 = CARTESIAN_POINT('',(-80.5686657308,-55.69696948546,
    -50.56866572423));
#1664 = CARTESIAN_POINT('',(-87.03909555331,-58.76891572815,
    -57.03909555469));
#1665 = CARTESIAN_POINT('',(-93.61906696369,-61.88974631361,
    -63.61906696368));
#1666 = CARTESIAN_POINT('',(-93.61907200617,-61.88974870522,
    -63.61907200616));
#1667 = CARTESIAN_POINT('',(-93.61907719797,-61.88975116765,
    -63.61907719796));
#1668 = CARTESIAN_POINT('',(-93.6190825391,-61.88975370091,
    -63.61908253909));
#1669 = CARTESIAN_POINT('',(-93.61908802956,-61.88975630499,
    -63.61908802955));
#1670 = CARTESIAN_POINT('',(-93.61909366935,-61.8897589799,
    -63.61909366933));
#1671 = CARTESIAN_POINT('',(-93.61909945846,-61.88976172563,
    -63.61909945844));
#1672 = CARTESIAN_POINT('',(-93.61910539689,-61.88976454218,
    -63.61910539688));
#1673 = CARTESIAN_POINT('',(-93.61911148466,-61.88976742956,
    -63.61911148465));
#1674 = CARTESIAN_POINT('',(-93.61911772175,-61.88977038777,
    -63.61911772174));
#1675 = CARTESIAN_POINT('',(-93.61912410817,-61.8897734168,
    -63.61912410815));
#1676 = CARTESIAN_POINT('',(-93.61913064391,-61.88977651665,
    -63.6191306439));
#1677 = CARTESIAN_POINT('',(-93.61913732898,-61.88977968733,
    -63.61913732897));
#1678 = CARTESIAN_POINT('',(-93.61914416338,-61.88978292884,
    -63.61914416337));
#1679 = CARTESIAN_POINT('',(53.303015979464,10.939230282338,
    83.30301597944));
#1680 = CARTESIAN_POINT('',(53.303009103326,10.939227011933,
    83.303009103303));
#1681 = CARTESIAN_POINT('',(53.303002383192,10.939223815727,
    83.303002383169));
#1682 = CARTESIAN_POINT('',(53.302995819061,10.939220693718,
    83.302995819038));
#1683 = CARTESIAN_POINT('',(53.302989410933,10.939217645907,
    83.30298941091));
#1684 = CARTESIAN_POINT('',(53.302983158808,10.939214672293,
    83.302983158784));
#1685 = CARTESIAN_POINT('',(53.302977062686,10.939211772877,
    83.302977062662));
#1686 = CARTESIAN_POINT('',(53.302971122567,10.939208947659,
    83.302971122543));
#1687 = CARTESIAN_POINT('',(53.302965338451,10.939206196638,
    83.302965338428));
#1688 = CARTESIAN_POINT('',(53.302959710338,10.939203519815,
    83.302959710315));
#1689 = CARTESIAN_POINT('',(53.302954238228,10.939200917189,
    83.302954238205));
#1690 = CARTESIAN_POINT('',(53.302948922122,10.939198388761,
    83.302948922098));
#1691 = CARTESIAN_POINT('',(53.302943762018,10.939195934531,
    83.302943761994));
#1692 = CARTESIAN_POINT('',(53.302938757917,10.939193554498,
    83.302938757894));
#1693 = CARTESIAN_POINT('',(48.443098541691,8.62777352165,78.44309853319
    ));
#1694 = CARTESIAN_POINT('',(43.635293488032,6.341556967449,
    73.635293527669));
#1695 = CARTESIAN_POINT('',(38.879518879639,4.080541619018,
    68.879518766808));
#1696 = CARTESIAN_POINT('',(34.175774371483,1.844727385574,
    64.175774608623));
#1697 = CARTESIAN_POINT('',(29.524060662756,-0.365885549075,
    59.524060270137));
#1698 = CARTESIAN_POINT('',(24.924376610441,-2.551297487198,
    54.924377136791));
#1699 = CARTESIAN_POINT('',(20.376723760051,-4.711508026302,
    50.376723180874));
#1700 = CARTESIAN_POINT('',(15.881100358902,-6.846517613507,
    45.88110088292));
#1701 = CARTESIAN_POINT('',(11.437508085778,-8.956325837043,
    41.437507697954));
#1702 = CARTESIAN_POINT('',(7.045945580459,-11.04093301535,
    37.04594581127));
#1703 = CARTESIAN_POINT('',(2.706413771907,-13.10033894712,
    32.706413664866));
#1704 = CARTESIAN_POINT('',(-1.5810878697,-15.13454373526,28.41891216618
    ));
#1705 = CARTESIAN_POINT('',(-5.816559096397,-17.14354734328,
    24.18344089668));
#1706 = CARTESIAN_POINT('',(-15.61201233421,-21.78858582316,
    14.387987673715));
#1707 = CARTESIAN_POINT('',(-21.30053705361,-24.48688109845,
    8.699462912334));
#1708 = CARTESIAN_POINT('',(-26.24928913636,-26.82686336851,
    3.750710957015));
#1709 = CARTESIAN_POINT('',(-34.5900131502,-30.8097658707,
    -4.590013341567));
#1710 = CARTESIAN_POINT('',(-33.55483091255,-30.25139702956,
    -3.554830603284));
#1711 = CARTESIAN_POINT('',(-49.21730295356,-37.78062798273,
    -19.21730336009));
#1712 = CARTESIAN_POINT('',(-44.94955223762,-35.65654683144,
    -14.94955179743));
#1713 = CARTESIAN_POINT('',(-58.52091485894,-42.17293788536,
    -28.52091525223));
#1714 = CARTESIAN_POINT('',(-60.31094394446,-42.98297505396,
    -30.3109436579));
#1715 = CARTESIAN_POINT('',(-68.21212829669,-46.75298440636,
    -38.21212846403));
#1716 = CARTESIAN_POINT('',(-73.93833252691,-49.46952963286,
    -43.93833245105));
#1717 = CARTESIAN_POINT('',(-80.36684762034,-52.52624330523,
    -50.36684764564));
#1718 = CARTESIAN_POINT('',(-86.78355030481,-55.5772354123,
    -56.78355029975));
#1719 = CARTESIAN_POINT('',(-93.30293875788,-58.67796391871,
    -63.30293875792));
#1720 = CARTESIAN_POINT('',(-93.30294376198,-58.67796629875,
    -63.30294376202));
#1721 = CARTESIAN_POINT('',(-93.30294892209,-58.67796875298,
    -63.30294892212));
#1722 = CARTESIAN_POINT('',(-93.30295423819,-58.6779712814,
    -63.30295423823));
#1723 = CARTESIAN_POINT('',(-93.3029597103,-58.67797388403,
    -63.30295971034));
#1724 = CARTESIAN_POINT('',(-93.30296533841,-58.67797656085,
    -63.30296533845));
#1725 = CARTESIAN_POINT('',(-93.30297112253,-58.67797931187,
    -63.30297112257));
#1726 = CARTESIAN_POINT('',(-93.30297706265,-58.67798213709,
    -63.30297706269));
#1727 = CARTESIAN_POINT('',(-93.30298315877,-58.67798503651,
    -63.30298315881));
#1728 = CARTESIAN_POINT('',(-93.3029894109,-58.67798801012,
    -63.30298941093));
#1729 = CARTESIAN_POINT('',(-93.30299581902,-58.67799105793,
    -63.30299581906));
#1730 = CARTESIAN_POINT('',(-93.30300238316,-58.67799417994,
    -63.30300238319));
#1731 = CARTESIAN_POINT('',(-93.30300910329,-58.67799737615,
    -63.30300910333));
#1732 = CARTESIAN_POINT('',(-93.30301597943,-58.67800064655,
    -63.30301597947));
#1733 = CARTESIAN_POINT('',(53.007126568297,13.017843062966,
    83.007126568348));
#1734 = CARTESIAN_POINT('',(53.00711964098,13.017839793208,
    83.007119641032));
#1735 = CARTESIAN_POINT('',(53.007112876848,13.017836600474,
    83.007112876899));
#1736 = CARTESIAN_POINT('',(53.007106275899,13.017833484764,
    83.00710627595));
#1737 = CARTESIAN_POINT('',(53.007099838133,13.017830446078,
    83.007099838184));
#1738 = CARTESIAN_POINT('',(53.007093563551,13.017827484417,
    83.007093563602));
#1739 = CARTESIAN_POINT('',(53.007087452153,13.017824599779,
    83.007087452204));
#1740 = CARTESIAN_POINT('',(53.007081503938,13.017821792166,
    83.007081503989));
#1741 = CARTESIAN_POINT('',(53.007075718906,13.017819061577,
    83.007075718958));
#1742 = CARTESIAN_POINT('',(53.007070097059,13.017816408012,
    83.00707009711));
#1743 = CARTESIAN_POINT('',(53.007064638395,13.017813831472,
    83.007064638446));
#1744 = CARTESIAN_POINT('',(53.007059342914,13.017811331955,
    83.007059342966));
#1745 = CARTESIAN_POINT('',(53.007054210617,13.017808909463,
    83.007054210669));
#1746 = CARTESIAN_POINT('',(53.007049241504,13.017806563995,
    83.007049241556));
#1747 = CARTESIAN_POINT('',(48.189478973789,10.743868220644,
    78.189478996875));
#1748 = CARTESIAN_POINT('',(43.420692414421,8.495418949494,
    73.420692306595));
#1749 = CARTESIAN_POINT('',(38.700684353525,6.27245642987,
    68.700684660955));
#1750 = CARTESIAN_POINT('',(34.029455860885,4.074980810907,
    64.029455213421));
#1751 = CARTESIAN_POINT('',(29.407004759698,1.902991807414,
    59.407005834034));
#1752 = CARTESIAN_POINT('',(24.833334622332,-0.24351013065,
    54.833333178627));
#1753 = CARTESIAN_POINT('',(20.308440601975,-2.364525551137,
    50.308442194748));
#1754 = CARTESIAN_POINT('',(15.832328210716,-4.460053905286,
    45.832326765403));
#1755 = CARTESIAN_POINT('',(11.40499215716,-6.530095622152,
    41.404993230218));
#1756 = CARTESIAN_POINT('',(7.026436735577,-8.574650427845,
    37.026436094922));
#1757 = CARTESIAN_POINT('',(2.696659010192,-10.59371844759,
    32.69665930823));
#1758 = CARTESIAN_POINT('',(-1.584339344199,-12.58729963797,
    28.415660555477));
#1759 = CARTESIAN_POINT('',(-5.81655911055,-14.55539399705,
    24.18344090903));
#1760 = CARTESIAN_POINT('',(-15.61201231196,-19.10397534092,
    14.387987665215));
#1761 = CARTESIAN_POINT('',(-21.29575567539,-21.7474283465,
    8.704244423678));
#1762 = CARTESIAN_POINT('',(-26.2859564544,-24.0285073397,3.714043273183
    ));
#1763 = CARTESIAN_POINT('',(-34.4561560498,-27.97112717104,
    -4.456155491655));
#1764 = CARTESIAN_POINT('',(-33.836375271,-27.32100515518,
    -3.836376171588));
#1765 = CARTESIAN_POINT('',(-48.87076627707,-34.85014742581,
    -18.87076509705));
#1766 = CARTESIAN_POINT('',(-45.22042888805,-32.61656767861,
    -15.22043015958));
#1767 = CARTESIAN_POINT('',(-58.29439039898,-39.12139001007,
    -28.29438927094));
#1768 = CARTESIAN_POINT('',(-60.32326467817,-39.85518424597,
    -30.32326549188));
#1769 = CARTESIAN_POINT('',(-68.08139305605,-43.58249748973,
    -38.08139258735));
#1770 = CARTESIAN_POINT('',(-73.80046046562,-46.24440775913,
    -43.80046067446));
#1771 = CARTESIAN_POINT('',(-80.17795007963,-49.25034136836,
    -50.17795001124));
#1772 = CARTESIAN_POINT('',(-86.54436518176,-52.25048883475,
    -56.54436519523));
#1773 = CARTESIAN_POINT('',(-93.00704924157,-55.30093631345,
    -63.00704924148));
#1774 = CARTESIAN_POINT('',(-93.00705421068,-55.30093865891,
    -63.0070542106));
#1775 = CARTESIAN_POINT('',(-93.00705934298,-55.30094108141,
    -63.00705934289));
#1776 = CARTESIAN_POINT('',(-93.00706463846,-55.30094358092,
    -63.00706463837));
#1777 = CARTESIAN_POINT('',(-93.00707009712,-55.30094615746,
    -63.00707009704));
#1778 = CARTESIAN_POINT('',(-93.00707571897,-55.30094881103,
    -63.00707571888));
#1779 = CARTESIAN_POINT('',(-93.007081504,-55.30095154162,
    -63.00708150392));
#1780 = CARTESIAN_POINT('',(-93.00708745222,-55.30095434923,
    -63.00708745213));
#1781 = CARTESIAN_POINT('',(-93.00709356362,-55.30095723387,
    -63.00709356353));
#1782 = CARTESIAN_POINT('',(-93.0070998382,-55.30096019553,
    -63.00709983811));
#1783 = CARTESIAN_POINT('',(-93.00710627596,-55.30096323422,
    -63.00710627588));
#1784 = CARTESIAN_POINT('',(-93.00711287691,-55.30096634993,
    -63.00711287683));
#1785 = CARTESIAN_POINT('',(-93.00711964105,-55.30096954266,
    -63.00711964096));
#1786 = CARTESIAN_POINT('',(-93.00712656836,-55.30097281242,
    -63.00712656827));
#1787 = CARTESIAN_POINT('',(52.7289183743,14.576357006762,
    82.728918374217));
#1788 = CARTESIAN_POINT('',(52.728911385762,14.576353769013,
    82.728911385679));
#1789 = CARTESIAN_POINT('',(52.728904568168,14.57635061046,
    82.728904568085));
#1790 = CARTESIAN_POINT('',(52.728897921516,14.576347531105,
    82.728897921433));
#1791 = CARTESIAN_POINT('',(52.728891445806,14.576344530946,
    82.728891445723));
#1792 = CARTESIAN_POINT('',(52.72888514104,14.576341609984,
    82.728885140957));
#1793 = CARTESIAN_POINT('',(52.728879007216,14.576338768219,
    82.728879007133));
#1794 = CARTESIAN_POINT('',(52.728873044335,14.576336005651,
    82.728873044252));
#1795 = CARTESIAN_POINT('',(52.728867252397,14.57633332228,
    82.728867252314));
#1796 = CARTESIAN_POINT('',(52.728861631402,14.576330718105,
    82.728861631318));
#1797 = CARTESIAN_POINT('',(52.728856181349,14.576328193127,
    82.728856181265));
#1798 = CARTESIAN_POINT('',(52.728850902239,14.576325747346,
    82.728850902155));
#1799 = CARTESIAN_POINT('',(52.728845794072,14.576323380762,
    82.728845793988));
#1800 = CARTESIAN_POINT('',(52.728840856847,14.576321093374,
    82.728840856764));
#1801 = CARTESIAN_POINT('',(47.951014722514,12.362781862685,
    77.951014674189));
#1802 = CARTESIAN_POINT('',(43.218914732717,10.174873193837,
    73.2189149586));
#1803 = CARTESIAN_POINT('',(38.532537003582,8.012592949122,
    68.532536359333));
#1804 = CARTESIAN_POINT('',(33.891879192462,5.875940920301,
    63.891880549557));
#1805 = CARTESIAN_POINT('',(29.296946078292,3.764917482278,
    59.296943826859));
#1806 = CARTESIAN_POINT('',(24.747729798785,1.679522073055,
    54.747732822772));
#1807 = CARTESIAN_POINT('',(20.244241046412,-0.380244703608,
    50.244237712929));
#1808 = CARTESIAN_POINT('',(15.786467634424,-2.414383349236,
    45.786470656423));
#1809 = CARTESIAN_POINT('',(11.374421284375,-4.422893615883,
    41.374419042879));
#1810 = CARTESIAN_POINT('',(7.00809246786,-6.405775533515,37.0080938051)
  );
#1811 = CARTESIAN_POINT('',(2.687487707373,-8.363029215459,
    32.687487085532));
#1812 = CARTESIAN_POINT('',(-1.587396720912,-10.29465454785,
    28.412603488532));
#1813 = CARTESIAN_POINT('',(-5.816559076333,-12.20065161755,
    24.18344088268));
#1814 = CARTESIAN_POINT('',(-15.61201236524,-16.60350201609,
    14.387987682822));
#1815 = CARTESIAN_POINT('',(-21.29125963631,-19.16367103594,
    8.708740154687));
#1816 = CARTESIAN_POINT('',(-26.32043376332,-21.35945385746,
    3.679566811552));
#1817 = CARTESIAN_POINT('',(-34.3302954646,-25.22600370107,
    -4.330296641997));
#1818 = CARTESIAN_POINT('',(-34.10109927822,-24.47430960846,
    -4.10109737974));
#1819 = CARTESIAN_POINT('',(-48.54493260911,-31.9472967714,
    -18.5449350937));
#1820 = CARTESIAN_POINT('',(-45.47512385998,-29.60335217244,
    -15.47512118732));
#1821 = CARTESIAN_POINT('',(-58.08139803,-36.04633225265,-28.08140039518
    ));
#1822 = CARTESIAN_POINT('',(-60.33485195738,-36.68623807434,
    -30.33485025709));
#1823 = CARTESIAN_POINT('',(-67.95846851833,-40.33628635705,
    -37.95846949286));
#1824 = CARTESIAN_POINT('',(-73.67082767489,-42.91501476809,
    -43.67082724361));
#1825 = CARTESIAN_POINT('',(-80.00034009599,-45.83967725083,
    -50.00034023605));
#1826 = CARTESIAN_POINT('',(-86.31947280055,-48.75852119876,
    -56.31947277316));
#1827 = CARTESIAN_POINT('',(-92.72884085672,-51.72794436443,
    -62.72884085688));
#1828 = CARTESIAN_POINT('',(-92.72884579394,-51.72794665182,
    -62.72884579411));
#1829 = CARTESIAN_POINT('',(-92.72885090211,-51.72794901841,
    -62.72885090227));
#1830 = CARTESIAN_POINT('',(-92.72885618122,-51.72795146419,
    -62.72885618138));
#1831 = CARTESIAN_POINT('',(-92.72886163127,-51.72795398917,
    -62.72886163144));
#1832 = CARTESIAN_POINT('',(-92.72886725227,-51.72795659334,
    -62.72886725243));
#1833 = CARTESIAN_POINT('',(-92.72887304421,-51.72795927671,
    -62.72887304437));
#1834 = CARTESIAN_POINT('',(-92.72887900709,-51.72796203928,
    -62.72887900725));
#1835 = CARTESIAN_POINT('',(-92.72888514091,-51.72796488105,
    -62.72888514108));
#1836 = CARTESIAN_POINT('',(-92.72889144568,-51.72796780201,
    -62.72889144584));
#1837 = CARTESIAN_POINT('',(-92.72889792139,-51.72797080217,
    -62.72889792155));
#1838 = CARTESIAN_POINT('',(-92.72890456804,-51.72797388152,
    -62.7289045682));
#1839 = CARTESIAN_POINT('',(-92.72891138564,-51.72797704007,
    -62.7289113858));
#1840 = CARTESIAN_POINT('',(-92.72891837417,-51.72798027782,
    -62.72891837434));
#1841 = CARTESIAN_POINT('',(52.466203459339,15.620274707044,
    82.466203459442));
#1842 = CARTESIAN_POINT('',(52.46619639907,15.620271535604,
    82.466196399173));
#1843 = CARTESIAN_POINT('',(52.466189518141,15.620268444723,
    82.466189518244));
#1844 = CARTESIAN_POINT('',(52.466182816552,15.6202654344,
    82.466182816656));
#1845 = CARTESIAN_POINT('',(52.466176294304,15.620262504637,
    82.466176294408));
#1846 = CARTESIAN_POINT('',(52.466169951397,15.620259655433,
    82.466169951501));
#1847 = CARTESIAN_POINT('',(52.466163787831,15.620256886788,
    82.466163787934));
#1848 = CARTESIAN_POINT('',(52.466157803605,15.620254198702,
    82.466157803708));
#1849 = CARTESIAN_POINT('',(52.466151998719,15.620251591174,
    82.466151998823));
#1850 = CARTESIAN_POINT('',(52.466146373175,15.620249064206,
    82.466146373279));
#1851 = CARTESIAN_POINT('',(52.466140926971,15.620246617797,
    82.466140927075));
#1852 = CARTESIAN_POINT('',(52.466135660107,15.620244251946,
    82.466135660211));
#1853 = CARTESIAN_POINT('',(52.466130572584,15.620241966655,
    82.466130572688));
#1854 = CARTESIAN_POINT('',(52.466125664402,15.620239761922,
    82.466125664506));
#1855 = CARTESIAN_POINT('',(47.725830222633,13.490921252323,
    77.725830301743));
#1856 = CARTESIAN_POINT('',(43.028374438745,11.387229501183,
    73.028374068949));
#1857 = CARTESIAN_POINT('',(38.373752106515,9.309162303044,
    68.373753160638));
#1858 = CARTESIAN_POINT('',(33.761967154725,7.256719895045,
    63.761964936307));
#1859 = CARTESIAN_POINT('',(29.193011555142,5.229901870097,
    59.193015230137));
#1860 = CARTESIAN_POINT('',(24.666898538018,3.228708792475,
    54.666893611545));
#1861 = CARTESIAN_POINT('',(20.183610080766,1.253140159832,
    50.183615498345));
#1862 = CARTESIAN_POINT('',(15.743166757525,-0.696803775721,
    45.743161859492));
#1863 = CARTESIAN_POINT('',(11.345548750232,-2.621122875755,
    41.345552372857));
#1864 = CARTESIAN_POINT('',(6.990772189568,-4.519817535223,
    36.990770034113));
#1865 = CARTESIAN_POINT('',(2.678826022758,-6.392887280857,
    32.67882702293));
#1866 = CARTESIAN_POINT('',(-1.590283436873,-8.240332453114,
    28.409716226601));
#1867 = CARTESIAN_POINT('',(-5.816559139241,-10.06215285783,
    24.183440926645));
#1868 = CARTESIAN_POINT('',(-15.61201226813,-14.2679134545,
    14.387987654339));
#1869 = CARTESIAN_POINT('',(-21.28701472154,-16.71516028049,
    8.712985615663));
#1870 = CARTESIAN_POINT('',(-26.3529889308,-18.79807283469,3.64701014167
    ));
#1871 = CARTESIAN_POINT('',(-34.21144835616,-22.55151384184,
    -4.211446456999));
#1872 = CARTESIAN_POINT('',(-34.35107396287,-21.68737018434,
    -4.351077024782));
#1873 = CARTESIAN_POINT('',(-48.23725342431,-29.04673340698,
    -18.23724941776));
#1874 = CARTESIAN_POINT('',(-45.71562559541,-26.59056684467,
    -15.71562990447));
#1875 = CARTESIAN_POINT('',(-57.88027510679,-32.92006964788,
    -27.88027129461));
#1876 = CARTESIAN_POINT('',(-60.34578842299,-33.4473276964,
    -30.34579116198));
#1877 = CARTESIAN_POINT('',(-67.84239252003,-36.98429765416,
    -37.84239095238));
#1878 = CARTESIAN_POINT('',(-73.548412812,-39.45010122724,-43.5484135037
    ));
#1879 = CARTESIAN_POINT('',(-79.83262142014,-42.26178937184,
    -49.8326211966));
#1880 = CARTESIAN_POINT('',(-86.10710442732,-45.06765992716,
    -56.10710447085));
#1881 = CARTESIAN_POINT('',(-92.46612566457,-47.92410250135,
    -62.46612566433));
#1882 = CARTESIAN_POINT('',(-92.46613057276,-47.92410470608,
    -62.46613057251));
#1883 = CARTESIAN_POINT('',(-92.46613566028,-47.92410699138,
    -62.46613566003));
#1884 = CARTESIAN_POINT('',(-92.46614092714,-47.92410935723,
    -62.4661409269));
#1885 = CARTESIAN_POINT('',(-92.46614637335,-47.92411180364,
    -62.4661463731));
#1886 = CARTESIAN_POINT('',(-92.46615199889,-47.9241143306,
    -62.46615199864));
#1887 = CARTESIAN_POINT('',(-92.46615780378,-47.92411693813,
    -62.46615780353));
#1888 = CARTESIAN_POINT('',(-92.466163788,-47.92411962622,
    -62.46616378776));
#1889 = CARTESIAN_POINT('',(-92.46616995157,-47.92412239486,
    -62.46616995132));
#1890 = CARTESIAN_POINT('',(-92.46617629448,-47.92412524407,
    -62.46617629423));
#1891 = CARTESIAN_POINT('',(-92.46618281672,-47.92412817383,
    -62.46618281648));
#1892 = CARTESIAN_POINT('',(-92.46618951831,-47.92413118415,
    -62.46618951806));
#1893 = CARTESIAN_POINT('',(-92.46619639924,-47.92413427503,
    -62.46619639899));
#1894 = CARTESIAN_POINT('',(-92.46620345951,-47.92413744647,
    -62.46620345926));
#1895 = CARTESIAN_POINT('',(52.217069580013,16.144316682039,
    82.217069579915));
#1896 = CARTESIAN_POINT('',(52.217062437224,16.144313615465,
    82.217062437125));
#1897 = CARTESIAN_POINT('',(52.217055482854,16.144310629784,
    82.217055482755));
#1898 = CARTESIAN_POINT('',(52.217048716903,16.144307724996,
    82.217048716805));
#1899 = CARTESIAN_POINT('',(52.217042139372,16.144304901101,
    82.217042139273));
#1900 = CARTESIAN_POINT('',(52.21703575026,16.144302158099,
    82.217035750162));
#1901 = CARTESIAN_POINT('',(52.217029549568,16.14429949599,
    82.217029549469));
#1902 = CARTESIAN_POINT('',(52.217023537295,16.144296914774,
    82.217023537196));
#1903 = CARTESIAN_POINT('',(52.217017713442,16.144294414452,
    82.217017713343));
#1904 = CARTESIAN_POINT('',(52.217012078008,16.144291995022,
    82.217012077909));
#1905 = CARTESIAN_POINT('',(52.217006630993,16.144289656486,
    82.217006630894));
#1906 = CARTESIAN_POINT('',(52.217001372398,16.144287398842,
    82.217001372299));
#1907 = CARTESIAN_POINT('',(52.216996302222,16.144285222092,
    82.216996302123));
#1908 = CARTESIAN_POINT('',(52.216991420466,16.144283126234,
    82.216991420366));
#1909 = CARTESIAN_POINT('',(47.51228673317,14.124438326606,
    77.512286630296));
#1910 = CARTESIAN_POINT('',(42.847683160439,12.130067225886,
    72.847683641074));
#1911 = CARTESIAN_POINT('',(38.223177956959,10.161167886973,
    68.223176588516));
#1912 = CARTESIAN_POINT('',(33.638765936197,8.217740103933,
    63.638768811281));
#1913 = CARTESIAN_POINT('',(29.094457708981,6.299784219157,
    59.094452957073));
#1914 = CARTESIAN_POINT('',(24.590235768715,4.40729982696,
    54.590242120724));
#1915 = CARTESIAN_POINT('',(20.126123991417,2.540287154993,
    50.126117029805));
#1916 = CARTESIAN_POINT('',(15.702095088459,0.698746368772,
    45.702101358765));
#1917 = CARTESIAN_POINT('',(11.318175375637,-1.117323157361,
    41.318170756575));
#1918 = CARTESIAN_POINT('',(6.974343412042,-2.907920552151,
    36.974346149791));
#1919 = CARTESIAN_POINT('',(2.670613899688,-4.673046643077,
    32.670612633521));
#1920 = CARTESIAN_POINT('',(-1.593021560997,-6.412700873238,
    28.406978864101));
#1921 = CARTESIAN_POINT('',(-5.816559048222,-8.126883521651,
    24.183440868632));
#1922 = CARTESIAN_POINT('',(-15.61201240722,-12.0809705699,
    14.387987690754));
#1923 = CARTESIAN_POINT('',(-21.28298808559,-14.38380359168,
    8.717011488475));
#1924 = CARTESIAN_POINT('',(-26.38386449146,-16.32447791656,
    3.616136679684));
#1925 = CARTESIAN_POINT('',(-34.09873812903,-19.92570626561,
    -4.098740526191));
#1926 = CARTESIAN_POINT('',(-34.58813733669,-18.93692029325,
    -4.588133472056));
#1927 = CARTESIAN_POINT('',(-47.94546539471,-26.12254143084,
    -17.94547045291));
#1928 = CARTESIAN_POINT('',(-45.9437095539,-23.55123787928,
    -15.94370411059));
#1929 = CARTESIAN_POINT('',(-57.68953645804,-29.71314752737,
    -27.68954127753));
#1930 = CARTESIAN_POINT('',(-60.35616824973,-30.10745580572,
    -30.35616478441));
#1931 = CARTESIAN_POINT('',(-67.73231230356,-33.4935055974,
    -37.73231428682));
#1932 = CARTESIAN_POINT('',(-73.43232807157,-35.81478506744,
    -43.43232719813));
#1933 = CARTESIAN_POINT('',(-79.67357231429,-38.4798834645,
    -49.67357259534));
#1934 = CARTESIAN_POINT('',(-85.90571444499,-41.13919920237,
    -55.90571439052));
#1935 = CARTESIAN_POINT('',(-92.21699142025,-43.84878475048,
    -62.21699142056));
#1936 = CARTESIAN_POINT('',(-92.21699630201,-43.84878684634,
    -62.21699630231));
#1937 = CARTESIAN_POINT('',(-92.21700137218,-43.84878902309,
    -62.21700137249));
#1938 = CARTESIAN_POINT('',(-92.21700663078,-43.84879128073,
    -62.21700663109));
#1939 = CARTESIAN_POINT('',(-92.21701207779,-43.84879361927,
    -62.2170120781));
#1940 = CARTESIAN_POINT('',(-92.21701771323,-43.8487960387,
    -62.21701771353));
#1941 = CARTESIAN_POINT('',(-92.21702353708,-43.84879853902,
    -62.21702353739));
#1942 = CARTESIAN_POINT('',(-92.21702954935,-43.84880112023,
    -62.21702954966));
#1943 = CARTESIAN_POINT('',(-92.21703575005,-43.84880378234,
    -62.21703575035));
#1944 = CARTESIAN_POINT('',(-92.21704213916,-43.84880652534,
    -62.21704213946));
#1945 = CARTESIAN_POINT('',(-92.21704871669,-43.84880934924,
    -62.217048717));
#1946 = CARTESIAN_POINT('',(-92.21705548264,-43.84881225403,
    -62.21705548295));
#1947 = CARTESIAN_POINT('',(-92.21706243701,-43.84881523971,
    -62.21706243732));
#1948 = CARTESIAN_POINT('',(-92.2170695798,-43.84881830628,
    -62.21706958011));
#1949 = CARTESIAN_POINT('',(51.979809488662,16.132007464511,
    81.979809488732));
#1950 = CARTESIAN_POINT('',(51.979802252605,16.132004547209,
    81.979802252675));
#1951 = CARTESIAN_POINT('',(51.979795214744,16.132001709812,
    81.979795214814));
#1952 = CARTESIAN_POINT('',(51.979788375077,16.131998952319,
    81.979788375147));
#1953 = CARTESIAN_POINT('',(51.979781733605,16.13199627473,
    81.979781733676));
#1954 = CARTESIAN_POINT('',(51.979775290328,16.131993677046,
    81.979775290398));
#1955 = CARTESIAN_POINT('',(51.979769045245,16.131991159267,
    81.979769045316));
#1956 = CARTESIAN_POINT('',(51.979762998357,16.131988721392,
    81.979762998428));
#1957 = CARTESIAN_POINT('',(51.979757149664,16.131986363422,
    81.979757149735));
#1958 = CARTESIAN_POINT('',(51.979751499166,16.131984085356,
    81.979751499237));
#1959 = CARTESIAN_POINT('',(51.979746046862,16.131981887195,
    81.979746046934));
#1960 = CARTESIAN_POINT('',(51.979740792753,16.131979768939,
    81.979740792825));
#1961 = CARTESIAN_POINT('',(51.979735736839,16.131977730587,
    81.979735736911));
#1962 = CARTESIAN_POINT('',(51.97973087912,16.13197577214,
    81.979730879192));
#1963 = CARTESIAN_POINT('',(47.308920446623,14.248882992572,
    77.308920553695));
#1964 = CARTESIAN_POINT('',(42.675604733817,12.39095399488,
    72.675604234016));
#1965 = CARTESIAN_POINT('',(38.07977703048,10.558186841564,
    68.079778451127));
#1966 = CARTESIAN_POINT('',(33.521442801558,8.750581656372,
    63.521439823462));
#1967 = CARTESIAN_POINT('',(29.000590856814,6.968138240296,
    59.000595764661));
#1968 = CARTESIAN_POINT('',(24.517239674535,5.21085673709,
    54.517233137103));
#1969 = CARTESIAN_POINT('',(20.071364031433,3.478737259407,
    50.071371167152));
#1970 = CARTESIAN_POINT('',(15.662992782334,1.771779232634,
    45.662986384011));
#1971 = CARTESIAN_POINT('',(11.292098075609,8.998365766242E-02,
    41.29210276657));
#1972 = CARTESIAN_POINT('',(6.958702622209,-1.566650650057,
    36.95869985481));
#1973 = CARTESIAN_POINT('',(2.662790840217,-3.198122675136,
    32.66279211485));
#1974 = CARTESIAN_POINT('',(-1.595628367433,-4.804433081084,
    28.404371205891));
#1975 = CARTESIAN_POINT('',(-5.81655915368,-6.385581564706,
    24.183440929633));
#1976 = CARTESIAN_POINT('',(-15.61201224793,-10.02889692244,
    14.387987653829));
#1977 = CARTESIAN_POINT('',(-21.27915481471,-12.1532271266,
    8.720845612053));
#1978 = CARTESIAN_POINT('',(-26.41326436693,-13.91980305054,
    3.586734460165));
#1979 = CARTESIAN_POINT('',(-33.99140826608,-17.32673698531,
    -3.991405866189));
#1980 = CARTESIAN_POINT('',(-34.81388847371,-16.19948250662,
    -4.813892343057));
#1981 = CARTESIAN_POINT('',(-47.66760177076,-23.14721342693,
    -17.66759670362));
#1982 = CARTESIAN_POINT('',(-46.16090434635,-20.45668876509,
    -16.16090980513));
#1983 = CARTESIAN_POINT('',(-57.50790442749,-26.39315967895,
    -27.50789958736));
#1984 = CARTESIAN_POINT('',(-60.36604230115,-26.63217664253,
    -30.36604578608));
#1985 = CARTESIAN_POINT('',(-67.62748452438,-29.8265496072,
    -37.62748252909));
#1986 = CARTESIAN_POINT('',(-73.32177341535,-31.96910096682,
    -43.32177429247));
#1987 = CARTESIAN_POINT('',(-79.52210421305,-34.4512905977,
    -49.52210393218));
#1988 = CARTESIAN_POINT('',(-85.71392254926,-36.92776734272,
    -55.71392260334));
#1989 = CARTESIAN_POINT('',(-91.97973087933,-39.45390253314,
    -61.97973087901));
#1990 = CARTESIAN_POINT('',(-91.97973573705,-39.45390449159,
    -61.97973573673));
#1991 = CARTESIAN_POINT('',(-91.97974079296,-39.45390652994,
    -61.97974079265));
#1992 = CARTESIAN_POINT('',(-91.97974604707,-39.4539086482,
    -61.97974604675));
#1993 = CARTESIAN_POINT('',(-91.97975149937,-39.45391084636,
    -61.97975149906));
#1994 = CARTESIAN_POINT('',(-91.97975714987,-39.45391312442,
    -61.97975714956));
#1995 = CARTESIAN_POINT('',(-91.97976299856,-39.45391548239,
    -61.97976299825));
#1996 = CARTESIAN_POINT('',(-91.97976904545,-39.45391792027,
    -61.97976904514));
#1997 = CARTESIAN_POINT('',(-91.97977529053,-39.45392043805,
    -61.97977529022));
#1998 = CARTESIAN_POINT('',(-91.97978173381,-39.45392303573,
    -61.9797817335));
#1999 = CARTESIAN_POINT('',(-91.97978837528,-39.45392571332,
    -61.97978837497));
#2000 = CARTESIAN_POINT('',(-91.97979521495,-39.45392847081,
    -61.97979521463));
#2001 = CARTESIAN_POINT('',(-91.97980225281,-39.45393130821,
    -61.9798022525));
#2002 = CARTESIAN_POINT('',(-91.97980948887,-39.45393422551,
    -61.97980948855));
#2003 = CARTESIAN_POINT('',(51.752860536927,15.554018675636,
    81.75286053689));
#2004 = CARTESIAN_POINT('',(51.75285319742,15.554015959862,
    81.752853197384));
#2005 = CARTESIAN_POINT('',(51.752846066554,15.554013321289,
    81.752846066517));
#2006 = CARTESIAN_POINT('',(51.752839144328,15.554010759917,
    81.752839144292));
#2007 = CARTESIAN_POINT('',(51.752832430743,15.554008275747,
    81.752832430706));
#2008 = CARTESIAN_POINT('',(51.752825925798,15.554005868778,
    81.752825925761));
#2009 = CARTESIAN_POINT('',(51.752819629494,15.55400353901,
    81.752819629457));
#2010 = CARTESIAN_POINT('',(51.75281354183,15.554001286444,
    81.752813541792));
#2011 = CARTESIAN_POINT('',(51.752807662806,15.55399911108,
    81.752807662769));
#2012 = CARTESIAN_POINT('',(51.752801992423,15.553997012916,
    81.752801992385));
#2013 = CARTESIAN_POINT('',(51.75279653068,15.553994991955,
    81.752796530642));
#2014 = CARTESIAN_POINT('',(51.752791277577,15.553993048194,
    81.752791277539));
#2015 = CARTESIAN_POINT('',(51.752786233115,15.553991181635,
    81.752786233077));
#2016 = CARTESIAN_POINT('',(51.752781397293,15.553989392278,
    81.752781397255));
#2017 = CARTESIAN_POINT('',(47.114392476339,13.837686176825,
    77.114392387218));
#2018 = CARTESIAN_POINT('',(42.511003446842,12.146068417197,
    72.511003862381));
#2019 = CARTESIAN_POINT('',(37.942611403227,10.479134433772,
    67.942610224441));
#2020 = CARTESIAN_POINT('',(33.409211754482,8.836884187552,
    63.40921421908));
#2021 = CARTESIAN_POINT('',(28.910813906855,7.219317731856,
    58.910809858774));
#2022 = CARTESIAN_POINT('',(24.447402319555,5.626435142757,
    54.447407690403));
#2023 = CARTESIAN_POINT('',(20.018998218059,4.058236081498,
    50.018992382113));
#2024 = CARTESIAN_POINT('',(15.625577305601,2.514721304593,
    45.625582512588));
#2025 = CARTESIAN_POINT('',(11.267163050362,0.995889738827,
    41.267159252902));
#2026 = CARTESIAN_POINT('',(6.943736302967,-0.498257442082,
    36.94373853157));
#2027 = CARTESIAN_POINT('',(2.655310208367,-1.967721186489,
    32.655309186648));
#2028 = CARTESIAN_POINT('',(-1.59812274467,-3.412500887307,
    28.401877596191));
#2029 = CARTESIAN_POINT('',(-5.816559055088,-4.832596804894,
    24.183440878446));
#2030 = CARTESIAN_POINT('',(-15.61201239512,-8.099929567146,
    14.387987683366));
#2031 = CARTESIAN_POINT('',(-21.27548664654,-10.00814852648,
    8.724513012368));
#2032 = CARTESIAN_POINT('',(-26.44139080097,-11.56541091477,
    3.558610136158));
#2033 = CARTESIAN_POINT('',(-33.88873405242,-14.73186375071,
    -3.888735969213));
#2034 = CARTESIAN_POINT('',(-35.02984284568,-13.45027824108,
    -5.029839755304));
#2035 = CARTESIAN_POINT('',(-47.4017955489,-20.09025328323,
    -17.40179959795));
#2036 = CARTESIAN_POINT('',(-46.36867928817,-17.27509994355,
    -16.36867492151));
#2037 = CARTESIAN_POINT('',(-57.33414941273,-22.92302805764,
    -27.33415329007));
#2038 = CARTESIAN_POINT('',(-60.37549868247,-22.98175610657,
    -30.37549588728));
#2039 = CARTESIAN_POINT('',(-67.52720616573,-25.93968583521,
    -37.52720776623));
#2040 = CARTESIAN_POINT('',(-73.2160259477,-27.86578087401,
    -43.21602524593));
#2041 = CARTESIAN_POINT('',(-79.37721794679,-30.12505969647,
    -49.37721817015));
#2042 = CARTESIAN_POINT('',(-85.53046584002,-32.3787349545,
    -55.53046579738));
#2043 = CARTESIAN_POINT('',(-91.75278139711,-34.6811249051,
    -61.75278139738));
#2044 = CARTESIAN_POINT('',(-91.75278623293,-34.68112669446,
    -61.7527862332));
#2045 = CARTESIAN_POINT('',(-91.75279127739,-34.68112856101,
    -61.75279127766));
#2046 = CARTESIAN_POINT('',(-91.7527965305,-34.68113050478,
    -61.75279653076));
#2047 = CARTESIAN_POINT('',(-91.75280199224,-34.68113252574,
    -61.7528019925));
#2048 = CARTESIAN_POINT('',(-91.75280766262,-34.6811346239,
    -61.75280766289));
#2049 = CARTESIAN_POINT('',(-91.75281354165,-34.68113679926,
    -61.75281354191));
#2050 = CARTESIAN_POINT('',(-91.75281962931,-34.68113905183,
    -61.75281962958));
#2051 = CARTESIAN_POINT('',(-91.75282592562,-34.6811413816,
    -61.75282592588));
#2052 = CARTESIAN_POINT('',(-91.75283243056,-34.68114378857,
    -61.75283243083));
#2053 = CARTESIAN_POINT('',(-91.75283914415,-34.68114627274,
    -61.75283914441));
#2054 = CARTESIAN_POINT('',(-91.75284606637,-34.68114883411,
    -61.75284606664));
#2055 = CARTESIAN_POINT('',(-91.75285319724,-34.68115147268,
    -61.7528531975));
#2056 = CARTESIAN_POINT('',(-91.75286053674,-34.68115418846,
    -61.75286053701));
#2057 = CARTESIAN_POINT('',(51.53475145864,14.365657945447,
    81.534751458654));
#2058 = CARTESIAN_POINT('',(51.534744006949,14.365655493818,
    81.534744006963));
#2059 = CARTESIAN_POINT('',(51.53473677492,14.365653114458,
    81.534736774934));
#2060 = CARTESIAN_POINT('',(51.534729762551,14.365650807367,
    81.534729762565));
#2061 = CARTESIAN_POINT('',(51.534722969844,14.365648572545,
    81.534722969858));
#2062 = CARTESIAN_POINT('',(51.534716396797,14.365646409993,
    81.534716396811));
#2063 = CARTESIAN_POINT('',(51.534710043411,14.36564431971,
    81.534710043425));
#2064 = CARTESIAN_POINT('',(51.534703909686,14.365642301695,
    81.5347039097));
#2065 = CARTESIAN_POINT('',(51.534697995622,14.36564035595,
    81.534697995637));
#2066 = CARTESIAN_POINT('',(51.53469230122,14.365638482474,
    81.534692301234));
#2067 = CARTESIAN_POINT('',(51.534686826478,14.365636681267,
    81.534686826492));
#2068 = CARTESIAN_POINT('',(51.534681571397,14.365634952329,
    81.534681571411));
#2069 = CARTESIAN_POINT('',(51.534676535976,14.365633295661,
    81.534676535991));
#2070 = CARTESIAN_POINT('',(51.534671720217,14.365631711261,
    81.534671720232));
#2071 = CARTESIAN_POINT('',(46.927441253315,12.849838761942,
    76.927441311565));
#2072 = CARTESIAN_POINT('',(42.352814478456,11.358068627439,
    72.352814207164));
#2073 = CARTESIAN_POINT('',(37.810785661232,9.890319782417,
    67.810786429271));
#2074 = CARTESIAN_POINT('',(33.301357838709,8.446592225668,
    63.301356237176));
#2075 = CARTESIAN_POINT('',(28.824524785916,7.026885971573,
    58.824527407666));
#2076 = CARTESIAN_POINT('',(24.380296791159,5.631200887178,
    54.380293326362));
#2077 = CARTESIAN_POINT('',(19.968659797561,4.259537299964,
    49.968663545675));
#2078 = CARTESIAN_POINT('',(15.589629903456,2.911894597133,
    45.589626575749));
#2079 = CARTESIAN_POINT('',(11.243191550646,1.588273583481,
    41.243193964633));
#2080 = CARTESIAN_POINT('',(6.929357442113,0.288673413316,
    36.929356033052));
#2081 = CARTESIAN_POINT('',(2.648118853069,-0.986905249928,
    32.648119495988));
#2082 = CARTESIAN_POINT('',(-1.600519229416,-2.238462823974,
    28.399480556764));
#2083 = CARTESIAN_POINT('',(-5.816559129341,-3.465999135789,
    24.183440912418));
#2084 = CARTESIAN_POINT('',(-15.61201228527,-6.284008562025,
    14.38798766509));
#2085 = CARTESIAN_POINT('',(-21.27196259637,-7.933827085042,
    8.72803762023));
#2086 = CARTESIAN_POINT('',(-26.46841815893,-9.242108695544,
    3.531581245455));
#2087 = CARTESIAN_POINT('',(-33.79006637082,-12.11638940374,
    -3.790065152628));
#2088 = CARTESIAN_POINT('',(-35.23737391204,-10.66202049118,
    -5.237375875919));
#2089 = CARTESIAN_POINT('',(-47.14635783832,-16.91659083083,
    -17.14635526478));
#2090 = CARTESIAN_POINT('',(-46.56834522971,-13.96981609449,
    -16.56834800657));
#2091 = CARTESIAN_POINT('',(-57.16717610876,-19.25896776362,
    -27.16717364137));
#2092 = CARTESIAN_POINT('',(-60.3845770723,-19.10893598874,
    -30.38457885152));
#2093 = CARTESIAN_POINT('',(-67.43083902424,-21.78029134308,
    -37.43083800662));
#2094 = CARTESIAN_POINT('',(-73.11439516857,-23.44750512318,
    -43.11439561295));
#2095 = CARTESIAN_POINT('',(-79.2379757546,-25.43896100174,
    -49.23797561429));
#2096 = CARTESIAN_POINT('',(-85.35415474765,-27.42496299111,
    -55.35415477413));
#2097 = CARTESIAN_POINT('',(-91.53467172034,-29.45837204808,
    -61.53467172016));
#2098 = CARTESIAN_POINT('',(-91.53467653609,-29.45837363248,
    -61.53467653592));
#2099 = CARTESIAN_POINT('',(-91.53468157151,-29.45837528915,
    -61.53468157134));
#2100 = CARTESIAN_POINT('',(-91.5346868266,-29.45837701809,
    -61.53468682642));
#2101 = CARTESIAN_POINT('',(-91.53469230134,-29.45837881929,
    -61.53469230116));
#2102 = CARTESIAN_POINT('',(-91.53469799574,-29.45838069277,
    -61.53469799556));
#2103 = CARTESIAN_POINT('',(-91.5347039098,-29.45838263851,
    -61.53470390963));
#2104 = CARTESIAN_POINT('',(-91.53471004353,-29.45838465653,
    -61.53471004335));
#2105 = CARTESIAN_POINT('',(-91.53471639692,-29.45838674681,
    -61.53471639674));
#2106 = CARTESIAN_POINT('',(-91.53472296996,-29.45838890936,
    -61.53472296978));
#2107 = CARTESIAN_POINT('',(-91.53472976267,-29.45839114419,
    -61.53472976249));
#2108 = CARTESIAN_POINT('',(-91.53473677504,-29.45839345128,
    -61.53473677486));
#2109 = CARTESIAN_POINT('',(-91.53474400707,-29.45839583064,
    -61.53474400689));
#2110 = CARTESIAN_POINT('',(-91.53475145876,-29.45839828227,
    -61.53475145858));
#2111 = CARTESIAN_POINT('',(51.324047067041,12.502542465777,
    81.324047067037));
#2112 = CARTESIAN_POINT('',(51.324039497372,12.502540354453,
    81.324039497368));
#2113 = CARTESIAN_POINT('',(51.324032158749,12.502538307571,
    81.324032158745));
#2114 = CARTESIAN_POINT('',(51.324025051172,12.502536325133,
    81.324025051168));
#2115 = CARTESIAN_POINT('',(51.324018174641,12.502534407138,
    81.324018174637));
#2116 = CARTESIAN_POINT('',(51.324011529156,12.502532553587,
    81.324011529152));
#2117 = CARTESIAN_POINT('',(51.324005114717,12.502530764478,
    81.324005114713));
#2118 = CARTESIAN_POINT('',(51.323998931324,12.502529039813,
    81.32399893132));
#2119 = CARTESIAN_POINT('',(51.323992978978,12.50252737959,
    81.323992978973));
#2120 = CARTESIAN_POINT('',(51.323987257677,12.502525783811,
    81.323987257673));
#2121 = CARTESIAN_POINT('',(51.323981767423,12.502524252475,
    81.323981767418));
#2122 = CARTESIAN_POINT('',(51.323976508214,12.502522785582,
    81.32397650821));
#2123 = CARTESIAN_POINT('',(51.323971480052,12.502521383132,
    81.323971480047));
#2124 = CARTESIAN_POINT('',(51.323966682936,12.502520045126,
    81.323966682931));
#2125 = CARTESIAN_POINT('',(46.746837019788,11.225871795578,
    76.746836991229));
#2126 = CARTESIAN_POINT('',(42.199995196332,9.972376507669,
    72.199995329249));
#2127 = CARTESIAN_POINT('',(37.683437216463,8.742032914273,
    67.683436840732));
#2128 = CARTESIAN_POINT('',(33.197161558696,7.53484101464,
    63.197162340592));
#2129 = CARTESIAN_POINT('',(28.741171342969,6.35080080305,
    58.741170066222));
#2130 = CARTESIAN_POINT('',(24.315461410557,5.189912342024,
    54.315463092727));
#2131 = CARTESIAN_POINT('',(19.920038813493,4.052175472798,
    49.920037000199));
#2132 = CARTESIAN_POINT('',(15.554895469967,2.937590493822,
    45.554897073187));
#2133 = CARTESIAN_POINT('',(11.220039197684,1.846157011249,
    41.220038040226));
#2134 = CARTESIAN_POINT('',(6.91546360671,0.777875438023,36.915464278911
    ));
#2135 = CARTESIAN_POINT('',(2.641173091129,-0.267254549565,
    32.641172785737));
#2136 = CARTESIAN_POINT('',(-1.60283486393,-1.289232749602,
    28.397165237489));
#2137 = CARTESIAN_POINT('',(-5.816559084853,-2.288059244881,
    24.18344089513));
#2138 = CARTESIAN_POINT('',(-15.61201235093,-4.572584537827,
    14.38798767335));
#2139 = CARTESIAN_POINT('',(-21.26855733918,-5.915480399214,
    8.731442553336));
#2140 = CARTESIAN_POINT('',(-26.49453036856,-6.929203013199,
    3.505469928011));
#2141 = CARTESIAN_POINT('',(-33.69474339389,-9.452235929635,
    -3.694744000852));
#2142 = CARTESIAN_POINT('',(-35.4378674862,-7.803314330895,
    -5.43786650811));
#2143 = CARTESIAN_POINT('',(-46.89958164918,-13.58427235131,
    -16.89958292987));
#2144 = CARTESIAN_POINT('',(-46.76124364852,-10.49696943835,
    -16.76124226805));
#2145 = CARTESIAN_POINT('',(-57.00586191173,-15.34745581895,
    -27.00586313679));
#2146 = CARTESIAN_POINT('',(-60.39335390279,-14.95565593119,
    -30.3933530211));
#2147 = CARTESIAN_POINT('',(-67.33773979036,-17.28310870717,
    -37.33774029291));
#2148 = CARTESIAN_POINT('',(-73.01621621734,-18.64277081914,
    -43.01621599928));
#2149 = CARTESIAN_POINT('',(-79.10346024722,-20.31493678388,
    -49.10346031536));
#2150 = CARTESIAN_POINT('',(-85.18382935278,-21.98184677409,
    -55.18382934012));
#2151 = CARTESIAN_POINT('',(-91.32396668286,-23.69444748646,
    -61.32396668296));
#2152 = CARTESIAN_POINT('',(-91.32397147998,-23.69444882447,
    -61.32397148007));
#2153 = CARTESIAN_POINT('',(-91.32397650814,-23.69445022692,
    -61.32397650823));
#2154 = CARTESIAN_POINT('',(-91.32398176735,-23.69445169381,
    -61.32398176744));
#2155 = CARTESIAN_POINT('',(-91.32398725761,-23.69445322515,
    -61.3239872577));
#2156 = CARTESIAN_POINT('',(-91.32399297891,-23.69445482093,
    -61.323992979));
#2157 = CARTESIAN_POINT('',(-91.32399893125,-23.69445648115,
    -61.32399893134));
#2158 = CARTESIAN_POINT('',(-91.32400511465,-23.69445820582,
    -61.32400511474));
#2159 = CARTESIAN_POINT('',(-91.32401152908,-23.69445999493,
    -61.32401152918));
#2160 = CARTESIAN_POINT('',(-91.32401817457,-23.69446184848,
    -61.32401817466));
#2161 = CARTESIAN_POINT('',(-91.3240250511,-23.69446376647,
    -61.32402505119));
#2162 = CARTESIAN_POINT('',(-91.32403215868,-23.69446574891,
    -61.32403215877));
#2163 = CARTESIAN_POINT('',(-91.3240394973,-23.69446779579,
    -61.32403949739));
#2164 = CARTESIAN_POINT('',(-91.32404706697,-23.69446990712,
    -61.32404706706));
#2165 = CARTESIAN_POINT('',(51.119280324372,9.872973105551,
    81.119280324374));
#2166 = CARTESIAN_POINT('',(51.119272636358,9.872971428273,
    81.11927263636));
#2167 = CARTESIAN_POINT('',(51.119265190738,9.872969803877,
    81.11926519074));
#2168 = CARTESIAN_POINT('',(51.119257987512,9.872968232363,
    81.119257987514));
#2169 = CARTESIAN_POINT('',(51.119251026681,9.872966713733,
    81.119251026683));
#2170 = CARTESIAN_POINT('',(51.119244308244,9.872965247985,
    81.119244308246));
#2171 = CARTESIAN_POINT('',(51.119237832201,9.872963835119,
    81.119237832203));
#2172 = CARTESIAN_POINT('',(51.119231598553,9.872962475137,
    81.119231598555));
#2173 = CARTESIAN_POINT('',(51.119225607299,9.872961168037,
    81.119225607301));
#2174 = CARTESIAN_POINT('',(51.119219858439,9.872959913819,
    81.119219858441));
#2175 = CARTESIAN_POINT('',(51.119214351973,9.872958712485,
    81.119214351976));
#2176 = CARTESIAN_POINT('',(51.119209087902,9.872957564033,
    81.119209087905));
#2177 = CARTESIAN_POINT('',(51.119204066225,9.872956468464,
    81.119204066228));
#2178 = CARTESIAN_POINT('',(51.119199286943,9.872955425777,
    81.119199286945));
#2179 = CARTESIAN_POINT('',(46.571322107753,8.88075412209,
    76.571322116912));
#2180 = CARTESIAN_POINT('',(42.051482720019,7.910597655159,
    72.051482677354));
#2181 = CARTESIAN_POINT('',(37.559676389506,6.962485028495,
    67.559676510164));
#2182 = CARTESIAN_POINT('',(33.095903643686,6.036416255894,
    63.095903392542));
#2183 = CARTESIAN_POINT('',(28.660163399419,5.132391313422,
    58.660163809586));
#2184 = CARTESIAN_POINT('',(24.25245745052,4.250410222614,
    54.252456910162));
#2185 = CARTESIAN_POINT('',(19.872783340113,3.390472982079,
    49.872783922248));
#2186 = CARTESIAN_POINT('',(15.521143890399,2.552579552078,
    45.521143376607));
#2187 = CARTESIAN_POINT('',(11.19753636385,1.736730010456,
    41.197536733621));
#2188 = CARTESIAN_POINT('',(6.901963005155,0.94292426123,36.901962791292
    ));
#2189 = CARTESIAN_POINT('',(2.634422265154,0.171162386132,
    32.634422362043));
#2190 = CARTESIAN_POINT('',(-1.605084965732,-0.578555667373,
    28.394915001957));
#2191 = CARTESIAN_POINT('',(-5.816559105406,-1.306229877544,
    24.183440901227));
#2192 = CARTESIAN_POINT('',(-15.61201232024,-2.958450972998,
    14.387987671189));
#2193 = CARTESIAN_POINT('',(-21.26524850728,-3.937457945257,
    8.734751532123));
#2194 = CARTESIAN_POINT('',(-26.5199054136,-4.603043267652,
    3.480094476535));
#2195 = CARTESIAN_POINT('',(-33.60210934836,-6.70571511557,
    -3.602109122982));
#2196 = CARTESIAN_POINT('',(-35.63270676437,-4.836069974505,
    -5.632707127258));
#2197 = CARTESIAN_POINT('',(-46.65976529776,-10.04076760593,
    -16.65976482395));
#2198 = CARTESIAN_POINT('',(-46.94870016413,-6.801570908892,
    -16.94870067267));
#2199 = CARTESIAN_POINT('',(-56.84909877574,-11.12032241395,
    -26.84909832687));
#2200 = CARTESIAN_POINT('',(-60.40187972303,-10.44764237459,
    -30.401880044));
#2201 = CARTESIAN_POINT('',(-67.24726612265,-12.36409332272,
    -37.24726594117));
#2202 = CARTESIAN_POINT('',(-72.92080307429,-13.35906390197,
    -42.92080315218));
#2203 = CARTESIAN_POINT('',(-78.97273563204,-14.6515847149,
    -48.97273560806));
#2204 = CARTESIAN_POINT('',(-85.01830365888,-15.93910083908,
    -55.01830366324));
#2205 = CARTESIAN_POINT('',(-91.11919928697,-17.27012108715,
    -61.11919928693));
#2206 = CARTESIAN_POINT('',(-91.11920406625,-17.27012212984,
    -61.11920406621));
#2207 = CARTESIAN_POINT('',(-91.11920908793,-17.27012322541,
    -61.11920908789));
#2208 = CARTESIAN_POINT('',(-91.119214352,-17.27012437386,
    -61.11921435196));
#2209 = CARTESIAN_POINT('',(-91.11921985846,-17.2701255752,
    -61.11921985843));
#2210 = CARTESIAN_POINT('',(-91.11922560732,-17.27012682941,
    -61.11922560729));
#2211 = CARTESIAN_POINT('',(-91.11923159858,-17.27012813651,
    -61.11923159854));
#2212 = CARTESIAN_POINT('',(-91.11923783222,-17.2701294965,
    -61.11923783219));
#2213 = CARTESIAN_POINT('',(-91.11924430827,-17.27013090936,
    -61.11924430823));
#2214 = CARTESIAN_POINT('',(-91.1192510267,-17.27013237511,
    -61.11925102667));
#2215 = CARTESIAN_POINT('',(-91.11925798754,-17.27013389374,
    -61.1192579875));
#2216 = CARTESIAN_POINT('',(-91.11926519076,-17.27013546525,
    -61.11926519073));
#2217 = CARTESIAN_POINT('',(-91.11927263638,-17.27013708965,
    -61.11927263635));
#2218 = CARTESIAN_POINT('',(-91.1192803244,-17.27013876693,
    -61.11928032436));
#2219 = CARTESIAN_POINT('',(50.918863883225,6.345957810941,
    80.918863883224));
#2220 = CARTESIAN_POINT('',(50.918856086142,6.345956683939,
    80.91885608614));
#2221 = CARTESIAN_POINT('',(50.918848542039,6.345955593504,
    80.918848542038));
#2222 = CARTESIAN_POINT('',(50.918841250918,6.345954539634,
    80.918841250917));
#2223 = CARTESIAN_POINT('',(50.918834212778,6.345953522331,
    80.918834212777));
#2224 = CARTESIAN_POINT('',(50.91882742762,6.345952541594,
    80.918827427618));
#2225 = CARTESIAN_POINT('',(50.918820895443,6.345951597424,
    80.918820895441));
#2226 = CARTESIAN_POINT('',(50.918814616247,6.34595068982,
    80.918814616246));
#2227 = CARTESIAN_POINT('',(50.918808590032,6.345949818782,
    80.918808590031));
#2228 = CARTESIAN_POINT('',(50.918802816799,6.34594898431,
    80.918802816798));
#2229 = CARTESIAN_POINT('',(50.918797296548,6.345948186405,
    80.918797296546));
#2230 = CARTESIAN_POINT('',(50.918792029277,6.345947425066,
    80.918792029276));
#2231 = CARTESIAN_POINT('',(50.918787014988,6.345946700293,
    80.918787014987));
#2232 = CARTESIAN_POINT('',(50.91878225368,6.345946012087,
    80.918782253679));
#2233 = CARTESIAN_POINT('',(46.399536111516,5.692727548265,
    76.399536110706));
#2234 = CARTESIAN_POINT('',(41.906125296386,5.060163305261,
    71.906125300235));
#2235 = CARTESIAN_POINT('',(37.438545331608,4.448252637658,
    67.43854532048));
#2236 = CARTESIAN_POINT('',(32.996796132023,3.856995529256,
    62.996796155747));
#2237 = CARTESIAN_POINT('',(28.58087787391,3.286392011713,
    58.580877834103));
#2238 = CARTESIAN_POINT('',(24.190790262508,2.736442036531,
    54.190790316375));
#2239 = CARTESIAN_POINT('',(19.826533706218,2.20714566316,
    49.826533646764));
#2240 = CARTESIAN_POINT('',(15.488107729492,1.698502832665,
    45.488107782785));
#2241 = CARTESIAN_POINT('',(11.17551280082,1.210513592558,
    41.175512762279));
#2242 = CARTESIAN_POINT('',(6.888748529392,0.743177911569,
    36.888748551606));
#2243 = CARTESIAN_POINT('',(2.627815190105,0.296495806619,
    32.627815179987));
#2244 = CARTESIAN_POINT('',(-1.607287378585,-0.129532729963,
    28.392712624992));
#2245 = CARTESIAN_POINT('',(-5.816559098613,-0.534907695139,
    24.183440900412));
#2246 = CARTESIAN_POINT('',(-15.61201233083,-1.435726069251,
    14.38798767087));
#2247 = CARTESIAN_POINT('',(-21.26200977096,-1.982194838894,
    8.737990219965));
#2248 = CARTESIAN_POINT('',(-26.54474193179,-2.235009022896,
    3.455258094382));
#2249 = CARTESIAN_POINT('',(-33.51144215803,-3.834274780217,
    -3.511442212204));
#2250 = CARTESIAN_POINT('',(-35.82340852257,-1.711751678962,
    -5.823408435529));
#2251 = CARTESIAN_POINT('',(-46.42504145674,-6.217403113723,
    -16.4250415694));
#2252 = CARTESIAN_POINT('',(-47.13217671825,-2.811704057506,
    -17.13217659899));
#2253 = CARTESIAN_POINT('',(-56.69566385742,-6.48728458224,
    -26.6956639609));
#2254 = CARTESIAN_POINT('',(-60.41022600549,-5.486235903765,
    -30.4102259329));
#2255 = CARTESIAN_POINT('',(-67.15871371676,-6.911025356426,
    -37.15871375695));
#2256 = CARTESIAN_POINT('',(-72.82741739515,-7.472451030284,
    -42.82741737829));
#2257 = CARTESIAN_POINT('',(-78.84478819802,-8.312660771722,
    -48.84478820307));
#2258 = CARTESIAN_POINT('',(-84.85629464298,-9.148181523717,
    -54.8562946421));
#2259 = CARTESIAN_POINT('',(-90.91878225367,-10.02446237213,
    -60.91878225367));
#2260 = CARTESIAN_POINT('',(-90.91878701498,-10.02446306034,
    -60.91878701498));
#2261 = CARTESIAN_POINT('',(-90.91879202926,-10.02446378511,
    -60.91879202927));
#2262 = CARTESIAN_POINT('',(-90.91879729653,-10.02446454645,
    -60.91879729654));
#2263 = CARTESIAN_POINT('',(-90.91880281679,-10.02446534435,
    -60.91880281679));
#2264 = CARTESIAN_POINT('',(-90.91880859002,-10.02446617883,
    -60.91880859003));
#2265 = CARTESIAN_POINT('',(-90.91881461623,-10.02446704986,
    -60.91881461624));
#2266 = CARTESIAN_POINT('',(-90.91882089543,-10.02446795747,
    -60.91882089544));
#2267 = CARTESIAN_POINT('',(-90.91882742761,-10.02446890164,
    -60.91882742761));
#2268 = CARTESIAN_POINT('',(-90.91883421277,-10.02446988238,
    -60.91883421277));
#2269 = CARTESIAN_POINT('',(-90.91884125091,-10.02447089968,
    -60.91884125091));
#2270 = CARTESIAN_POINT('',(-90.91884854203,-10.02447195355,
    -60.91884854203));
#2271 = CARTESIAN_POINT('',(-90.91885608613,-10.02447304398,
    -60.91885608614));
#2272 = CARTESIAN_POINT('',(-90.91886388321,-10.02447417099,
    -60.91886388322));
#2273 = CARTESIAN_POINT('',(50.603812833036,-1.014191240996,
    80.603812833038));
#2274 = CARTESIAN_POINT('',(50.603804926952,-1.014191249761,
    80.603804926954));
#2275 = CARTESIAN_POINT('',(50.603797285688,-1.014191258233,
    80.60379728569));
#2276 = CARTESIAN_POINT('',(50.603789909244,-1.014191266412,
    80.603789909246));
#2277 = CARTESIAN_POINT('',(50.603782797619,-1.014191274297,
    80.603782797621));
#2278 = CARTESIAN_POINT('',(50.603775950815,-1.014191281888,
    80.603775950817));
#2279 = CARTESIAN_POINT('',(50.603769368829,-1.014191289185,
    80.603769368831));
#2280 = CARTESIAN_POINT('',(50.603763051664,-1.014191296189,
    80.603763051666));
#2281 = CARTESIAN_POINT('',(50.603756999318,-1.0141913029,80.60375699932
    ));
#2282 = CARTESIAN_POINT('',(50.603751211792,-1.014191309316,
    80.603751211794));
#2283 = CARTESIAN_POINT('',(50.603745689085,-1.014191315439,
    80.603745689088));
#2284 = CARTESIAN_POINT('',(50.603740431199,-1.014191321269,
    80.603740431201));
#2285 = CARTESIAN_POINT('',(50.603735438131,-1.014191326805,
    80.603735438134));
#2286 = CARTESIAN_POINT('',(50.603730709884,-1.014191332047,
    80.603730709886));
#2287 = CARTESIAN_POINT('',(46.129491968402,-1.019152005596,
    76.129491967316));
#2288 = CARTESIAN_POINT('',(41.677626412689,-1.006227298477,
    71.677626417584));
#2289 = CARTESIAN_POINT('',(37.248129574645,-0.97541722564,
    67.248129561325));
#2290 = CARTESIAN_POINT('',(32.84100146792,-0.926721760708,
    62.841001494399));
#2291 = CARTESIAN_POINT('',(28.456242061614,-0.860140956628,
    58.456242020732));
#2292 = CARTESIAN_POINT('',(24.093851412619,-0.775674728486,
    54.093851463228));
#2293 = CARTESIAN_POINT('',(19.753829433682,-0.67332318785,
    49.753829382524));
#2294 = CARTESIAN_POINT('',(15.436176237548,-0.553086212889,
    45.436176280486));
#2295 = CARTESIAN_POINT('',(11.140891701064,-0.414963915051,
    41.140891671047));
#2296 = CARTESIAN_POINT('',(6.86797593777,-0.258956208736,
    36.867975954953));
#2297 = CARTESIAN_POINT('',(2.61742885964,-8.506314886151E-02,
    32.61742885209));
#2298 = CARTESIAN_POINT('',(-1.610749476178,0.106715293467,
    28.389250525931));
#2299 = CARTESIAN_POINT('',(-5.816559100631,0.316379106362,
    24.183440899381));
#2300 = CARTESIAN_POINT('',(-15.61201232712,0.849181521784,
    14.387987672042));
#2301 = CARTESIAN_POINT('',(-21.25691864635,1.128133690472,8.74308135972
    ));
#2302 = CARTESIAN_POINT('',(-26.58378414106,1.661381930245,
    3.416215840325));
#2303 = CARTESIAN_POINT('',(-33.36891577524,1.028643450129,
    -3.368915735982));
#2304 = CARTESIAN_POINT('',(-36.12318685907,3.618862616809,
    -6.123186922326));
#2305 = CARTESIAN_POINT('',(-46.0560615812,0.469281210958,-16.0560614999
    ));
#2306 = CARTESIAN_POINT('',(-47.42059681969,4.17069230874,
    -17.42059690452));
#2307 = CARTESIAN_POINT('',(-56.45446841962,1.739927447914,
    -26.45446834743));
#2308 = CARTESIAN_POINT('',(-60.4233453773,3.358983356427,
    -30.42334542689));
#2309 = CARTESIAN_POINT('',(-67.01951156923,2.87733612959,-37.0195115423
    ));
#2310 = CARTESIAN_POINT('',(-72.6806167948,3.143336064028,
    -42.68061680592));
#2311 = CARTESIAN_POINT('',(-78.6436574646,3.167917349235,
    -48.64365746131));
#2312 = CARTESIAN_POINT('',(-84.60161971918,3.196559158829,
    -54.60161971974));
#2313 = CARTESIAN_POINT('',(-90.60373070989,3.189904504926,
    -60.60373070988));
#2314 = CARTESIAN_POINT('',(-90.60373543813,3.189904499684,
    -60.60373543813));
#2315 = CARTESIAN_POINT('',(-90.6037404312,3.189904494148,-60.6037404312
    ));
#2316 = CARTESIAN_POINT('',(-90.60374568909,3.189904488318,
    -60.60374568908));
#2317 = CARTESIAN_POINT('',(-90.6037512118,3.189904482195,
    -60.60375121179));
#2318 = CARTESIAN_POINT('',(-90.60375699932,3.189904475778,
    -60.60375699932));
#2319 = CARTESIAN_POINT('',(-90.60376305167,3.189904469068,
    -60.60376305166));
#2320 = CARTESIAN_POINT('',(-90.60376936883,3.189904462064,
    -60.60376936883));
#2321 = CARTESIAN_POINT('',(-90.60377595082,3.189904454766,
    -60.60377595081));
#2322 = CARTESIAN_POINT('',(-90.60378279762,3.189904447175,
    -60.60378279762));
#2323 = CARTESIAN_POINT('',(-90.60378990925,3.18990443929,
    -60.60378990924));
#2324 = CARTESIAN_POINT('',(-90.60379728569,3.189904431112,
    -60.60379728569));
#2325 = CARTESIAN_POINT('',(-90.60380492696,3.18990442264,
    -60.60380492695));
#2326 = CARTESIAN_POINT('',(-90.60381283304,3.189904413874,
    -60.60381283303));
#2327 = CARTESIAN_POINT('',(50.328199111192,-3.858530185396,
    80.52605560177));
#2328 = CARTESIAN_POINT('',(50.328191211204,-3.858529744732,
    80.526047667229));
#2329 = CARTESIAN_POINT('',(50.32818357791,-3.858529318945,
    80.526040000549));
#2330 = CARTESIAN_POINT('',(50.32817621131,-3.858528908034,
    80.526032601731));
#2331 = CARTESIAN_POINT('',(50.328169111405,-3.858528512,80.526025470773
    ));
#2332 = CARTESIAN_POINT('',(50.328162278195,-3.858528130842,
    80.526018607676));
#2333 = CARTESIAN_POINT('',(50.32815571168,-3.85852776456,
    80.526012012441));
#2334 = CARTESIAN_POINT('',(50.328149411859,-3.858527413154,
    80.526005685067));
#2335 = CARTESIAN_POINT('',(50.328143378733,-3.858527076625,
    80.525999625553));
#2336 = CARTESIAN_POINT('',(50.328137612302,-3.858526754972,
    80.525993833901));
#2337 = CARTESIAN_POINT('',(50.328132112565,-3.858526448195,
    80.52598831011));
#2338 = CARTESIAN_POINT('',(50.328126879523,-3.858526156294,
    80.525983054181));
#2339 = CARTESIAN_POINT('',(50.328121913176,-3.85852587927,
    80.525978066112));
#2340 = CARTESIAN_POINT('',(50.328117213524,-3.858525617122,
    80.525973345904));
#2341 = CARTESIAN_POINT('',(45.884422138421,-3.610655133952,
    76.062842817629));
#2342 = CARTESIAN_POINT('',(41.461782135242,-3.346417059197,
    71.621230929095));
#2343 = CARTESIAN_POINT('',(37.060192741428,-3.065811075603,
    67.201133486093));
#2344 = CARTESIAN_POINT('',(32.679654027353,-2.768837368184,
    62.802549796976));
#2345 = CARTESIAN_POINT('',(28.320165870123,-2.455495563755,
    58.425481283237));
#2346 = CARTESIAN_POINT('',(23.981728430297,-2.125786265678,
    54.069925592409));
#2347 = CARTESIAN_POINT('',(19.664341557797,-1.779708671911,
    49.735885939851));
#2348 = CARTESIAN_POINT('',(15.368005331868,-1.417263671486,
    45.423358640394));
#2349 = CARTESIAN_POINT('',(11.092719777693,-1.038450436778,
    41.132347268043));
#2350 = CARTESIAN_POINT('',(6.838484782094,-0.643269615427,
    36.862848880354));
#2351 = CARTESIAN_POINT('',(2.605300494215,-0.231720784467,
    32.614865524665));
#2352 = CARTESIAN_POINT('',(-1.606833219743,0.196195830327,
    28.388396015085));
#2353 = CARTESIAN_POINT('',(-5.79791626677,0.640480322533,
    24.183440905408));
#2354 = CARTESIAN_POINT('',(-15.56197380555,1.719089676853,
    14.387987666365));
#2355 = CARTESIAN_POINT('',(-21.18695452808,2.312977174839,
    8.744337916449));
#2356 = CARTESIAN_POINT('',(-26.51263546438,3.139584575922,
    3.406579831278));
#2357 = CARTESIAN_POINT('',(-33.21065261241,2.899135454358,
    -3.333738899988));
#2358 = CARTESIAN_POINT('',(-36.11533143356,5.608186311412,
    -6.197174936311));
#2359 = CARTESIAN_POINT('',(-45.77560832622,3.064440433014,
    -15.96499390535));
#2360 = CARTESIAN_POINT('',(-47.37244286927,6.790402163623,
    -17.49178168715));
#2361 = CARTESIAN_POINT('',(-56.18669077657,4.904483419457,
    -26.39493904317));
#2362 = CARTESIAN_POINT('',(-60.23440433805,6.724771294408,
    -30.42658357564));
#2363 = CARTESIAN_POINT('',(-66.75459073724,6.622593734487,
    -36.98515518037));
#2364 = CARTESIAN_POINT('',(-72.39481628694,7.204628075234,
    -42.64438523428));
#2365 = CARTESIAN_POINT('',(-78.31918503096,7.565727247931,
    -48.59401669268));
#2366 = CARTESIAN_POINT('',(-84.23877480398,7.930542479328,
    -54.53876381544));
#2367 = CARTESIAN_POINT('',(-90.19991200586,8.263056279616,
    -60.52597334588));
#2368 = CARTESIAN_POINT('',(-90.19991670551,8.263056541764,
    -60.52597806609));
#2369 = CARTESIAN_POINT('',(-90.19992167186,8.263056818788,
    -60.52598305416));
#2370 = CARTESIAN_POINT('',(-90.1999269049,8.263057110689,
    -60.52598831009));
#2371 = CARTESIAN_POINT('',(-90.19993240464,8.263057417466,
    -60.52599383388));
#2372 = CARTESIAN_POINT('',(-90.19993817107,8.263057739119,
    -60.52599962553));
#2373 = CARTESIAN_POINT('',(-90.19994420419,8.263058075648,
    -60.52600568505));
#2374 = CARTESIAN_POINT('',(-90.19995050402,8.263058427054,
    -60.52601201242));
#2375 = CARTESIAN_POINT('',(-90.19995707053,8.263058793336,
    -60.52601860766));
#2376 = CARTESIAN_POINT('',(-90.19996390374,8.263059174494,
    -60.52602547075));
#2377 = CARTESIAN_POINT('',(-90.19997100365,8.263059570528,
    -60.52603260171));
#2378 = CARTESIAN_POINT('',(-90.19997837024,8.263059981439,
    -60.52604000053));
#2379 = CARTESIAN_POINT('',(-90.19998600354,8.263060407226,
    -60.52604766721));
#2380 = CARTESIAN_POINT('',(-90.19999390353,8.26306084789,
    -60.52605560175));
#2381 = CARTESIAN_POINT('',(49.882176925127,-6.802317104899,
    80.491550356228));
#2382 = CARTESIAN_POINT('',(49.882169068054,-6.802316190355,
    80.491542392226));
#2383 = CARTESIAN_POINT('',(49.882161477856,-6.802315306874,
    80.491534698729));
#2384 = CARTESIAN_POINT('',(49.882154154531,-6.802314454457,
    80.491527275738));
#2385 = CARTESIAN_POINT('',(49.88214709808,-6.802313633103,
    80.491520123253));
#2386 = CARTESIAN_POINT('',(49.882140308502,-6.802312842813,
    80.491513241273));
#2387 = CARTESIAN_POINT('',(49.882133785798,-6.802312083586,
    80.491506629799));
#2388 = CARTESIAN_POINT('',(49.882127529968,-6.802311355423,
    80.491500288831));
#2389 = CARTESIAN_POINT('',(49.882121541011,-6.802310658323,
    80.491494218368));
#2390 = CARTESIAN_POINT('',(49.882115818928,-6.802309992286,
    80.491488418411));
#2391 = CARTESIAN_POINT('',(49.882110363719,-6.802309357313,
    80.491482888959));
#2392 = CARTESIAN_POINT('',(49.882105175383,-6.802308753403,
    80.491477630013));
#2393 = CARTESIAN_POINT('',(49.882100253921,-6.802308180557,
    80.491472641573));
#2394 = CARTESIAN_POINT('',(49.882095599333,-6.802307638774,
    80.491467923638));
#2395 = CARTESIAN_POINT('',(45.483753229945,-6.290351244554,
    76.033266712162));
#2396 = CARTESIAN_POINT('',(41.105122417826,-5.764065889913,
    71.596205176034));
#2397 = CARTESIAN_POINT('',(36.746198875125,-5.22345127848,
    67.180278135186));
#2398 = CARTESIAN_POINT('',(32.406982363062,-4.668506843579,
    62.785487552644));
#2399 = CARTESIAN_POINT('',(28.087473302475,-4.09923372857,
    58.411829394769));
#2400 = CARTESIAN_POINT('',(23.78767113389,-3.515630083412,
    54.059310333521));
#2401 = CARTESIAN_POINT('',(19.507576401677,-2.917698370843,
    49.727921257499));
#2402 = CARTESIAN_POINT('',(15.24718877423,-2.305435855317,
    45.417672597476));
#2403 = CARTESIAN_POINT('',(11.006508253777,-1.67884509031,
    41.128554250064));
#2404 = CARTESIAN_POINT('',(6.785535126424,-1.037924071241,36.8605745233
    ));
#2405 = CARTESIAN_POINT('',(2.58426897461,-0.382674112014,
    32.613727642651));
#2406 = CARTESIAN_POINT('',(-1.597289813206,0.2869054916,28.388016949586
    ));
#2407 = CARTESIAN_POINT('',(-5.759141512281,0.970814446131,
    24.183440885447));
#2408 = CARTESIAN_POINT('',(-15.45789983531,2.605727339628,
    14.387987684851));
#2409 = CARTESIAN_POINT('',(-21.04349402056,3.521329977329,
    8.744895451928));
#2410 = CARTESIAN_POINT('',(-26.34888851182,4.640669631906,
    3.402303959419));
#2411 = CARTESIAN_POINT('',(-32.93904020871,4.825843267588,
    -3.31812926863));
#2412 = CARTESIAN_POINT('',(-35.9779369753,7.593188655838,
    -6.230007113924));
#2413 = CARTESIAN_POINT('',(-45.34130161104,5.761915873081,
    -15.92458269956));
#2414 = CARTESIAN_POINT('',(-47.15581783136,9.419526817896,
    -17.52336969722));
#2415 = CARTESIAN_POINT('',(-55.72714700446,8.164156352334,-26.368523147
    ));
#2416 = CARTESIAN_POINT('',(-59.83612999493,10.153423950749,
    -30.42802002987));
#2417 = CARTESIAN_POINT('',(-66.25980073336,10.459649200379,
    -36.96990958036));
#2418 = CARTESIAN_POINT('',(-71.85966525406,11.364874442885,
    -42.6283070586));
#2419 = CARTESIAN_POINT('',(-77.72554100671,12.076680012505,
    -48.57198827226));
#2420 = CARTESIAN_POINT('',(-83.58694208292,12.7917386486,
    -54.51087101912));
#2421 = CARTESIAN_POINT('',(-89.48723947645,13.478518981332,
    -60.49146792369));
#2422 = CARTESIAN_POINT('',(-89.48724413104,13.478519523115,
    -60.49147264163));
#2423 = CARTESIAN_POINT('',(-89.4872490525,13.478520095961,
    -60.49147763007));
#2424 = CARTESIAN_POINT('',(-89.48725424084,13.478520699871,
    -60.49148288901));
#2425 = CARTESIAN_POINT('',(-89.48725969605,13.478521334844,
    -60.49148841846));
#2426 = CARTESIAN_POINT('',(-89.48726541813,13.478522000881,
    -60.49149421842));
#2427 = CARTESIAN_POINT('',(-89.48727140709,13.478522697981,
    -60.49150028888));
#2428 = CARTESIAN_POINT('',(-89.48727766292,13.478523426144,
    -60.49150662985));
#2429 = CARTESIAN_POINT('',(-89.48728418562,13.478524185371,
    -60.49151324133));
#2430 = CARTESIAN_POINT('',(-89.4872909752,13.478524975662,
    -60.49152012331));
#2431 = CARTESIAN_POINT('',(-89.48729803165,13.478525797015,
    -60.49152727579));
#2432 = CARTESIAN_POINT('',(-89.48730535498,13.478526649433,
    -60.49153469878));
#2433 = CARTESIAN_POINT('',(-89.48731294518,13.478527532913,
    -60.49154239228));
#2434 = CARTESIAN_POINT('',(-89.48732080225,13.478528447458,
    -60.49155035628));
#2435 = CARTESIAN_POINT('',(49.255001230024,-9.833193320059,
    80.504049760003));
#2436 = CARTESIAN_POINT('',(49.254993457301,-9.833191910816,
    80.504041767404));
#2437 = CARTESIAN_POINT('',(49.254985949647,-9.833190549632,
    80.504034047373));
#2438 = CARTESIAN_POINT('',(49.254978707064,-9.833189236507,
    80.50402659991));
#2439 = CARTESIAN_POINT('',(49.254971729551,-9.833187971441,
    80.504019425016));
#2440 = CARTESIAN_POINT('',(49.254965017108,-9.833186754433,
    80.50401252269));
#2441 = CARTESIAN_POINT('',(49.254958569735,-9.833185585485,
    80.504005892932));
#2442 = CARTESIAN_POINT('',(49.254952387432,-9.833184464595,
    80.503999535743));
#2443 = CARTESIAN_POINT('',(49.254946470199,-9.833183391764,
    80.503993451123));
#2444 = CARTESIAN_POINT('',(49.254940818036,-9.833182366992,
    80.50398763907));
#2445 = CARTESIAN_POINT('',(49.254935430943,-9.833181390279,
    80.503982099587));
#2446 = CARTESIAN_POINT('',(49.254930308921,-9.833180461625,
    80.503976832671));
#2447 = CARTESIAN_POINT('',(49.254925451968,-9.833179581029,
    80.503971838324));
#2448 = CARTESIAN_POINT('',(49.254920860085,-9.833178748492,
    80.503967116545));
#2449 = CARTESIAN_POINT('',(44.917628227502,-9.046800810179,
    76.043980375858));
#2450 = CARTESIAN_POINT('',(40.598685641054,-8.248681840198,
    71.605270195259));
#2451 = CARTESIAN_POINT('',(36.29808858891,-7.438820596934,
    67.187833503338));
#2452 = CARTESIAN_POINT('',(32.015837503944,-6.617218288529,
    62.7916666122));
#2453 = CARTESIAN_POINT('',(27.751931649238,-5.783872478291,
    58.416777088773));
#2454 = CARTESIAN_POINT('',(23.506371945543,-4.938787107938,
    54.063152441123));
#2455 = CARTESIAN_POINT('',(19.279157613176,-4.081956930293,
    49.730809688152));
#2456 = CARTESIAN_POINT('',(15.070288914123,-3.213387776023,
    45.419729395117));
#2457 = CARTESIAN_POINT('',(10.879766279657,-2.333074197953,
    41.129930346383));
#2458 = CARTESIAN_POINT('',(6.707588740919,-1.441020478251,
    36.861397116354));
#2459 = CARTESIAN_POINT('',(2.553757435679,-0.537223804318,
    32.614140422732));
#2460 = CARTESIAN_POINT('',(-1.581728606023,0.378314311473,
    28.388154060917));
#2461 = CARTESIAN_POINT('',(-5.698868731405,1.305594503083,
    24.183440927507));
#2462 = CARTESIAN_POINT('',(-15.29612406763,3.504298191831,
    14.387987646057));
#2463 = CARTESIAN_POINT('',(-20.82156234448,4.746712806383,8.74469359862
    ));
#2464 = CARTESIAN_POINT('',(-26.0861616468,6.156075609339,3.403852573779
    ));
#2465 = CARTESIAN_POINT('',(-32.54675134385,6.799955959141,
    -3.323783144256));
#2466 = CARTESIAN_POINT('',(-35.70144526105,9.559740834657,
    -6.218114877429));
#2467 = CARTESIAN_POINT('',(-44.74364713743,8.551288618799,
    -15.93922011132));
#2468 = CARTESIAN_POINT('',(-46.75855481465,12.040582447518,
    -17.51192844915));
#2469 = CARTESIAN_POINT('',(-55.06343969739,11.504039999319,
    -26.37809099906));
#2470 = CARTESIAN_POINT('',(-59.2142922473,13.626247183124,
    -30.42750041704));
#2471 = CARTESIAN_POINT('',(-65.51990083563,14.36932009121,
    -36.97543169256));
#2472 = CARTESIAN_POINT('',(-71.05862736727,15.603232057326,
    -42.63413139571));
#2473 = CARTESIAN_POINT('',(-76.84498251214,16.678649612161,
    -48.57996774435));
#2474 = CARTESIAN_POINT('',(-82.62717383742,17.756733232136,
    -54.52097487893));
#2475 = CARTESIAN_POINT('',(-88.44557402433,18.811645093885,
    -60.5039671164));
#2476 = CARTESIAN_POINT('',(-88.44557861621,18.811645926421,
    -60.50397183818));
#2477 = CARTESIAN_POINT('',(-88.44558347316,18.811646807017,
    -60.50397683253));
#2478 = CARTESIAN_POINT('',(-88.44558859518,18.811647735671,
    -60.50398209944));
#2479 = CARTESIAN_POINT('',(-88.44559398228,18.811648712384,
    -60.50398763893));
#2480 = CARTESIAN_POINT('',(-88.44559963444,18.811649737156,
    -60.50399345098));
#2481 = CARTESIAN_POINT('',(-88.44560555167,18.811650809987,
    -60.5039995356));
#2482 = CARTESIAN_POINT('',(-88.44561173398,18.811651930877,
    -60.50400589279));
#2483 = CARTESIAN_POINT('',(-88.44561818135,18.811653099825,
    -60.50401252255));
#2484 = CARTESIAN_POINT('',(-88.44562489379,18.811654316833,
    -60.50401942487));
#2485 = CARTESIAN_POINT('',(-88.4456318713,18.811655581899,
    -60.50402659977));
#2486 = CARTESIAN_POINT('',(-88.44563911389,18.811656895024,
    -60.50403404723));
#2487 = CARTESIAN_POINT('',(-88.44564662154,18.811658256208,
    -60.50404176726));
#2488 = CARTESIAN_POINT('',(-88.44565439426,18.81165966545,
    -60.50404975986));
#2489 = CARTESIAN_POINT('',(48.437644010802,-12.93578827046,
    80.566981304032));
#2490 = CARTESIAN_POINT('',(48.437636367931,-12.93578635082,
    80.566973285881));
#2491 = CARTESIAN_POINT('',(48.437628986087,-12.93578449674,
    80.566965541574));
#2492 = CARTESIAN_POINT('',(48.437621865271,-12.93578270822,
    80.566958071111));
#2493 = CARTESIAN_POINT('',(48.437615005481,-12.93578098527,
    80.566950874492));
#2494 = CARTESIAN_POINT('',(48.437608406718,-12.93577932787,
    80.566943951718));
#2495 = CARTESIAN_POINT('',(48.437602068982,-12.93577773604,
    80.566937302787));
#2496 = CARTESIAN_POINT('',(48.437595992274,-12.93577620976,
    80.5669309277));
#2497 = CARTESIAN_POINT('',(48.437590176592,-12.93577474905,
    80.566924826457));
#2498 = CARTESIAN_POINT('',(48.437584621938,-12.9357733539,
    80.566918999058));
#2499 = CARTESIAN_POINT('',(48.437579328311,-12.93577202432,
    80.566913445504));
#2500 = CARTESIAN_POINT('',(48.43757429571,-12.93577076029,
    80.566908165793));
#2501 = CARTESIAN_POINT('',(48.437569524137,-12.93576956183,
    80.566903159926));
#2502 = CARTESIAN_POINT('',(48.437565013591,-12.93576842892,
    80.566898427903));
#2503 = CARTESIAN_POINT('',(44.177753056391,-11.86584170698,
    76.097921380225));
#2504 = CARTESIAN_POINT('',(39.934919843972,-10.78733294717,
    71.650913193177));
#2505 = CARTESIAN_POINT('',(35.709061357038,-9.700241832922,
    67.225867477354));
#2506 = CARTESIAN_POINT('',(31.50017708198,-8.60456638101,
    62.822789393211));
#2507 = CARTESIAN_POINT('',(27.308267823388,-7.50031058889,
    58.441668376679));
#2508 = CARTESIAN_POINT('',(23.133332740209,-6.387467994063,
    54.082521815691));
#2509 = CARTESIAN_POINT('',(18.975372198163,-5.266047195408,
    49.745326104348));
#2510 = CARTESIAN_POINT('',(14.834386807127,-4.136038639437,
    45.430108102711));
#2511 = CARTESIAN_POINT('',(10.710374866268,-2.997451253513,
    41.136841925699));
#2512 = CARTESIAN_POINT('',(6.60333876293,-1.850278013918,
    36.865548796158));
#2513 = CARTESIAN_POINT('',(2.513276093207,-0.694523541351,
    32.616213968115));
#2514 = CARTESIAN_POINT('',(-1.559811251208,0.469814656131,
    28.388845989742));
#2515 = CARTESIAN_POINT('',(-5.615924477443,1.642735527684,
    24.183440862109));
#2516 = CARTESIAN_POINT('',(-15.0734961037,4.409205992556,
    14.387987706538));
#2517 = CARTESIAN_POINT('',(-20.5168916604,5.981551232747,8.743676443555
    ));
#2518 = CARTESIAN_POINT('',(-25.71893844254,7.67592898211,3.411651748075
    ));
#2519 = CARTESIAN_POINT('',(-32.02760082404,8.810767757809,
    -3.352253709615));
#2520 = CARTESIAN_POINT('',(-35.27742199901,11.492255200111,
    -6.158232764692));
#2521 = CARTESIAN_POINT('',(-43.97476375264,11.419298415945,
    -16.01292562833));
#2522 = CARTESIAN_POINT('',(-46.16997496417,14.63402991514,
    -17.4543145846));
#2523 = CARTESIAN_POINT('',(-54.18510780383,14.906023183705,
    -26.42627148639));
#2524 = CARTESIAN_POINT('',(-58.35663285302,17.121462837064,
    -30.42487848412));
#2525 = CARTESIAN_POINT('',(-64.5219007958,18.328808527892,
    -37.00323801256));
#2526 = CARTESIAN_POINT('',(-69.97758438585,19.894937314687,
    -42.66345433548));
#2527 = CARTESIAN_POINT('',(-75.66239784761,21.345213768751,
    -48.62014358636));
#2528 = CARTESIAN_POINT('',(-81.34335546608,22.797438411793,
    -54.57184597885));
#2529 = CARTESIAN_POINT('',(-87.05781686485,24.232725961547,
    -60.56689842816));
#2530 = CARTESIAN_POINT('',(-87.0578213754,24.23272709445,
    -60.56690316018));
#2531 = CARTESIAN_POINT('',(-87.05782614697,24.232728292915,
    -60.56690816605));
#2532 = CARTESIAN_POINT('',(-87.05783117957,24.232729556941,
    -60.56691344576));
#2533 = CARTESIAN_POINT('',(-87.0578364732,24.232730886529,
    -60.56691899932));
#2534 = CARTESIAN_POINT('',(-87.05784202786,24.232732281678,
    -60.56692482671));
#2535 = CARTESIAN_POINT('',(-87.05784784354,24.232733742389,
    -60.56693092796));
#2536 = CARTESIAN_POINT('',(-87.05785392025,24.232735268661,
    -60.56693730304));
#2537 = CARTESIAN_POINT('',(-87.05786025798,24.232736860495,
    -60.56694395197));
#2538 = CARTESIAN_POINT('',(-87.05786685675,24.23273851789,
    -60.56695087475));
#2539 = CARTESIAN_POINT('',(-87.05787371654,24.232740240847,
    -60.56695807137));
#2540 = CARTESIAN_POINT('',(-87.05788083735,24.232742029366,
    -60.56696554183));
#2541 = CARTESIAN_POINT('',(-87.0578882192,24.232743883446,
    -60.56697328614));
#2542 = CARTESIAN_POINT('',(-87.05789586207,24.232745803087,
    -60.56698130429));
#2543 = CARTESIAN_POINT('',(47.423414294421,-16.09170999466,
    80.683270537705));
#2544 = CARTESIAN_POINT('',(47.423406830003,-16.09170755556,
    80.683262499454));
#2545 = CARTESIAN_POINT('',(47.423399620132,-16.09170519963,
    80.683254735319));
#2546 = CARTESIAN_POINT('',(47.423392664808,-16.09170292688,
    80.6832472453));
#2547 = CARTESIAN_POINT('',(47.42338596403,-16.0917007373,
    80.683240029395));
#2548 = CARTESIAN_POINT('',(47.423379517799,-16.09169863091,
    80.683233087606));
#2549 = CARTESIAN_POINT('',(47.423373326115,-16.09169660769,
    80.683226419932));
#2550 = CARTESIAN_POINT('',(47.423367388978,-16.09169466764,
    80.683220026374));
#2551 = CARTESIAN_POINT('',(47.423361706388,-16.09169281077,
    80.683213906931));
#2552 = CARTESIAN_POINT('',(47.423356278345,-16.09169103708,
    80.683208061603));
#2553 = CARTESIAN_POINT('',(47.423351104848,-16.09168934657,
    80.68320249039));
#2554 = CARTESIAN_POINT('',(47.423346185899,-16.09168773923,
    80.683197193293));
#2555 = CARTESIAN_POINT('',(47.423341521496,-16.09168621507,
    80.683192170311));
#2556 = CARTESIAN_POINT('',(47.42333711164,-16.09168477409,
    80.683187421445));
#2557 = CARTESIAN_POINT('',(43.257963397831,-14.73058943701,
    76.197597782563));
#2558 = CARTESIAN_POINT('',(39.108197336598,-13.36465804833,
    71.73525402287));
#2559 = CARTESIAN_POINT('',(34.974034577819,-11.9938882633,
    67.296153757126));
#2560 = CARTESIAN_POINT('',(30.855475510957,-10.61828268777,
    62.88029141554));
#2561 = CARTESIAN_POINT('',(26.752519657465,-9.23783607252,
    58.487678362994));
#2562 = CARTESIAN_POINT('',(22.665167181201,-7.852556898369,
    54.118295971742));
#2563 = CARTESIAN_POINT('',(18.593418859547,-6.46243388667,
    49.772169406708));
#2564 = CARTESIAN_POINT('',(14.537272492506,-5.067479564899,
    45.449270175548));
#2565 = CARTESIAN_POINT('',(10.49673161648,-3.6676822252,41.149625628936
    ));
#2566 = CARTESIAN_POINT('',(6.47179207941,-2.263051084972,
    36.873213384211));
#2567 = CARTESIAN_POINT('',(2.462457701208,-0.853580071535,
    32.620049002123));
#2568 = CARTESIAN_POINT('',(-1.531274359217,0.560727530864,
    28.390123439055));
#2569 = CARTESIAN_POINT('',(-5.50940236266,1.979873115383,
    24.183440941077));
#2570 = CARTESIAN_POINT('',(-14.78758451383,5.314104613913,
    14.387987632881));
#2571 = CARTESIAN_POINT('',(-20.12618627745,7.217238899743,8.74179749404
    ));
#2572 = CARTESIAN_POINT('',(-25.24294036884,9.189155784665,
    3.426062054928));
#2573 = CARTESIAN_POINT('',(-31.37690779867,10.845695128196,
    -3.404860591853));
#2574 = CARTESIAN_POINT('',(-34.69914113965,13.373982655213,
    -6.047583109025));
#2575 = CARTESIAN_POINT('',(-43.02882668119,14.34976511263,
    -16.14911785289));
#2576 = CARTESIAN_POINT('',(-45.38164884258,17.178608874475,
    -17.34785794021));
#2577 = CARTESIAN_POINT('',(-53.08422674539,18.348816453452,
    -26.51529733544));
#2578 = CARTESIAN_POINT('',(-57.25371969694,20.614424314636,
    -30.42003742442));
#2579 = CARTESIAN_POINT('',(-63.25586966856,22.311830425411,
    -37.05461821446));
#2580 = CARTESIAN_POINT('',(-68.60577729614,24.211462354935,
    -42.71764044489));
#2581 = CARTESIAN_POINT('',(-74.16629437387,26.045794278426,
    -48.69438302002));
#2582 = CARTESIAN_POINT('',(-79.72327184229,27.881224923831,
    -54.66584932501));
#2583 = CARTESIAN_POINT('',(-85.31104581798,29.707109834686,
    -60.68318742105));
#2584 = CARTESIAN_POINT('',(-85.31105022783,29.70711127567,
    -60.68319216991));
#2585 = CARTESIAN_POINT('',(-85.31105489224,29.70711279983,
    -60.6831971929));
#2586 = CARTESIAN_POINT('',(-85.31105981119,29.707114407167,
    -60.68320248999));
#2587 = CARTESIAN_POINT('',(-85.31106498468,29.707116097681,
    -60.68320806121));
#2588 = CARTESIAN_POINT('',(-85.31107041273,29.707117871371,
    -60.68321390653));
#2589 = CARTESIAN_POINT('',(-85.31107609532,29.707119728239,
    -60.68322002598));
#2590 = CARTESIAN_POINT('',(-85.31108203245,29.707121668283,
    -60.68322641954));
#2591 = CARTESIAN_POINT('',(-85.31108822414,29.707123691504,
    -60.68323308721));
#2592 = CARTESIAN_POINT('',(-85.31109467037,29.707125797902,
    -60.683240029));
#2593 = CARTESIAN_POINT('',(-85.31110137114,29.707127987477,
    -60.6832472449));
#2594 = CARTESIAN_POINT('',(-85.31110832647,29.707130260228,
    -60.68325473492));
#2595 = CARTESIAN_POINT('',(-85.31111553634,29.707132616156,
    -60.68326249906));
#2596 = CARTESIAN_POINT('',(-85.31112300076,29.707135055262,
    -60.68327053731));
#2597 = CARTESIAN_POINT('',(46.208600534696,-19.27972383951,
    80.855147566443));
#2598 = CARTESIAN_POINT('',(46.208593298993,-19.2797208799,
    80.855139516031));
#2599 = CARTESIAN_POINT('',(46.208586308813,-19.27971802072,
    80.855131738786));
#2600 = CARTESIAN_POINT('',(46.208579564154,-19.27971526197,
    80.855124234707));
#2601 = CARTESIAN_POINT('',(46.208573065017,-19.27971260364,
    80.855117003795));
#2602 = CARTESIAN_POINT('',(46.208566811402,-19.27971004573,
    80.85511004605));
#2603 = CARTESIAN_POINT('',(46.208560803309,-19.27970758825,
    80.855103361471));
#2604 = CARTESIAN_POINT('',(46.208555040738,-19.2797052312,
    80.855096950059));
#2605 = CARTESIAN_POINT('',(46.208549523689,-19.27970297457,
    80.855090811813));
#2606 = CARTESIAN_POINT('',(46.208544252162,-19.27970081837,
    80.855084946734));
#2607 = CARTESIAN_POINT('',(46.208539226156,-19.27969876259,
    80.855079354822));
#2608 = CARTESIAN_POINT('',(46.208534445673,-19.27969680724,
    80.855074036076));
#2609 = CARTESIAN_POINT('',(46.208529910711,-19.27969495231,
    80.855068990497));
#2610 = CARTESIAN_POINT('',(46.208525621271,-19.27969319781,
    80.855064218085));
#2611 = CARTESIAN_POINT('',(42.154812850495,-17.62161051588,
    76.344920599123));
#2612 = CARTESIAN_POINT('',(38.115347032242,-15.96302870829,
    71.859912501773));
#2613 = CARTESIAN_POINT('',(34.090124211867,-14.30394717093,
    67.400033666523));
#2614 = CARTESIAN_POINT('',(30.07914428544,-12.64436313279,
    62.965288769485));
#2615 = CARTESIAN_POINT('',(26.082407138707,-10.98428217258,
    58.555668312964));
#2616 = CARTESIAN_POINT('',(22.099913598885,-9.323695282528,
    54.171187771955));
#2617 = CARTESIAN_POINT('',(18.131661521152,-7.662614436186,
    49.811826387533));
#2618 = CARTESIAN_POINT('',(14.177654683216,-6.001026337731,
    45.477607496134));
#2619 = CARTESIAN_POINT('',(10.237888016579,-4.338943414172,
    41.168508821476));
#2620 = CARTESIAN_POINT('',(6.312366928246,-2.676355876252,
    36.884548548795));
#2621 = CARTESIAN_POINT('',(2.401086732465,-1.01327018185,
    32.625714018965));
#2622 = CARTESIAN_POINT('',(-1.495949229422,0.650317170596,
    28.392012621352));
#2623 = CARTESIAN_POINT('',(-5.378742935503,2.314404687673,
    24.183440865727));
#2624 = CARTESIAN_POINT('',(-14.43688576454,6.212008485085,
    14.387987704291));
#2625 = CARTESIAN_POINT('',(-19.64742386219,8.444288228782,
    8.739019770412));
#2626 = CARTESIAN_POINT('',(-24.65545052324,10.683684131836,
    3.447362227543));
#2627 = CARTESIAN_POINT('',(-30.59201546203,12.890450141975,
    -3.482617305616));
#2628 = CARTESIAN_POINT('',(-33.96197311394,15.187411280942,
    -5.884036695953));
#2629 = CARTESIAN_POINT('',(-41.90282546729,17.323742141253,
    -16.35041773702));
#2630 = CARTESIAN_POINT('',(-44.38788195476,19.651800118064,
    -17.19050751092));
#2631 = CARTESIAN_POINT('',(-51.75631041954,21.808248048849,
    -26.64688388079));
#2632 = CARTESIAN_POINT('',(-55.8996457719,24.078029800647,
    -30.41287872341));
#2633 = CARTESIAN_POINT('',(-61.71589359664,26.289024529967,
    -37.1305609357));
#2634 = CARTESIAN_POINT('',(-66.93673955078,28.520940948351,
    -42.79772734899));
#2635 = CARTESIAN_POINT('',(-72.34984623595,30.746101965793,
    -48.80411028581));
#2636 = CARTESIAN_POINT('',(-77.7597162566,32.971376259077,
    -54.80478755032));
#2637 = CARTESIAN_POINT('',(-83.19769932935,35.195664486926,
    -60.85506421856));
#2638 = CARTESIAN_POINT('',(-83.19770361879,35.195666241428,
    -60.85506899097));
#2639 = CARTESIAN_POINT('',(-83.19770815375,35.195668096355,
    -60.85507403655));
#2640 = CARTESIAN_POINT('',(-83.19771293423,35.195670051707,
    -60.85507935529));
#2641 = CARTESIAN_POINT('',(-83.19771796024,35.195672107485,
    -60.85508494721));
#2642 = CARTESIAN_POINT('',(-83.19772323177,35.195674263688,
    -60.85509081229));
#2643 = CARTESIAN_POINT('',(-83.19772874882,35.195676520317,
    -60.85509695053));
#2644 = CARTESIAN_POINT('',(-83.19773451139,35.195678877371,
    -60.85510336194));
#2645 = CARTESIAN_POINT('',(-83.19774051948,35.19568133485,
    -60.85511004652));
#2646 = CARTESIAN_POINT('',(-83.19774677309,35.195683892755,
    -60.85511700427));
#2647 = CARTESIAN_POINT('',(-83.19775327223,35.195686551085,
    -60.85512423518));
#2648 = CARTESIAN_POINT('',(-83.19776001689,35.19568930984,
    -60.85513173926));
#2649 = CARTESIAN_POINT('',(-83.19776700707,35.195692169021,
    -60.8551395165));
#2650 = CARTESIAN_POINT('',(-83.19777424277,35.195695128627,
    -60.85514756691));
#2651 = CARTESIAN_POINT('',(44.793046364465,-22.4761873443,
    81.083958469579));
#2652 = CARTESIAN_POINT('',(44.793039407551,-22.47618387225,
    81.083950417325));
#2653 = CARTESIAN_POINT('',(44.793032684601,-22.47618051696,
    81.083942635871));
#2654 = CARTESIAN_POINT('',(44.793026195614,-22.47617727844,
    81.083935125217));
#2655 = CARTESIAN_POINT('',(44.79301994059,-22.47617415669,
    81.083927885363));
#2656 = CARTESIAN_POINT('',(44.79301391953,-22.4761711517,
    81.083920916309));
#2657 = CARTESIAN_POINT('',(44.793008132433,-22.47616826348,
    81.083914218055));
#2658 = CARTESIAN_POINT('',(44.793002579299,-22.47616549202,
    81.083907790601));
#2659 = CARTESIAN_POINT('',(44.792997260129,-22.47616283733,
    81.083901633947));
#2660 = CARTESIAN_POINT('',(44.792992174922,-22.47616029941,
    81.083895748093));
#2661 = CARTESIAN_POINT('',(44.792987323678,-22.47615787826,
    81.083890133039));
#2662 = CARTESIAN_POINT('',(44.792982706398,-22.47615557387,
    81.083884788785));
#2663 = CARTESIAN_POINT('',(44.792978323081,-22.47615338624,
    81.083879715331));
#2664 = CARTESIAN_POINT('',(44.792974173727,-22.47615131538,
    81.083874912677));
#2665 = CARTESIAN_POINT('',(40.868100277619,-20.51732709078,
    76.541044122394));
#2666 = CARTESIAN_POINT('',(36.956134597519,-18.56292785727,
    72.025862640869));
#2667 = CARTESIAN_POINT('',(33.057073237033,-16.61295075908,
    67.538327063344));
#2668 = CARTESIAN_POINT('',(29.170916035308,-14.66739817477,
    63.078434411931));
#2669 = CARTESIAN_POINT('',(25.297663588468,-12.72626531852,
    58.646190690817));
#2670 = CARTESIAN_POINT('',(21.437314395015,-10.78955991321,
    54.24158621094));
#2671 = CARTESIAN_POINT('',(17.589871322436,-8.857271698446,
    49.864633819746));
#2672 = CARTESIAN_POINT('',(13.755330029275,-6.929412064195,
    45.515319246095));
#2673 = CARTESIAN_POINT('',(9.933695841203,-5.005970364766,
    41.193655985271));
#2674 = CARTESIAN_POINT('',(6.124963400799,-3.086954989784,
    36.899633063246));
#2675 = CARTESIAN_POINT('',(2.329137161866,-1.172360398861,
    32.633258141042));
#2676 = CARTESIAN_POINT('',(-1.453785952125,0.737810397446,
    28.39452670945));
#2677 = CARTESIAN_POINT('',(-5.22380416797,2.643558689111,
    24.183440922327));
#2678 = CARTESIAN_POINT('',(-14.02102087349,7.09547864015,
    14.387987649103));
#2679 = CARTESIAN_POINT('',(-19.08009878176,9.65257702019,8.735322445179
    ));
#2680 = CARTESIAN_POINT('',(-23.95570530519,12.146791560416,
    3.475716750356));
#2681 = CARTESIAN_POINT('',(-29.6725630052,14.929339114895,
    -3.58612828742));
#2682 = CARTESIAN_POINT('',(-33.06407276097,16.914891075859,
    -5.666319663254));
#2683 = CARTESIAN_POINT('',(-40.59682370227,20.319821826489,
    -16.61839310991));
#2684 = CARTESIAN_POINT('',(-43.18661553769,22.030590486139,
    -16.98103979088));
#2685 = CARTESIAN_POINT('',(-50.20073817585,25.257766643341,
    -26.822054323));
#2686 = CARTESIAN_POINT('',(-54.29294558591,27.483475497081,
    -30.40335137286));
#2687 = CARTESIAN_POINT('',(-59.9007876979,30.228659915384,
    -37.23165806415));
#2688 = CARTESIAN_POINT('',(-64.96921623027,32.788961809201,
    -42.90434357291));
#2689 = CARTESIAN_POINT('',(-70.21182146703,35.408962913577,
    -48.95018429944));
#2690 = CARTESIAN_POINT('',(-75.45149967119,38.027960136315,
    -54.98974887225));
#2691 = CARTESIAN_POINT('',(-80.71664747303,40.655687637051,
    -61.0838749122));
#2692 = CARTESIAN_POINT('',(-80.71665162238,40.655689707909,
    -61.08387971485));
#2693 = CARTESIAN_POINT('',(-80.7166560057,40.655691895532,
    -61.0838847883));
#2694 = CARTESIAN_POINT('',(-80.71666062298,40.655694199923,
    -61.08389013256));
#2695 = CARTESIAN_POINT('',(-80.71666547423,40.655696621079,
    -61.08389574761));
#2696 = CARTESIAN_POINT('',(-80.71667055943,40.655699159002,
    -61.08390163347));
#2697 = CARTESIAN_POINT('',(-80.7166758786,40.655701813691,
    -61.08390779012));
#2698 = CARTESIAN_POINT('',(-80.71668143174,40.655704585146,
    -61.08391421757));
#2699 = CARTESIAN_POINT('',(-80.71668721883,40.655707473367,
    -61.08392091583));
#2700 = CARTESIAN_POINT('',(-80.71669323989,40.655710478355,
    -61.08392788488));
#2701 = CARTESIAN_POINT('',(-80.71669949492,40.65571360011,
    -61.08393512474));
#2702 = CARTESIAN_POINT('',(-80.7167059839,40.65571683863,
    -61.08394263539));
#2703 = CARTESIAN_POINT('',(-80.71671270685,40.655720193917,
    -61.08395041685));
#2704 = CARTESIAN_POINT('',(-80.71671966377,40.65572366597,
    -61.0839584691));
#2705 = CARTESIAN_POINT('',(43.180547375385,-25.6557665846,
    81.370012434888));
#2706 = CARTESIAN_POINT('',(43.180540745015,-25.65576261778,
    81.370004393174));
#2707 = CARTESIAN_POINT('',(43.180534334664,-25.65575878259,
    81.369996618312));
#2708 = CARTESIAN_POINT('',(43.180528144334,-25.65575507904,
    81.369989110305));
#2709 = CARTESIAN_POINT('',(43.180522174023,-25.65575150712,
    81.36998186915));
#2710 = CARTESIAN_POINT('',(43.180516423732,-25.65574806683,
    81.369974894849));
#2711 = CARTESIAN_POINT('',(43.180510893461,-25.65574475818,
    81.369968187401));
#2712 = CARTESIAN_POINT('',(43.18050558321,-25.65574158116,
    81.369961746807));
#2713 = CARTESIAN_POINT('',(43.180500492979,-25.65573853577,
    81.369955573066));
#2714 = CARTESIAN_POINT('',(43.180495622768,-25.65573562202,
    81.369949666179));
#2715 = CARTESIAN_POINT('',(43.180490972576,-25.6557328399,
    81.369944026145));
#2716 = CARTESIAN_POINT('',(43.180486542404,-25.65573018942,
    81.369938652964));
#2717 = CARTESIAN_POINT('',(43.180482332253,-25.65572767056,
    81.369933546637));
#2718 = CARTESIAN_POINT('',(43.180478342121,-25.65572528335,
    81.369928707163));
#2719 = CARTESIAN_POINT('',(39.401234643057,-23.39467762209,
    76.786232997452));
#2720 = CARTESIAN_POINT('',(35.633593822665,-21.14354716254,
    72.23333045623));
#2721 = CARTESIAN_POINT('',(31.877552037145,-18.90233226454,
    67.711215992185));
#2722 = CARTESIAN_POINT('',(28.133109554431,-16.67103130563,
    63.219890962013));
#2723 = CARTESIAN_POINT('',(24.4002656544,-14.44964754793,
    58.759352667822));
#2724 = CARTESIAN_POINT('',(20.679021855919,-12.23817573145,
    54.329605382912));
#2725 = CARTESIAN_POINT('',(16.969375567601,-10.03662283938,
    49.930643570918));
#2726 = CARTESIAN_POINT('',(13.27133042233,-7.844981124307,
    45.562473231271));
#2727 = CARTESIAN_POINT('',(9.584882201715,-5.663257824707,
    41.225088803371));
#2728 = CARTESIAN_POINT('',(5.910034980289,-3.491447236447,
    36.918494772326));
#2729 = CARTESIAN_POINT('',(2.246785475328,-1.329553128011,
    32.642687984817));
#2730 = CARTESIAN_POINT('',(-1.404864102924,0.822426550973,
    28.397670332829));
#2731 = CARTESIAN_POINT('',(-5.04491499974,2.96449091903,24.183440889693
    ));
#2732 = CARTESIAN_POINT('',(-13.54087061461,7.956881034148,
    14.387987682601));
#2733 = CARTESIAN_POINT('',(-18.42543202847,10.831702361093,
    8.730699776048));
#2734 = CARTESIAN_POINT('',(-23.14507415997,13.565549710786,
    3.511165821439));
#2735 = CARTESIAN_POINT('',(-28.62089231584,16.94578393985,
    -3.715537050293));
#2736 = CARTESIAN_POINT('',(-32.0065339262,18.539311024795,
    -5.394132266197));
#2737 = CARTESIAN_POINT('',(-39.11459150935,23.314804048604,
    -16.95341285485));
#2738 = CARTESIAN_POINT('',(-41.77959357286,24.292320997078,
    -16.71916504636));
#2739 = CARTESIAN_POINT('',(-48.42148272376,28.669324895734,
    -27.04105074796));
#2740 = CARTESIAN_POINT('',(-52.43694489415,30.801234122857,
    -30.39143894905));
#2741 = CARTESIAN_POINT('',(-57.81477893903,34.097708170952,
    -37.35804815975));
#2742 = CARTESIAN_POINT('',(-62.70773645001,36.979709480867,
    -43.03763233924));
#2743 = CARTESIAN_POINT('',(-67.75726439572,39.995546003367,
    -49.13280273694));
#2744 = CARTESIAN_POINT('',(-72.80415721545,43.009131380441,
    -55.22098318222));
#2745 = CARTESIAN_POINT('',(-77.87394489487,46.042286279193,
    -61.36992870755));
#2746 = CARTESIAN_POINT('',(-77.873948885,46.042288666411,
    -61.36993354702));
#2747 = CARTESIAN_POINT('',(-77.87395309515,46.042291185262,
    -61.36993865335));
#2748 = CARTESIAN_POINT('',(-77.87395752532,46.042293835747,
    -61.36994402653));
#2749 = CARTESIAN_POINT('',(-77.87396217551,46.042296617866,
    -61.36994966656));
#2750 = CARTESIAN_POINT('',(-77.87396704572,46.042299531619,
    -61.36995557345));
#2751 = CARTESIAN_POINT('',(-77.87397213596,46.042302577004,
    -61.36996174719));
#2752 = CARTESIAN_POINT('',(-77.87397744621,46.042305754024,
    -61.36996818779));
#2753 = CARTESIAN_POINT('',(-77.87398297648,46.042309062677,
    -61.36997489523));
#2754 = CARTESIAN_POINT('',(-77.87398872677,46.042312502964,
    -61.36998186954));
#2755 = CARTESIAN_POINT('',(-77.87399469708,46.042316074884,
    -61.36998911069));
#2756 = CARTESIAN_POINT('',(-77.87400088741,46.042319778438,
    -61.3699966187));
#2757 = CARTESIAN_POINT('',(-77.87400729776,46.042323613625,
    -61.37000439356));
#2758 = CARTESIAN_POINT('',(-77.87401392813,46.042327580446,
    -61.37001243527));
#2759 = CARTESIAN_POINT('',(41.378972831196,-28.79238261376,
    81.71249484698));
#2760 = CARTESIAN_POINT('',(41.378966570617,-28.79237817933,
    81.712486829723));
#2761 = CARTESIAN_POINT('',(41.378960514019,-28.79237388937,
    81.712479073684));
#2762 = CARTESIAN_POINT('',(41.378954661402,-28.7923697439,
    81.712471578863));
#2763 = CARTESIAN_POINT('',(41.378949012768,-28.79236574292,
    81.712464345259));
#2764 = CARTESIAN_POINT('',(41.378943568115,-28.79236188641,
    81.712457372873));
#2765 = CARTESIAN_POINT('',(41.378938327444,-28.79235817439,
    81.712450661704));
#2766 = CARTESIAN_POINT('',(41.378933290754,-28.79235460685,
    81.712444211753));
#2767 = CARTESIAN_POINT('',(41.378928458046,-28.79235118379,
    81.71243802302));
#2768 = CARTESIAN_POINT('',(41.37892382932,-28.79234790522,
    81.712432095504));
#2769 = CARTESIAN_POINT('',(41.378919404576,-28.79234477112,
    81.712426429205));
#2770 = CARTESIAN_POINT('',(41.378915183813,-28.79234178151,
    81.712421024124));
#2771 = CARTESIAN_POINT('',(41.378911167032,-28.79233893639,
    81.712415880261));
#2772 = CARTESIAN_POINT('',(41.378907354232,-28.79233623574,
    81.712410997615));
#2773 = CARTESIAN_POINT('',(37.761348526124,-26.22998142001,
    77.07978922765));
#2774 = CARTESIAN_POINT('',(34.154132022167,-23.68357598152,
    72.481724066113));
#2775 = CARTESIAN_POINT('',(30.557254300584,-21.15311703768,
    67.918211032516));
#2776 = CARTESIAN_POINT('',(26.970715147093,-18.63860544852,
    63.389249768353));
#2777 = CARTESIAN_POINT('',(23.394515084957,-16.14003948613,
    58.894840958593));
#2778 = CARTESIAN_POINT('',(19.828653089049,-13.65742193449,
    54.434983578998));
#2779 = CARTESIAN_POINT('',(16.273130810029,-11.19074910046,
    50.009678856358));
#2780 = CARTESIAN_POINT('',(12.727946037231,-8.740025078271,
    45.61892557982));
#2781 = CARTESIAN_POINT('',(9.193101246121,-6.305246045417,
    41.262724781646));
#2782 = CARTESIAN_POINT('',(5.668594114287,-3.886415012074,
    36.941075657057));
#2783 = CARTESIAN_POINT('',(2.154426468508,-1.483529990607,
    32.653978793287));
#2784 = CARTESIAN_POINT('',(-1.349402895971,0.903407937569,
    28.401433806006));
#2785 = CARTESIAN_POINT('',(-4.842893313414,3.274399238045,
    24.183440903252));
#2786 = CARTESIAN_POINT('',(-12.99863189114,8.788694550444,
    14.387987667268));
#2787 = CARTESIAN_POINT('',(-17.68642187071,11.971395548967,
    8.725165416353));
#2788 = CARTESIAN_POINT('',(-22.22721582322,14.927364186499,
    3.553607252672));
#2789 = CARTESIAN_POINT('',(-27.44201139835,18.922935927916,
    -3.870472698605));
#2790 = CARTESIAN_POINT('',(-30.79376579278,20.044892519194,
    -5.068253176788));
#2791 = CARTESIAN_POINT('',(-37.463431783,26.2845019817,-17.35451869979)
  );
#2792 = CARTESIAN_POINT('',(-40.17285860925,26.415710832045,
    -16.4056330353));
#2793 = CARTESIAN_POINT('',(-46.42700840917,32.014417509828,
    -27.30324646115));
#2794 = CARTESIAN_POINT('',(-50.34014966998,34.002271304194,
    -30.37717725031));
#2795 = CARTESIAN_POINT('',(-55.46760505979,37.863128849632,
    -37.50937034889));
#2796 = CARTESIAN_POINT('',(-60.16288403415,41.057378289797,
    -43.19721446234));
#2797 = CARTESIAN_POINT('',(-64.99771390539,44.466878478791,
    -49.35144543262));
#2798 = CARTESIAN_POINT('',(-69.83019747624,47.872758306335,
    -55.49783200878));
#2799 = CARTESIAN_POINT('',(-74.68308769993,51.310111299408,
    -61.71241099735));
#2800 = CARTESIAN_POINT('',(-74.68309151273,51.310114000054,
    -61.71241587999));
#2801 = CARTESIAN_POINT('',(-74.68309552951,51.310116845182,
    -61.71242102385));
#2802 = CARTESIAN_POINT('',(-74.68309975027,51.310119834792,
    -61.71242642894));
#2803 = CARTESIAN_POINT('',(-74.68310417502,51.310122968885,
    -61.71243209523));
#2804 = CARTESIAN_POINT('',(-74.68310880374,51.310126247461,
    -61.71243802275));
#2805 = CARTESIAN_POINT('',(-74.68311363645,51.310129670518,
    -61.71244421148));
#2806 = CARTESIAN_POINT('',(-74.68311867314,51.310133238058,
    -61.71245066143));
#2807 = CARTESIAN_POINT('',(-74.68312391381,51.31013695008,
    -61.7124573726));
#2808 = CARTESIAN_POINT('',(-74.68312935846,51.310140806585,
    -61.71246434499));
#2809 = CARTESIAN_POINT('',(-74.6831350071,51.310144807572,
    -61.71247157859));
#2810 = CARTESIAN_POINT('',(-74.68314085971,51.310148953042,
    -61.71247907341));
#2811 = CARTESIAN_POINT('',(-74.68314691631,51.310153242993,
    -61.71248682945));
#2812 = CARTESIAN_POINT('',(-74.68315317689,51.310157677427,
    -61.71249484671));
#2813 = CARTESIAN_POINT('',(39.400065155233,-31.86026407049,
    82.109466691857));
#2814 = CARTESIAN_POINT('',(39.400059301204,-31.8602592042,
    82.109458713829));
#2815 = CARTESIAN_POINT('',(39.400053633441,-31.86025449274,
    82.10945098965));
#2816 = CARTESIAN_POINT('',(39.400048151944,-31.86024993612,
    82.109443519319));
#2817 = CARTESIAN_POINT('',(39.400042856713,-31.86024553433,
    82.109436302835));
#2818 = CARTESIAN_POINT('',(39.400037747748,-31.86024128739,
    82.109429340201));
#2819 = CARTESIAN_POINT('',(39.400032825048,-31.86023719528,
    82.109422631414));
#2820 = CARTESIAN_POINT('',(39.400028088615,-31.86023325801,
    82.109416176475));
#2821 = CARTESIAN_POINT('',(39.400023538447,-31.86022947558,
    82.109409975385));
#2822 = CARTESIAN_POINT('',(39.400019174546,-31.86022584799,
    82.109404028142));
#2823 = CARTESIAN_POINT('',(39.40001499691,-31.86022237523,
    82.109398334748));
#2824 = CARTESIAN_POINT('',(39.40001100554,-31.86021905731,
    82.109392895202));
#2825 = CARTESIAN_POINT('',(39.400007200436,-31.86021589423,
    82.109387709505));
#2826 = CARTESIAN_POINT('',(39.400003581598,-31.86021288599,
    82.109382777655));
#2827 = CARTESIAN_POINT('',(35.959117366447,-28.99989699346,
    77.420050699804));
#2828 = CARTESIAN_POINT('',(32.527368534197,-26.16206109514,
    72.769637646016));
#2829 = CARTESIAN_POINT('',(29.104753617212,-23.34670246615,
    68.158138940408));
#2830 = CARTESIAN_POINT('',(25.691272721626,-20.55382076813,
    63.585554570174));
#2831 = CARTESIAN_POINT('',(22.28692560028,-17.78341668036,
    59.051884580823));
#2832 = CARTESIAN_POINT('',(18.891712717701,-15.03548910918,
    54.557128856451));
#2833 = CARTESIAN_POINT('',(15.505633352472,-12.31003950438,
    50.101287619794));
#2834 = CARTESIAN_POINT('',(12.128688441079,-9.6070662601,
    45.684360543993));
#2835 = CARTESIAN_POINT('',(8.760876962455,-6.926570873756,
    41.306347995374));
#2836 = CARTESIAN_POINT('',(5.402199852947,-4.26855216831,
    36.967249661804));
#2837 = CARTESIAN_POINT('',(2.052656390548,-1.633010919042,
    32.667065743377));
#2838 = CARTESIAN_POINT('',(-1.287752957218,0.980053294628,
    28.405796145899));
#2839 = CARTESIAN_POINT('',(-4.61902844398,3.570640292114,
    24.183440899916));
#2840 = CARTESIAN_POINT('',(-12.39776431355,9.583824269559,
    14.387987672009));
#2841 = CARTESIAN_POINT('',(-16.86779055122,13.061951878203,
    8.71875044444));
#2842 = CARTESIAN_POINT('',(-21.20794906398,16.220496727227,
    3.602801405244));
#2843 = CARTESIAN_POINT('',(-26.14357035591,20.844377722567,
    -4.050059272658));
#2844 = CARTESIAN_POINT('',(-29.43324632576,21.417855649124,
    -4.690525608971));
#2845 = CARTESIAN_POINT('',(-35.65420393708,29.204740684331,
    -17.81944177246));
#2846 = CARTESIAN_POINT('',(-38.37640057945,28.381745029947,
    -16.0422170559));
#2847 = CARTESIAN_POINT('',(-44.23026356441,35.265268355691,
    -27.60715823284));
#2848 = CARTESIAN_POINT('',(-48.01590582027,37.059240867444,
    -30.36064639622));
#2849 = CARTESIAN_POINT('',(-52.87436622635,41.493240237566,
    -37.68476814243));
#2850 = CARTESIAN_POINT('',(-57.35100639223,44.987645308655,
    -43.38218638427));
#2851 = CARTESIAN_POINT('',(-61.95093834432,48.785449640212,
    -49.60487452311));
#2852 = CARTESIAN_POINT('',(-66.54879627895,52.578150951448,
    -55.81872793779));
#2853 = CARTESIAN_POINT('',(-71.16468340836,56.415213404198,
    -62.1093827778));
#2854 = CARTESIAN_POINT('',(-71.1646870272,56.41521641244,
    -62.10938770965));
#2855 = CARTESIAN_POINT('',(-71.16469083231,56.415219575521,
    -62.10939289535));
#2856 = CARTESIAN_POINT('',(-71.16469482368,56.415222893439,
    -62.10939833489));
#2857 = CARTESIAN_POINT('',(-71.16469900131,56.415226366194,
    -62.10940402829));
#2858 = CARTESIAN_POINT('',(-71.16470336521,56.415229993788,
    -62.10940997553));
#2859 = CARTESIAN_POINT('',(-71.16470791538,56.41523377622,
    -62.10941617662));
#2860 = CARTESIAN_POINT('',(-71.16471265181,56.415237713489,
    -62.10942263156));
#2861 = CARTESIAN_POINT('',(-71.16471757451,56.415241805596,
    -62.10942934035));
#2862 = CARTESIAN_POINT('',(-71.16472268348,56.415246052541,
    -62.10943630298));
#2863 = CARTESIAN_POINT('',(-71.16472797871,56.415250454324,
    -62.10944351947));
#2864 = CARTESIAN_POINT('',(-71.16473346021,56.415255010945,
    -62.1094509898));
#2865 = CARTESIAN_POINT('',(-71.16473912797,56.415259722403,
    -62.10945871398));
#2866 = CARTESIAN_POINT('',(-71.164744982,56.415264588699,-62.109466692)
  );
#2867 = CARTESIAN_POINT('',(37.258944070451,-34.83495122909,
    82.557951068253));
#2868 = CARTESIAN_POINT('',(37.258938651719,-34.83494597375,
    82.557943144306));
#2869 = CARTESIAN_POINT('',(37.258933400372,-34.83494088074,
    82.55793546513));
#2870 = CARTESIAN_POINT('',(37.25892831641,-34.83493595007,
    82.557928030727));
#2871 = CARTESIAN_POINT('',(37.258923399834,-34.83493118174,
    82.557920841095));
#2872 = CARTESIAN_POINT('',(37.258918650643,-34.83492657575,
    82.557913896234));
#2873 = CARTESIAN_POINT('',(37.258914068837,-34.8349221321,
    82.557907196145));
#2874 = CARTESIAN_POINT('',(37.258909654416,-34.83491785078,
    82.557900740828));
#2875 = CARTESIAN_POINT('',(37.25890540738,-34.83491373181,
    82.557894530283));
#2876 = CARTESIAN_POINT('',(37.25890132773,-34.83490977517,
    82.557888564509));
#2877 = CARTESIAN_POINT('',(37.258897415465,-34.83490598087,
    82.557882843506));
#2878 = CARTESIAN_POINT('',(37.258893670585,-34.8349023489,
    82.557877367275));
#2879 = CARTESIAN_POINT('',(37.258890093091,-34.83489887928,
    82.557872135816));
#2880 = CARTESIAN_POINT('',(37.258886682982,-34.83489557199,
    82.557867149129));
#2881 = CARTESIAN_POINT('',(34.008308473445,-31.68233032403,
    77.804465819724));
#2882 = CARTESIAN_POINT('',(30.765727936958,-28.55922442809,
    73.09491198331));
#2883 = CARTESIAN_POINT('',(27.531141840078,-25.46557470485,
    68.429200870944));
#2884 = CARTESIAN_POINT('',(24.304550155627,-22.40138124474,
    63.807332556032));
#2885 = CARTESIAN_POINT('',(21.085952944967,-19.36664386627,
    59.229306885099));
#2886 = CARTESIAN_POINT('',(17.875350096052,-16.36136286169,
    54.695124117834));
#2887 = CARTESIAN_POINT('',(14.672741778293,-13.38553784348,
    50.204783890274));
#2888 = CARTESIAN_POINT('',(11.478127777114,-10.43916924073,
    45.758286628486));
#2889 = CARTESIAN_POINT('',(8.291508321304,-7.522256654111,
    41.355631916155));
#2890 = CARTESIAN_POINT('',(5.112883205271,-4.634800396092,
    36.99682009099));
#2891 = CARTESIAN_POINT('',(1.942252584578,-1.776800262441,
    32.68185092739));
#2892 = CARTESIAN_POINT('',(-1.220383639637,1.051743637273,
    28.410724547929));
#2893 = CARTESIAN_POINT('',(-4.37502541484,3.850831349407,24.18344089979
    ));
#2894 = CARTESIAN_POINT('',(-11.74284479474,10.335874779285,
    14.387987671492));
#2895 = CARTESIAN_POINT('',(-15.97577289636,14.094603057471,
    8.711503065476));
#2896 = CARTESIAN_POINT('',(-20.0950354103,17.434520080317,
    3.658379120026));
#2897 = CARTESIAN_POINT('',(-24.73547231882,22.69475132983,
    -4.252949588036));
#2898 = CARTESIAN_POINT('',(-27.93530691518,22.646953488967,
    -4.263782784504));
#2899 = CARTESIAN_POINT('',(-33.70072601719,32.05228279614,
    -18.34469495195));
#2900 = CARTESIAN_POINT('',(-36.40387846765,30.174414642784,
    -15.63164284603));
#2901 = CARTESIAN_POINT('',(-41.84799976471,38.395893728067,
    -27.95050682581));
#2902 = CARTESIAN_POINT('',(-45.48192652785,39.947546882086,
    -30.34197033154));
#2903 = CARTESIAN_POINT('',(-50.05482834163,44.958939382895,
    -37.88292632462));
#2904 = CARTESIAN_POINT('',(-54.29354598567,48.738999256416,
    -43.59116092071));
#2905 = CARTESIAN_POINT('',(-58.64017314898,52.916662006768,
    -49.89118957393));
#2906 = CARTESIAN_POINT('',(-62.98498539833,57.087637299699,
    -56.18126455693));
#2907 = CARTESIAN_POINT('',(-67.34557773852,61.316747011378,
    -62.55786714905));
#2908 = CARTESIAN_POINT('',(-67.34558114863,61.316750318664,
    -62.55787213574));
#2909 = CARTESIAN_POINT('',(-67.34558472612,61.316753788288,
    -62.5578773672));
#2910 = CARTESIAN_POINT('',(-67.345588471,61.316757420251,
    -62.55788284343));
#2911 = CARTESIAN_POINT('',(-67.34559238327,61.316761214551,
    -62.55788856443));
#2912 = CARTESIAN_POINT('',(-67.34559646292,61.31676517119,
    -62.55789453021));
#2913 = CARTESIAN_POINT('',(-67.34560070995,61.316769290167,
    -62.55790074075));
#2914 = CARTESIAN_POINT('',(-67.34560512437,61.316773571482,
    -62.55790719607));
#2915 = CARTESIAN_POINT('',(-67.34560970618,61.316778015135,
    -62.55791389616));
#2916 = CARTESIAN_POINT('',(-67.34561445537,61.316782621126,
    -62.55792084102));
#2917 = CARTESIAN_POINT('',(-67.34561937195,61.316787389456,
    -62.55792803065));
#2918 = CARTESIAN_POINT('',(-67.34562445591,61.316792320124,
    -62.55793546505));
#2919 = CARTESIAN_POINT('',(-67.34562970726,61.31679741313,
    -62.55794314423));
#2920 = CARTESIAN_POINT('',(-67.34563512599,61.316802668474,
    -62.55795106818));
#2921 = CARTESIAN_POINT('',(32.687924832145,-40.55334004576,
    83.55020591402));
#2922 = CARTESIAN_POINT('',(32.687920323751,-40.55333415062,
    83.550198159116));
#2923 = CARTESIAN_POINT('',(32.687915943773,-40.5533284234,
    83.550190625103));
#2924 = CARTESIAN_POINT('',(32.687911692213,-40.5533228641,
    83.55018331198));
#2925 = CARTESIAN_POINT('',(32.68790756907,-40.55331747271,
    83.550176219748));
#2926 = CARTESIAN_POINT('',(32.687903574344,-40.55331224925,
    83.550169348407));
#2927 = CARTESIAN_POINT('',(32.687899708035,-40.55330719369,
    83.550162697957));
#2928 = CARTESIAN_POINT('',(32.687895970143,-40.55330230606,
    83.550156268398));
#2929 = CARTESIAN_POINT('',(32.687892360668,-40.55329758634,
    83.550150059729));
#2930 = CARTESIAN_POINT('',(32.687888879611,-40.55329303454,
    83.550144071951));
#2931 = CARTESIAN_POINT('',(32.687885526971,-40.55328865066,
    83.550138305063));
#2932 = CARTESIAN_POINT('',(32.687882302748,-40.55328443469,
    83.550132759067));
#2933 = CARTESIAN_POINT('',(32.687879206942,-40.55328038664,
    83.550127433961));
#2934 = CARTESIAN_POINT('',(32.687876239553,-40.55327650651,
    83.550122329746));
#2935 = CARTESIAN_POINT('',(29.84202830224,-36.8320707781,
    78.654970141924));
#2936 = CARTESIAN_POINT('',(27.002045789551,-33.15506526542,
    73.814569470887));
#2937 = CARTESIAN_POINT('',(24.167925853065,-29.52225629855,
    69.028915492419));
#2938 = CARTESIAN_POINT('',(21.339668519857,-25.93364376637,
    64.298008048452));
#2939 = CARTESIAN_POINT('',(18.517273730066,-22.38922789174,
    59.621847462963));
#2940 = CARTESIAN_POINT('',(15.700741590785,-18.88900831594,
    55.000433201007));
#2941 = CARTESIAN_POINT('',(12.890071943317,-15.4329855144,
    50.433765992062));
#2942 = CARTESIAN_POINT('',(10.085264984719,-12.02115896135,
    45.921845004583));
#2943 = CARTESIAN_POINT('',(7.286320508936,-8.653529144621,
    41.464671034254));
#2944 = CARTESIAN_POINT('',(4.493238697612,-5.330095684738,
    37.06224344271));
#2945 = CARTESIAN_POINT('',(1.706019415957,-2.050858827305,
    32.714562656902));
#2946 = CARTESIAN_POINT('',(-1.075337252177,1.184181557545,
    28.421628441728));
#2947 = CARTESIAN_POINT('',(-3.850831350194,4.375025415989,
    24.183440900973));
#2948 = CARTESIAN_POINT('',(-10.33587477718,11.74284479174,
    14.387987670609));
#2949 = CARTESIAN_POINT('',(-14.05990784045,16.029009328811,
    8.695468503969));
#2950 = CARTESIAN_POINT('',(-17.7005860357,19.686783280458,
    3.781342770777));
#2951 = CARTESIAN_POINT('',(-21.72345905487,26.225824943675,
    -4.701836934901));
#2952 = CARTESIAN_POINT('',(-24.6898898489,24.800621772756,
    -3.319630035169));
#2953 = CARTESIAN_POINT('',(-29.5377501231,37.559029411935,
    -19.50679816948));
#2954 = CARTESIAN_POINT('',(-32.13994708052,33.387961846028,
    -14.72326270767));
#2955 = CARTESIAN_POINT('',(-36.75218906832,44.370103279731,
    -28.71015271556));
#2956 = CARTESIAN_POINT('',(-40.0369539577,45.344739796212,
    -30.30065045676));
#2957 = CARTESIAN_POINT('',(-44.01030139565,51.510420174615,
    -38.32134385072));
#2958 = CARTESIAN_POINT('',(-47.73857990998,55.828590894671,
    -44.05350948736));
#2959 = CARTESIAN_POINT('',(-51.5459923435,60.743330859506,
    -50.52465106219));
#2960 = CARTESIAN_POINT('',(-55.35207373232,65.648036845213,
    -56.98336350293));
#2961 = CARTESIAN_POINT('',(-59.16972767893,70.639967562063,
    -63.55012232987));
#2962 = CARTESIAN_POINT('',(-59.16973064632,70.639971442195,
    -63.55012743409));
#2963 = CARTESIAN_POINT('',(-59.16973374212,70.639975490243,
    -63.55013275919));
#2964 = CARTESIAN_POINT('',(-59.16973696635,70.639979706209,
    -63.55013830519));
#2965 = CARTESIAN_POINT('',(-59.16974031899,70.639984090092,
    -63.55014407208));
#2966 = CARTESIAN_POINT('',(-59.16974380004,70.639988641892,
    -63.55015005986));
#2967 = CARTESIAN_POINT('',(-59.16974740952,70.639993361609,
    -63.55015626852));
#2968 = CARTESIAN_POINT('',(-59.16975114741,70.639998249243,
    -63.55016269808));
#2969 = CARTESIAN_POINT('',(-59.16975501372,70.640003304795,
    -63.55016934853));
#2970 = CARTESIAN_POINT('',(-59.16975900845,70.640008528263,
    -63.55017621988));
#2971 = CARTESIAN_POINT('',(-59.16976313159,70.640013919649,
    -63.55018331211));
#2972 = CARTESIAN_POINT('',(-59.16976738315,70.640019478952,
    -63.55019062523));
#2973 = CARTESIAN_POINT('',(-59.16977176313,70.640025206172,
    -63.55019815924));
#2974 = CARTESIAN_POINT('',(-59.16977627152,70.640031101309,
    -63.55020591415));
#2975 = CARTESIAN_POINT('',(30.258026362077,-43.53569768832,
    84.332632191703));
#2976 = CARTESIAN_POINT('',(30.258022360129,-43.5356915568,
    84.332624577023));
#2977 = CARTESIAN_POINT('',(30.258018464095,-43.53568558757,
    84.332617163871));
#2978 = CARTESIAN_POINT('',(30.258014673975,-43.5356797806,
    84.332609952245));
#2979 = CARTESIAN_POINT('',(30.258010989769,-43.53567413591,
    84.332602942146));
#2980 = CARTESIAN_POINT('',(30.258007411476,-43.5356686535,
    84.332596133574));
#2981 = CARTESIAN_POINT('',(30.258003939098,-43.53566333336,
    84.332589526529));
#2982 = CARTESIAN_POINT('',(30.258000572633,-43.53565817549,
    84.332583121011));
#2983 = CARTESIAN_POINT('',(30.257997312082,-43.5356531799,
    84.33257691702));
#2984 = CARTESIAN_POINT('',(30.257994157445,-43.53564834658,
    84.332570914556));
#2985 = CARTESIAN_POINT('',(30.257991108722,-43.53564367553,
    84.332565113618));
#2986 = CARTESIAN_POINT('',(30.257988165913,-43.53563916676,
    84.332559514208));
#2987 = CARTESIAN_POINT('',(30.257985329018,-43.53563482027,
    84.332554116325));
#2988 = CARTESIAN_POINT('',(30.257982598037,-43.53563063604,
    84.332548919968));
#2989 = CARTESIAN_POINT('',(27.626556939288,-39.50394004429,
    79.325621394883));
#2990 = CARTESIAN_POINT('',(25.000004142475,-35.52683391104,
    74.382043687437));
#2991 = CARTESIAN_POINT('',(22.378321625259,-31.60430799913,
    69.501810430941));
#2992 = CARTESIAN_POINT('',(19.76150926684,-27.7363628738,
    64.684922618679));
#2993 = CARTESIAN_POINT('',(17.149567330734,-23.9229974014,
    59.931378217959));
#2994 = CARTESIAN_POINT('',(14.542495351864,-20.16421340729,
    55.241180577721));
#2995 = CARTESIAN_POINT('',(11.940294009933,-16.46000847122,
    50.614325143637));
#2996 = CARTESIAN_POINT('',(9.342962472857,-12.81038526998,
    46.050817094406));
#2997 = CARTESIAN_POINT('',(6.750501598056,-9.215341321854,
    41.55065147954));
#2998 = CARTESIAN_POINT('',(4.16291064114,-5.674878552905,
    37.113832277576));
#2999 = CARTESIAN_POINT('',(1.58019014544,-2.188995722052,
    32.740356814138));
#3000 = CARTESIAN_POINT('',(-0.997660220572,1.242306519232,
    28.430226573879));
#3001 = CARTESIAN_POINT('',(-3.570640289619,4.619028437783,
    24.183440894651));
#3002 = CARTESIAN_POINT('',(-9.583824276334,12.397764329816,
    14.387987675942));
#3003 = CARTESIAN_POINT('',(-13.0360602455,14.33914739574,
    11.278298319188));
#3004 = CARTESIAN_POINT('',(-16.41905072023,40.542456023414,
    -15.9687039266));
#3005 = CARTESIAN_POINT('',(-20.11954278994,-49.48777983215,
    72.446470407469));
#3006 = CARTESIAN_POINT('',(-22.94241374658,222.55451346374,
    -199.6315404712));
#3007 = CARTESIAN_POINT('',(-27.32824988244,-315.5713930485,
    335.6459777057));
#3008 = CARTESIAN_POINT('',(-29.84854011187,510.42887798784,
    -489.845493938));
#3009 = CARTESIAN_POINT('',(-34.03863989393,-430.6290387807,
    448.71627510803));
#3010 = CARTESIAN_POINT('',(-37.12596217424,407.56069622365,
    -389.9850751099));
#3011 = CARTESIAN_POINT('',(-40.78531124116,-144.7674523911,
    160.80205055953));
#3012 = CARTESIAN_POINT('',(-44.24107455738,135.51176691558,
    -120.6518214271));
#3013 = CARTESIAN_POINT('',(-47.76257642505,46.446860210166,
    -32.87987030747));
#3014 = CARTESIAN_POINT('',(-51.28297281888,69.891869886669,
    -57.61584549249));
#3015 = CARTESIAN_POINT('',(-54.81298311623,75.300310462905,
    -64.33254891925));
#3016 = CARTESIAN_POINT('',(-54.81298584721,75.300314647128,
    -64.3325541156));
#3017 = CARTESIAN_POINT('',(-54.8129886841,75.300318993625,
    -64.33255951349));
#3018 = CARTESIAN_POINT('',(-54.81299162691,75.300323502396,
    -64.3325651129));
#3019 = CARTESIAN_POINT('',(-54.81299467564,75.300328173441,
    -64.33257091383));
#3020 = CARTESIAN_POINT('',(-54.81299783027,75.30033300676,
    -64.3325769163));
#3021 = CARTESIAN_POINT('',(-54.81300109082,75.300338002353,
    -64.33258312029));
#3022 = CARTESIAN_POINT('',(-54.81300445729,75.30034316022,
    -64.33258952581));
#3023 = CARTESIAN_POINT('',(-54.81300792967,75.300348480361,
    -64.33259613285));
#3024 = CARTESIAN_POINT('',(-54.81301150796,75.300353962777,
    -64.33260294142));
#3025 = CARTESIAN_POINT('',(-54.81301519216,75.300359607466,
    -64.33260995152));
#3026 = CARTESIAN_POINT('',(-54.81301898229,75.300365414429,
    -64.33261716315));
#3027 = CARTESIAN_POINT('',(-54.81302287832,75.300371383666,
    -64.3326245763));
#3028 = CARTESIAN_POINT('',(-54.81302688027,75.300377515177,
    -64.33263219098));
#3029 = CARTESIAN_POINT('',(27.70156334701,-46.55383179373,
    85.332400357378));
#3030 = CARTESIAN_POINT('',(27.701559869742,-46.55382549841,
    85.332392916328));
#3031 = CARTESIAN_POINT('',(27.701556475285,-46.55381935301,
    85.332385652488));
#3032 = CARTESIAN_POINT('',(27.701553163641,-46.55381335754,
    85.33237856586));
#3033 = CARTESIAN_POINT('',(27.701549934809,-46.55380751199,
    85.332371656442));
#3034 = CARTESIAN_POINT('',(27.70154678879,-46.55380181637,
    85.332364924236));
#3035 = CARTESIAN_POINT('',(27.701543725582,-46.55379627067,
    85.33235836924));
#3036 = CARTESIAN_POINT('',(27.701540745187,-46.5537908749,
    85.332351991455));
#3037 = CARTESIAN_POINT('',(27.701537847604,-46.55378562905,
    85.332345790881));
#3038 = CARTESIAN_POINT('',(27.701535032834,-46.55378053313,
    85.332339767518));
#3039 = CARTESIAN_POINT('',(27.701532300875,-46.55377558713,
    85.332333921366));
#3040 = CARTESIAN_POINT('',(27.701529651729,-46.55377079106,
    85.332328252425));
#3041 = CARTESIAN_POINT('',(27.701527085395,-46.55376614491,
    85.332322760695));
#3042 = CARTESIAN_POINT('',(27.701524601873,-46.55376164869,
    85.332317446175));
#3043 = CARTESIAN_POINT('',(25.295000160183,-42.19693730815,
    80.182565773243));
#3044 = CARTESIAN_POINT('',(22.89243795342,-37.90732243097,
    75.107150198356));
#3045 = CARTESIAN_POINT('',(20.49383546015,-33.68491326242,
    70.106066682178));
#3046 = CARTESIAN_POINT('',(18.099193020412,-29.52970824924,
    65.179312287398));
#3047 = CARTESIAN_POINT('',(15.708509895214,-25.44171050594,
    60.326893037501));
#3048 = CARTESIAN_POINT('',(13.321787383606,-21.42091501876,
    55.548798983096));
#3049 = CARTESIAN_POINT('',(10.939023595355,-17.46732843375,
    50.84504369549));
#3050 = CARTESIAN_POINT('',(8.56022083317,-13.58094340346,
    46.215611688554));
#3051 = CARTESIAN_POINT('',(6.185376737219,-9.761766734442,
    41.660517827463));
#3052 = CARTESIAN_POINT('',(3.814493343386,-6.009793151906,
    37.179750107111));
#3053 = CARTESIAN_POINT('',(1.447569176971,-2.325026046268,
    32.77331664224));
#3054 = CARTESIAN_POINT('',(-0.915394871243,1.292536355122,
    28.441212901458));
#3055 = CARTESIAN_POINT('',(-3.274399244033,4.842893330948,
    24.183440917188));
#3056 = CARTESIAN_POINT('',(-8.788694534294,12.998631844941,
    14.387987656916));
#3057 = CARTESIAN_POINT('',(-11.95376843732,21.59247113841,
    4.844243984987));
#3058 = CARTESIAN_POINT('',(-15.06254100306,-7.643300261209,
    33.231427921344));
#3059 = CARTESIAN_POINT('',(-18.42946314432,143.92277810944,
    -119.6477928481));
#3060 = CARTESIAN_POINT('',(-21.08282287397,-264.3405704237,
    288.58651223382));
#3061 = CARTESIAN_POINT('',(-25.00697343961,567.91681380097,
    -545.986781805));
#3062 = CARTESIAN_POINT('',(-27.41431492109,-665.3449372763,
    687.68864891618));
#3063 = CARTESIAN_POINT('',(-31.17932065916,754.38984706291,
    -734.0756507623));
#3064 = CARTESIAN_POINT('',(-34.04769426317,-479.6403936721,
    499.53861060827));
#3065 = CARTESIAN_POINT('',(-37.38116581276,351.51764798695,
    -332.8723736298));
#3066 = CARTESIAN_POINT('',(-40.54910632911,-49.69735574802,
    67.38756357324));
#3067 = CARTESIAN_POINT('',(-43.77049807879,95.022956899193,
    -78.3840002913));
#3068 = CARTESIAN_POINT('',(-46.99099028874,74.013340284646,
    -58.42401795717));
#3069 = CARTESIAN_POINT('',(-50.21929966556,79.857941993926,
    -65.33231744812));
#3070 = CARTESIAN_POINT('',(-50.21930214908,79.857946490148,
    -65.33232276264));
#3071 = CARTESIAN_POINT('',(-50.21930471541,79.857951136296,
    -65.33232825437));
#3072 = CARTESIAN_POINT('',(-50.21930736456,79.857955932368,
    -65.33233392331));
#3073 = CARTESIAN_POINT('',(-50.21931009652,79.857960878365,
    -65.33233976946));
#3074 = CARTESIAN_POINT('',(-50.21931291129,79.857965974288,
    -65.33234579283));
#3075 = CARTESIAN_POINT('',(-50.21931580887,79.857971220135,
    -65.3323519934));
#3076 = CARTESIAN_POINT('',(-50.21931878927,79.857976615908,
    -65.33235837118));
#3077 = CARTESIAN_POINT('',(-50.21932185247,79.857982161605,
    -65.33236492618));
#3078 = CARTESIAN_POINT('',(-50.21932499849,79.857987857228,
    -65.33237165839));
#3079 = CARTESIAN_POINT('',(-50.21932822733,79.857993702775,
    -65.3323785678));
#3080 = CARTESIAN_POINT('',(-50.21933153897,79.857999698248,
    -65.33238565443));
#3081 = CARTESIAN_POINT('',(-50.21933493343,79.858005843645,
    -65.33239291827));
#3082 = CARTESIAN_POINT('',(-50.21933841069,79.858012138968,
    -65.33240035932));
#3083 = CARTESIAN_POINT('',(25.039062898639,-49.52251980267,
    86.479661377526));
#3084 = CARTESIAN_POINT('',(25.039059936552,-49.52251341591,
    86.479654134148));
#3085 = CARTESIAN_POINT('',(25.039057035572,-49.52250716091,
    86.479647040199));
#3086 = CARTESIAN_POINT('',(25.039054195698,-49.52250103767,
    86.479640095679));
#3087 = CARTESIAN_POINT('',(25.039051416932,-49.52249504618,
    86.479633300586));
#3088 = CARTESIAN_POINT('',(25.039048699272,-49.52248918645,
    86.479626654923));
#3089 = CARTESIAN_POINT('',(25.039046042719,-49.52248345848,
    86.479620158687));
#3090 = CARTESIAN_POINT('',(25.039043447273,-49.52247786226,
    86.479613811881));
#3091 = CARTESIAN_POINT('',(25.039040912934,-49.5224723978,
    86.479607614502));
#3092 = CARTESIAN_POINT('',(25.039038439702,-49.5224670651,
    86.479601566553));
#3093 = CARTESIAN_POINT('',(25.039036027577,-49.52246186416,
    86.479595668031));
#3094 = CARTESIAN_POINT('',(25.039033676558,-49.52245679497,
    86.479589918939));
#3095 = CARTESIAN_POINT('',(25.039031386647,-49.52245185753,
    86.479584319274));
#3096 = CARTESIAN_POINT('',(25.039029157842,-49.52244705186,
    86.479578869039));
#3097 = CARTESIAN_POINT('',(22.866081005141,-44.83720700905,
    81.16593245396));
#3098 = CARTESIAN_POINT('',(20.696273172078,-40.23326295282,
    75.939230316944));
#3099 = CARTESIAN_POINT('',(18.529603737901,-35.71060904852,
    70.799464888899));
#3100 = CARTESIAN_POINT('',(16.366072007883,-31.26924834428,
    65.74664225163));
#3101 = CARTESIAN_POINT('',(14.205679490041,-26.9091747273,
    60.780749895486));
#3102 = CARTESIAN_POINT('',(12.048423537,-22.63039803922,55.901808561313
    ));
#3103 = CARTESIAN_POINT('',(9.894307994861,-18.4329052333,
    51.109789833592));
#3104 = CARTESIAN_POINT('',(7.743328187244,-14.31671073229,
    46.404726296521));
#3105 = CARTESIAN_POINT('',(5.595488895034,-10.28180118022,
    41.786586504585));
#3106 = CARTESIAN_POINT('',(3.450786006597,-6.32818691804,
    37.255395998468));
#3107 = CARTESIAN_POINT('',(1.309222487104,-2.455861310171,
    32.81113741272));
#3108 = CARTESIAN_POINT('',(-0.829203442581,1.335172183701,
    28.453820499539));
#3109 = CARTESIAN_POINT('',(-2.96449090785,5.044914964799,
    24.183440863114));
#3110 = CARTESIAN_POINT('',(-7.956881063744,13.540870707185,
    14.387987702052));
#3111 = CARTESIAN_POINT('',(-10.82173654556,10.146895608349,
    17.02914948955));
#3112 = CARTESIAN_POINT('',(-13.64197335466,86.446949584899,
    -59.94342085029));
#3113 = CARTESIAN_POINT('',(-16.66679493669,-218.7719376009,
    244.23477868053));
#3114 = CARTESIAN_POINT('',(-19.12611306924,662.28506803593,
    -636.8452379362));
#3115 = CARTESIAN_POINT('',(-22.59254294701,-1.10323747119E+03,
    1.126841899793E+03));
#3116 = CARTESIAN_POINT('',(-24.85689109789,1.572499556404E+03,
    -1.548567268723E+03));
#3117 = CARTESIAN_POINT('',(-28.19719481245,-1.490310855721E+03,
    1.51263471084E+03));
#3118 = CARTESIAN_POINT('',(-30.82691697551,1.213731772573E+03,
    -1.191737576354E+03));
#3119 = CARTESIAN_POINT('',(-33.82522615905,-583.4869542717,
    604.48816785593));
#3120 = CARTESIAN_POINT('',(-36.69235603156,311.8284840083,
    -291.5841700744));
#3121 = CARTESIAN_POINT('',(-39.60184338289,13.21646320345,6.19471712444
    ));
#3122 = CARTESIAN_POINT('',(-42.51061922861,77.930748216281,
    -59.35141759254));
#3123 = CARTESIAN_POINT('',(-45.42559015362,84.215913606013,
    -66.47957886525));
#3124 = CARTESIAN_POINT('',(-45.42559238243,84.215918411689,
    -66.47958431549));
#3125 = CARTESIAN_POINT('',(-45.42559467234,84.215923349121,
    -66.47958991515));
#3126 = CARTESIAN_POINT('',(-45.42559702336,84.215928418311,
    -66.47959566424));
#3127 = CARTESIAN_POINT('',(-45.42559943548,84.215933619257,
    -66.47960156277));
#3128 = CARTESIAN_POINT('',(-45.42560190871,84.215938951959,
    -66.47960761072));
#3129 = CARTESIAN_POINT('',(-45.42560444305,84.215944416419,
    -66.47961380809));
#3130 = CARTESIAN_POINT('',(-45.4256070385,84.215950012635,
    -66.4796201549));
#3131 = CARTESIAN_POINT('',(-45.42560969505,84.215955740607,
    -66.47962665114));
#3132 = CARTESIAN_POINT('',(-45.42561241271,84.215961600337,
    -66.4796332968));
#3133 = CARTESIAN_POINT('',(-45.42561519148,84.215967591823,
    -66.47964009189));
#3134 = CARTESIAN_POINT('',(-45.42561803135,84.215973715065,
    -66.47964703641));
#3135 = CARTESIAN_POINT('',(-45.42562093233,84.215979970065,
    -66.47965413036));
#3136 = CARTESIAN_POINT('',(-45.42562389442,84.215986356821,
    -66.47966137374));
#3137 = CARTESIAN_POINT('',(22.293074073802,-52.35954632725,
    87.703822543853));
#3138 = CARTESIAN_POINT('',(22.293071597229,-52.35953991268,
    87.703815510698));
#3139 = CARTESIAN_POINT('',(22.293069162853,-52.35953360739,
    87.703808597381));
#3140 = CARTESIAN_POINT('',(22.293066770676,-52.35952741141,
    87.703801803901));
#3141 = CARTESIAN_POINT('',(22.293064420697,-52.35952132473,
    87.703795130259));
#3142 = CARTESIAN_POINT('',(22.293062112917,-52.35951534734,
    87.703788576455));
#3143 = CARTESIAN_POINT('',(22.293059847334,-52.35950947925,
    87.703782142488));
#3144 = CARTESIAN_POINT('',(22.29305762395,-52.35950372046,
    87.70377582836));
#3145 = CARTESIAN_POINT('',(22.293055442764,-52.35949807096,
    87.703769634069));
#3146 = CARTESIAN_POINT('',(22.293053303776,-52.35949253076,
    87.703763559615));
#3147 = CARTESIAN_POINT('',(22.293051206987,-52.35948709987,
    87.703757604999));
#3148 = CARTESIAN_POINT('',(22.293049152396,-52.35948177826,
    87.703751770222));
#3149 = CARTESIAN_POINT('',(22.293047140003,-52.35947656596,
    87.703746055281));
#3150 = CARTESIAN_POINT('',(22.293045169809,-52.35947146296,
    87.703740460179));
#3151 = CARTESIAN_POINT('',(20.360379006853,-47.35366852085,
    82.215213864092));
#3152 = CARTESIAN_POINT('',(18.430125535073,-42.44392278289,
    76.827082743028));
#3153 = CARTESIAN_POINT('',(16.502282435568,-37.63023101584,
    71.539345200452));
#3154 = CARTESIAN_POINT('',(14.576850807553,-32.91258859461,
    66.351991616468));
#3155 = CARTESIAN_POINT('',(12.653828265948,-28.29100479887,
    61.26504184616));
#3156 = CARTESIAN_POINT('',(10.733218996045,-23.76546468084,
    56.27846282958));
#3157 = CARTESIAN_POINT('',(8.815016920822,-19.33598806617,
    51.392300084115));
#3158 = CARTESIAN_POINT('',(6.899229423423,-15.00255302936,
    46.606501129949));
#3159 = CARTESIAN_POINT('',(4.985848964493,-10.76517987739,
    41.92111690601));
#3160 = CARTESIAN_POINT('',(3.074882016089,-6.623852891749,
    37.336105793193));
#3161 = CARTESIAN_POINT('',(1.166323924955,-2.578582149857,
    32.851496253986));
#3162 = CARTESIAN_POINT('',(-0.739822531465,1.370637593963,
    28.467272217979));
#3163 = CARTESIAN_POINT('',(-2.643558705732,5.223804220701,
    24.183440961623));
#3164 = CARTESIAN_POINT('',(-7.095478597342,14.021020732494,
    14.387987621019));
#3165 = CARTESIAN_POINT('',(-9.649618334062,10.938803511092,
    16.891915971423));
#3166 = CARTESIAN_POINT('',(-12.16948191694,86.207701648927,
    -58.89359230804));
#3167 = CARTESIAN_POINT('',(-14.84650523398,-213.6591190698,
    240.17380770664));
#3168 = CARTESIAN_POINT('',(-17.089117757,653.26012667732,
    -626.7631250328));
#3169 = CARTESIAN_POINT('',(-20.10537661816,-1.084208057254E+03,
    1.109295172166E+03));
#3170 = CARTESIAN_POINT('',(-22.19821437327,1.551252644331E+03,
    -1.525913697409E+03));
#3171 = CARTESIAN_POINT('',(-25.11758911533,-1.465962256148E+03,
    1.490065671949E+03));
#3172 = CARTESIAN_POINT('',(-27.49109748943,1.199258665528E+03,
    -1.175408501974E+03));
#3173 = CARTESIAN_POINT('',(-30.14775819944,-571.8334126831,
    594.92080802391));
#3174 = CARTESIAN_POINT('',(-32.70364129402,311.21076963818,
    -288.7048100009));
#3175 = CARTESIAN_POINT('',(-35.29206718997,17.273842272217,
    4.592131136883));
#3176 = CARTESIAN_POINT('',(-37.87994446969,81.56794984651,
    -60.34098044063));
#3177 = CARTESIAN_POINT('',(-40.47258149157,88.283144759302,
    -67.70374046587));
#3178 = CARTESIAN_POINT('',(-40.47258346177,88.283149862308,
    -67.70374606098));
#3179 = CARTESIAN_POINT('',(-40.47258547416,88.283155074611,
    -67.70375177592));
#3180 = CARTESIAN_POINT('',(-40.47258752875,88.283160396212,
    -67.70375761069));
#3181 = CARTESIAN_POINT('',(-40.47258962554,88.283165827111,
    -67.70376356531));
#3182 = CARTESIAN_POINT('',(-40.47259176453,88.283171367308,
    -67.70376963976));
#3183 = CARTESIAN_POINT('',(-40.47259394571,88.283177016802,
    -67.70377583405));
#3184 = CARTESIAN_POINT('',(-40.4725961691,88.283182775594,
    -67.70378214818));
#3185 = CARTESIAN_POINT('',(-40.47259843468,88.283188643684,
    -67.70378858215));
#3186 = CARTESIAN_POINT('',(-40.47260074246,88.283194621072,
    -67.70379513595));
#3187 = CARTESIAN_POINT('',(-40.47260309244,88.283200707758,
    -67.7038018096));
#3188 = CARTESIAN_POINT('',(-40.47260548462,88.283206903741,
    -67.70380860308));
#3189 = CARTESIAN_POINT('',(-40.47260791899,88.283213209022,
    -67.70381551639));
#3190 = CARTESIAN_POINT('',(-40.47261039557,88.283219623601,
    -67.70382254955));
#3191 = CARTESIAN_POINT('',(19.487297806518,-54.98640785725,
    88.933757455423));
#3192 = CARTESIAN_POINT('',(19.487295773578,-54.98640146395,
    88.933750632652));
#3193 = CARTESIAN_POINT('',(19.487293767506,-54.98639515514,
    88.933743900053));
#3194 = CARTESIAN_POINT('',(19.487291788302,-54.98638893084,
    88.933737257624));
#3195 = CARTESIAN_POINT('',(19.487289835965,-54.98638279102,
    88.933730705367));
#3196 = CARTESIAN_POINT('',(19.487287910496,-54.98637673571,
    88.933724243281));
#3197 = CARTESIAN_POINT('',(19.487286011895,-54.98637076488,
    88.933717871366));
#3198 = CARTESIAN_POINT('',(19.487284140162,-54.98636487856,
    88.933711589622));
#3199 = CARTESIAN_POINT('',(19.487282295296,-54.98635907672,
    88.93370539805));
#3200 = CARTESIAN_POINT('',(19.487280477299,-54.98635335939,
    88.933699296648));
#3201 = CARTESIAN_POINT('',(19.487278686169,-54.98634772654,
    88.933693285418));
#3202 = CARTESIAN_POINT('',(19.487276921906,-54.9863421782,
    88.933687364359));
#3203 = CARTESIAN_POINT('',(19.487275184512,-54.98633671435,
    88.933681533471));
#3204 = CARTESIAN_POINT('',(19.487273473985,-54.98633133499,
    88.933675792754));
#3205 = CARTESIAN_POINT('',(17.799536421088,-49.67864516745,
    83.269443730313));
#3206 = CARTESIAN_POINT('',(16.113581504618,-44.48166710463,
    77.719124875309));
#3207 = CARTESIAN_POINT('',(14.429407529644,-39.39538971071,
    72.282709114636));
#3208 = CARTESIAN_POINT('',(12.747013121692,-34.41981861476,
    66.960208476225));
#3209 = CARTESIAN_POINT('',(11.066401263944,-29.55494251288,
    61.75159804554));
#3210 = CARTESIAN_POINT('',(9.387566719712,-24.80077963075,
    56.656919491037));
#3211 = CARTESIAN_POINT('',(7.710517095194,-20.15730577123,
    51.676115150717));
#3212 = CARTESIAN_POINT('',(6.035243147602,-15.62454771953,46.8092518732
    ));
#3213 = CARTESIAN_POINT('',(4.361754314066,-11.20248064897,
    42.056264402579));
#3214 = CARTESIAN_POINT('',(2.690042499548,-6.891123784761,
    37.417206357992));
#3215 = CARTESIAN_POINT('',(1.020113513085,-2.690464800956,
    32.892040872619));
#3216 = CARTESIAN_POINT('',(-0.648036098782,1.399489888472,
    28.480788861982));
#3217 = CARTESIAN_POINT('',(-2.314404667719,5.378742873405,
    24.183440819874));
#3218 = CARTESIAN_POINT('',(-6.212008534815,14.436885933148,
    14.38798773556));
#3219 = CARTESIAN_POINT('',(-8.447642370618,20.103872609025,
    8.293868674283));
#3220 = CARTESIAN_POINT('',(-10.65796097464,21.161979792029,
    6.854189824494));
#3221 = CARTESIAN_POINT('',(-12.98435564934,43.957224708108,
    -16.53152469509));
#3222 = CARTESIAN_POINT('',(-14.98989734102,1.724081343122,
    25.688568605059));
#3223 = CARTESIAN_POINT('',(-17.56685024679,95.343043687037,
    -68.97177458733));
#3224 = CARTESIAN_POINT('',(-19.46177151196,-21.32532173079,
    47.882622850523));
#3225 = CARTESIAN_POINT('',(-21.96716179674,116.41884590883,
    -90.77415019881));
#3226 = CARTESIAN_POINT('',(-24.06938907194,11.932063319539,
    13.525599880222));
#3227 = CARTESIAN_POINT('',(-26.38073962285,89.772343399299,
    -64.87808649634));
#3228 = CARTESIAN_POINT('',(-28.61766549056,61.786371572587,
    -37.32156132183));
#3229 = CARTESIAN_POINT('',(-30.87862207107,80.152955422095,
    -56.16085101211));
#3230 = CARTESIAN_POINT('',(-33.1391758329,84.855339385673,
    -61.33521020517));
#3231 = CARTESIAN_POINT('',(-35.40324476295,91.975505047813,
    -68.93367578586));
#3232 = CARTESIAN_POINT('',(-35.40324647347,91.975510427169,
    -68.93368152658));
#3233 = CARTESIAN_POINT('',(-35.40324821087,91.975515891021,
    -68.93368735746));
#3234 = CARTESIAN_POINT('',(-35.40324997513,91.975521439368,
    -68.93369327852));
#3235 = CARTESIAN_POINT('',(-35.40325176626,91.97552707221,
    -68.93369928975));
#3236 = CARTESIAN_POINT('',(-35.40325358426,91.975532789547,
    -68.93370539115));
#3237 = CARTESIAN_POINT('',(-35.40325542912,91.975538591379,
    -68.93371158273));
#3238 = CARTESIAN_POINT('',(-35.40325730086,91.975544477707,
    -68.93371786447));
#3239 = CARTESIAN_POINT('',(-35.40325919946,91.975550448529,
    -68.93372423639));
#3240 = CARTESIAN_POINT('',(-35.40326112493,91.975556503847,
    -68.93373069847));
#3241 = CARTESIAN_POINT('',(-35.40326307726,91.97556264366,
    -68.93373725073));
#3242 = CARTESIAN_POINT('',(-35.40326505647,91.975568867968,
    -68.93374389316));
#3243 = CARTESIAN_POINT('',(-35.40326706254,91.975575176771,
    -68.93375062576));
#3244 = CARTESIAN_POINT('',(-35.40326909548,91.97558157007,
    -68.93375744853));
#3245 = CARTESIAN_POINT('',(16.645604541875,-57.32873995646,
    90.09806339747));
#3246 = CARTESIAN_POINT('',(16.645602905508,-57.32873361604,
    90.098056772851));
#3247 = CARTESIAN_POINT('',(16.645601284497,-57.32872733513,
    90.098050210396));
#3248 = CARTESIAN_POINT('',(16.645599678842,-57.32872111371,
    90.098043710106));
#3249 = CARTESIAN_POINT('',(16.645598088542,-57.32871495179,
    90.098037271982));
#3250 = CARTESIAN_POINT('',(16.645596513598,-57.32870884937,
    90.098030896023));
#3251 = CARTESIAN_POINT('',(16.645594954009,-57.32870280645,
    90.098024582228));
#3252 = CARTESIAN_POINT('',(16.645593409776,-57.32869682302,
    90.098018330599));
#3253 = CARTESIAN_POINT('',(16.645591880899,-57.3286908991,
    90.098012141135));
#3254 = CARTESIAN_POINT('',(16.645590367377,-57.32868503467,
    90.098006013837));
#3255 = CARTESIAN_POINT('',(16.645588869211,-57.32867922974,
    90.097999948703));
#3256 = CARTESIAN_POINT('',(16.6455873864,-57.32867348431,
    90.097993945734));
#3257 = CARTESIAN_POINT('',(16.645585918945,-57.32866779837,
    90.097988004931));
#3258 = CARTESIAN_POINT('',(16.645584466845,-57.32866217194,
    90.097982126292));
#3259 = CARTESIAN_POINT('',(15.205360552846,-51.74824089315,
    84.267420741694));
#3260 = CARTESIAN_POINT('',(13.76638735841,-46.29227786069,
    78.563565331117));
#3261 = CARTESIAN_POINT('',(12.328662958174,-40.96076962072,
    72.986414509926));
#3262 = CARTESIAN_POINT('',(10.892188727084,-35.75371061217,
    67.53595630171));
#3263 = CARTESIAN_POINT('',(9.456961678575,-30.67111201457,
    62.21221560102));
#3264 = CARTESIAN_POINT('',(8.022987060131,-25.71295578073,
    57.015150594066));
#3265 = CARTESIAN_POINT('',(6.590257242552,-20.8792659024,
    51.944819426621));
#3266 = CARTESIAN_POINT('',(5.15878150455,-16.17001578649,
    47.001154337813));
#3267 = CARTESIAN_POINT('',(3.728550366924,-11.58523011165,
    42.18422182392));
#3268 = CARTESIAN_POINT('',(2.29957196064,-7.124889747764,
    37.493966965916));
#3269 = CARTESIAN_POINT('',(0.871840457301,-2.789006970181,
    32.93042770383));
#3270 = CARTESIAN_POINT('',(-0.554640688716,1.422424614599,
    28.493582425145));
#3271 = CARTESIAN_POINT('',(-1.979873134813,5.509402420255,
    24.183440983106));
#3272 = CARTESIAN_POINT('',(-5.314104567074,14.787584353843,
    14.387987606398));
#3273 = CARTESIAN_POINT('',(-7.226190040843,14.4346412142,
    14.441270450499));
#3274 = CARTESIAN_POINT('',(-9.120513796217,68.761416865981,
    -40.1532058345));
#3275 = CARTESIAN_POINT('',(-11.09627621609,-138.874397056,
    167.06836267297));
#3276 = CARTESIAN_POINT('',(-12.84693175775,469.54662191622,
    -441.3618258515));
#3277 = CARTESIAN_POINT('',(-14.9984820924,-748.1443507809,
    775.59857131145));
#3278 = CARTESIAN_POINT('',(-16.67152548127,1.109113176677E+03,
    -1.081528468703E+03));
#3279 = CARTESIAN_POINT('',(-18.77287257482,-1.017062561543E+03,
    1.044007044148E+03));
#3280 = CARTESIAN_POINT('',(-20.59135538411,867.83957316875,
    -841.0263291395));
#3281 = CARTESIAN_POINT('',(-22.55656715036,-382.0797180699,
    408.49771199274));
#3282 = CARTESIAN_POINT('',(-24.46955502703,245.09365387985,
    -218.9769539603));
#3283 = CARTESIAN_POINT('',(-26.39940740603,39.582793632518,
    -13.79772379155));
#3284 = CARTESIAN_POINT('',(-28.3289749543,87.730335774121,
    -62.27638855726));
#3285 = CARTESIAN_POINT('',(-30.26100952759,95.216370872388,
    -70.09798213306));
#3286 = CARTESIAN_POINT('',(-30.26101097969,95.216376498824,
    -70.0979880117));
#3287 = CARTESIAN_POINT('',(-30.26101244715,95.216382184758,
    -70.0979939525));
#3288 = CARTESIAN_POINT('',(-30.26101392996,95.21638793019,
    -70.09799995547));
#3289 = CARTESIAN_POINT('',(-30.26101542812,95.21639373512,
    -70.09800602061));
#3290 = CARTESIAN_POINT('',(-30.26101694164,95.216399599548,
    -70.09801214791));
#3291 = CARTESIAN_POINT('',(-30.26101847052,95.216405523475,
    -70.09801833737));
#3292 = CARTESIAN_POINT('',(-30.26102001476,95.216411506899,
    -70.098024589));
#3293 = CARTESIAN_POINT('',(-30.26102157434,95.216417549822,
    -70.09803090279));
#3294 = CARTESIAN_POINT('',(-30.26102314929,95.216423652242,
    -70.09803727875));
#3295 = CARTESIAN_POINT('',(-30.26102473959,95.216429814161,
    -70.09804371688));
#3296 = CARTESIAN_POINT('',(-30.26102634524,95.216436035578,
    -70.09805021717));
#3297 = CARTESIAN_POINT('',(-30.26102796625,95.216442316494,
    -70.09805677962));
#3298 = CARTESIAN_POINT('',(-30.26102960262,95.216448656907,
    -70.09806340424));
#3299 = CARTESIAN_POINT('',(13.791084506071,-59.31640665631,
    91.125327976033));
#3300 = CARTESIAN_POINT('',(13.791083219561,-59.31640038201,
    91.125321525407));
#3301 = CARTESIAN_POINT('',(13.791081940534,-59.31639414421,
    91.125315112301));
#3302 = CARTESIAN_POINT('',(13.79108066899,-59.3163879429,
    91.125308736714));
#3303 = CARTESIAN_POINT('',(13.791079404929,-59.31638177809,
    91.125302398647));
#3304 = CARTESIAN_POINT('',(13.791078148351,-59.31637564977,
    91.125296098099));
#3305 = CARTESIAN_POINT('',(13.791076899256,-59.31636955794,
    91.125289835071));
#3306 = CARTESIAN_POINT('',(13.791075657644,-59.31636350261,
    91.125283609563));
#3307 = CARTESIAN_POINT('',(13.791074423514,-59.31635748377,
    91.125277421574));
#3308 = CARTESIAN_POINT('',(13.791073196868,-59.31635150143,
    91.125271271105));
#3309 = CARTESIAN_POINT('',(13.791071977704,-59.31634555558,
    91.125265158155));
#3310 = CARTESIAN_POINT('',(13.791070766023,-59.31633964622,
    91.125259082725));
#3311 = CARTESIAN_POINT('',(13.791069561825,-59.31633377336,
    91.125253044815));
#3312 = CARTESIAN_POINT('',(13.79106836511,-59.31632793699,
    91.125247044424));
#3313 = CARTESIAN_POINT('',(12.598955820199,-53.50240559363,
    85.147933139457));
#3314 = CARTESIAN_POINT('',(11.40766034321,-47.82501081307,
    79.308615736676));
#3315 = CARTESIAN_POINT('',(10.21718113495,-42.2841361023,
    73.607285366884));
#3316 = CARTESIAN_POINT('',(9.027517096834,-36.87978592177,
    68.043951528843));
#3317 = CARTESIAN_POINT('',(7.838670618038,-31.61195129341,
    62.618594413232));
#3318 = CARTESIAN_POINT('',(6.650637494875,-26.4806467314,
    57.331247426171));
#3319 = CARTESIAN_POINT('',(5.463423847834,-21.48585291006,
    52.181863902933));
#3320 = CARTESIAN_POINT('',(4.277022222989,-16.62759128601,
    47.170498484477));
#3321 = CARTESIAN_POINT('',(3.091440243581,-11.9058419147,
    42.297097294298));
#3322 = CARTESIAN_POINT('',(1.906671367181,-7.320620281012,
    37.561705030269));
#3323 = CARTESIAN_POINT('',(0.722720281246,-2.871916432368,
    32.964290687361));
#3324 = CARTESIAN_POINT('',(-0.460415786037,1.440264436635,
    28.504871987668));
#3325 = CARTESIAN_POINT('',(-1.64273551242,5.61592443537,24.183440832368
    ));
#3326 = CARTESIAN_POINT('',(-4.409206028255,15.073496224311,
    14.387987722771));
#3327 = CARTESIAN_POINT('',(-5.99537242965,3.116875342533,
    26.148869781513));
#3328 = CARTESIAN_POINT('',(-7.569937917063,158.76913015151,
    -129.6782444358));
#3329 = CARTESIAN_POINT('',(-9.19769643486,-487.8744030705,
    516.69469767344));
#3330 = CARTESIAN_POINT('',(-10.678420651,1.359336299864E+03,
    -1.330521983484E+03));
#3331 = CARTESIAN_POINT('',(-12.42100019391,-2.354483790946E+03,
    2.382820878595E+03));
#3332 = CARTESIAN_POINT('',(-13.85103161755,3.258454676874E+03,
    -3.230032333912E+03));
#3333 = CARTESIAN_POINT('',(-15.56081645811,-3.174539434016E+03,
    3.202543560433E+03));
#3334 = CARTESIAN_POINT('',(-17.08584841308,2.493805454961E+03,
    -2.46588703521E+03));
#3335 = CARTESIAN_POINT('',(-18.70671241727,-1.281419775876E+03,
    1.309080005508E+03));
#3336 = CARTESIAN_POINT('',(-20.29347125452,591.27991502685,
    -563.8164833613));
#3337 = CARTESIAN_POINT('',(-21.89124199164,-40.26051333137,
    67.50732121923));
#3338 = CARTESIAN_POINT('',(-23.48882833092,90.137307347076,
    -63.10678776437));
#3339 = CARTESIAN_POINT('',(-25.0880258976,97.936579794036,
    -71.12524703901));
#3340 = CARTESIAN_POINT('',(-25.08802709431,97.936585630405,
    -71.1252530394));
#3341 = CARTESIAN_POINT('',(-25.08802829851,97.936591503267,
    -71.12525907732));
#3342 = CARTESIAN_POINT('',(-25.08802951019,97.936597412623,
    -71.12526515275));
#3343 = CARTESIAN_POINT('',(-25.08803072935,97.936603358474,
    -71.12527126569));
#3344 = CARTESIAN_POINT('',(-25.088031956,97.936609340818,
    -71.12527741616));
#3345 = CARTESIAN_POINT('',(-25.08803319013,97.936615359657,
    -71.12528360415));
#3346 = CARTESIAN_POINT('',(-25.08803443174,97.936621414989,
    -71.12528982966));
#3347 = CARTESIAN_POINT('',(-25.08803568084,97.936627506815,
    -71.12529609269));
#3348 = CARTESIAN_POINT('',(-25.08803693742,97.936633635136,
    -71.12530239324));
#3349 = CARTESIAN_POINT('',(-25.08803820148,97.93663979995,
    -71.1253087313));
#3350 = CARTESIAN_POINT('',(-25.08803947302,97.936646001259,
    -71.12531510689));
#3351 = CARTESIAN_POINT('',(-25.08804075205,97.936652239061,-71.12532152
    ));
#3352 = CARTESIAN_POINT('',(-25.08804203856,97.936658513357,
    -71.12532797062));
#3353 = CARTESIAN_POINT('',(10.945261881424,-60.88327085184,
    91.944366463194));
#3354 = CARTESIAN_POINT('',(10.945260902402,-60.88326463902,
    91.944360151105));
#3355 = CARTESIAN_POINT('',(10.945259926154,-60.8832584438,91.9443538569
    ));
#3356 = CARTESIAN_POINT('',(10.94525895268,-60.88325226619,
    91.94434758058));
#3357 = CARTESIAN_POINT('',(10.94525798198,-60.88324610618,
    91.944341322143));
#3358 = CARTESIAN_POINT('',(10.945257014053,-60.88323996377,
    91.944335081591));
#3359 = CARTESIAN_POINT('',(10.945256048901,-60.88323383896,
    91.944328858923));
#3360 = CARTESIAN_POINT('',(10.945255086522,-60.88322773176,
    91.94432265414));
#3361 = CARTESIAN_POINT('',(10.945254126917,-60.88322164216,
    91.94431646724));
#3362 = CARTESIAN_POINT('',(10.945253170087,-60.88321557016,
    91.944310298225));
#3363 = CARTESIAN_POINT('',(10.94525221603,-60.88320951577,
    91.944304147094));
#3364 = CARTESIAN_POINT('',(10.945251264747,-60.88320347898,
    91.944298013848));
#3365 = CARTESIAN_POINT('',(10.945250316237,-60.88319745979,
    91.944291898485));
#3366 = CARTESIAN_POINT('',(10.945249370502,-60.88319145821,
    91.944285801007));
#3367 = CARTESIAN_POINT('',(10.000004072484,-54.88471593601,
    85.849966447979));
#3368 = CARTESIAN_POINT('',(9.055238405938,-49.03237500307,
    79.902642879564));
#3369 = CARTESIAN_POINT('',(8.110951182075,-43.32616375887,
    74.102311202877));
#3370 = CARTESIAN_POINT('',(7.167143094219,-37.76607934615,
    68.448965480115));
#3371 = CARTESIAN_POINT('',(6.223812632108,-32.35212752346,
    62.942618132737));
#3372 = CARTESIAN_POINT('',(5.280962457728,-27.08429896713,
    57.583248134415));
#3373 = CARTESIAN_POINT('',(4.338588688262,-21.96260611315,
    52.370884980961));
#3374 = CARTESIAN_POINT('',(3.396696060475,-16.98703512861,
    47.30549398198));
#3375 = CARTESIAN_POINT('',(2.455279723215,-12.15759889644,
    42.387109492405));
#3376 = CARTESIAN_POINT('',(1.514343843393,-7.474287394025,
    37.61570289231));
#3377 = CARTESIAN_POINT('',(0.573885435852,-2.937107078304,
    32.991294107749));
#3378 = CARTESIAN_POINT('',(-0.366093737361,1.453945431805,
    28.513871714156));
#3379 = CARTESIAN_POINT('',(-1.305594512588,5.698868755209,
    24.183440943685));
#3380 = CARTESIAN_POINT('',(-3.504298170189,15.296123996493,
    14.387987639122));
#3381 = CARTESIAN_POINT('',(-4.76468368181,12.024414544213,
    17.544879102707));
#3382 = CARTESIAN_POINT('',(-6.018263625792,93.351877558951,
    -63.88515635209));
#3383 = CARTESIAN_POINT('',(-7.303047591472,-230.4914888639,
    259.79948776826));
#3384 = CARTESIAN_POINT('',(-8.501579600672,706.81033639913,
    -677.5058513124));
#3385 = CARTESIAN_POINT('',(-9.853718502616,-1.174284222959E+03,
    1.203308780861E+03));
#3386 = CARTESIAN_POINT('',(-11.02251263229,1.683379652485E+03,
    -1.654305097626E+03));
#3387 = CARTESIAN_POINT('',(-12.35541563936,-1.590871381093E+03,
    1.619700627474E+03));
#3388 = CARTESIAN_POINT('',(-13.5799363727,1.304004935126E+03,
    -1.275225974733E+03));
#3389 = CARTESIAN_POINT('',(-14.86067775366,-619.8680305506,
    648.49554701383));
#3390 = CARTESIAN_POINT('',(-16.12140904958,340.38423300434,
    -311.8721607085));
#3391 = CARTESIAN_POINT('',(-17.38860213978,21.456317612504,
    6.928687157757));
#3392 = CARTESIAN_POINT('',(-18.65568609837,92.026997306631,
    -63.76886569511));
#3393 = CARTESIAN_POINT('',(-19.92371571597,100.07384461806,
    -71.94428580444));
#3394 = CARTESIAN_POINT('',(-19.92371666171,100.07385061965,
    -71.94429190192));
#3395 = CARTESIAN_POINT('',(-19.92371761022,100.07385663883,
    -71.94429801728));
#3396 = CARTESIAN_POINT('',(-19.9237185615,100.07386267563,
    -71.94430415053));
#3397 = CARTESIAN_POINT('',(-19.92371951556,100.07386873002,
    -71.94431030166));
#3398 = CARTESIAN_POINT('',(-19.92372047239,100.07387480202,
    -71.94431647068));
#3399 = CARTESIAN_POINT('',(-19.92372143199,100.07388089161,
    -71.94432265758));
#3400 = CARTESIAN_POINT('',(-19.92372239437,100.07388699882,
    -71.94432886236));
#3401 = CARTESIAN_POINT('',(-19.92372335952,100.07389312362,
    -71.94433508503));
#3402 = CARTESIAN_POINT('',(-19.92372432745,100.07389926603,
    -71.94434132558));
#3403 = CARTESIAN_POINT('',(-19.92372529815,100.07390542604,
    -71.94434758402));
#3404 = CARTESIAN_POINT('',(-19.92372627162,100.07391160366,
    -71.94435386034));
#3405 = CARTESIAN_POINT('',(-19.92372724787,100.07391779888,
    -71.94436015454));
#3406 = CARTESIAN_POINT('',(-19.92372822689,100.0739240117,
    -71.94436646663));
#3407 = CARTESIAN_POINT('',(8.127544060816,-61.96672811563,
    92.484404930316));
#3408 = CARTESIAN_POINT('',(8.127543354059,-61.96672194304,
    92.484398710599));
#3409 = CARTESIAN_POINT('',(8.127542647853,-61.96671577527,
    92.484392495739));
#3410 = CARTESIAN_POINT('',(8.1275419422,-61.96670961232,92.484386285739
    ));
#3411 = CARTESIAN_POINT('',(8.127541237099,-61.96670345419,
    92.484380080597));
#3412 = CARTESIAN_POINT('',(8.12754053255,-61.96669730088,
    92.484373880313));
#3413 = CARTESIAN_POINT('',(8.127539828553,-61.9666911524,
    92.484367684888));
#3414 = CARTESIAN_POINT('',(8.127539125108,-61.96668500874,
    92.484361494322));
#3415 = CARTESIAN_POINT('',(8.127538422215,-61.9666788699,
    92.484355308614));
#3416 = CARTESIAN_POINT('',(8.127537719874,-61.96667273588,
    92.484349127765));
#3417 = CARTESIAN_POINT('',(8.127537018086,-61.96666660668,
    92.484342951775));
#3418 = CARTESIAN_POINT('',(8.127536316849,-61.96666048231,
    92.484336780643));
#3419 = CARTESIAN_POINT('',(8.127535616165,-61.96665436275,
    92.48433061437));
#3420 = CARTESIAN_POINT('',(8.127534916032,-61.96664824802,
    92.484324452955));
#3421 = CARTESIAN_POINT('',(7.426260173851,-55.84193971608,
    86.312856548221));
#3422 = CARTESIAN_POINT('',(6.725219618056,-49.86974187053,
    80.294319709111));
#3423 = CARTESIAN_POINT('',(6.024412666719,-44.05004806872,
    74.428706731239));
#3424 = CARTESIAN_POINT('',(5.323838987301,-38.38285971677,
    68.716020467116));
#3425 = CARTESIAN_POINT('',(4.623499305962,-32.86817397765,
    63.15625493026));
#3426 = CARTESIAN_POINT('',(3.923392339457,-27.50599545103,
    57.749420292797));
#3427 = CARTESIAN_POINT('',(3.223519964301,-22.29631799228,
    52.495502225585));
#3428 = CARTESIAN_POINT('',(2.523879885962,-17.23914844774,
    47.394517653947));
#3429 = CARTESIAN_POINT('',(1.824474458899,-12.33448042995,
    42.446449745384));
#3430 = CARTESIAN_POINT('',(1.125301658159,-7.582318917815,
    37.651312578246));
#3431 = CARTESIAN_POINT('',(0.426362934766,-2.982660696116,
    33.009096315689));
#3432 = CARTESIAN_POINT('',(-0.272342566499,1.464492545586,
    28.51980661456));
#3433 = CARTESIAN_POINT('',(-0.970814441649,5.759141502071,
    24.183440878665));
#3434 = CARTESIAN_POINT('',(-2.60572734956,15.457899867257,
    14.387987686695));
#3435 = CARTESIAN_POINT('',(-3.542745220459,24.211773878864,
    5.578097178407));
#3436 = CARTESIAN_POINT('',(-4.476443099675,2.11748464392,
    27.622345130736));
#3437 = CARTESIAN_POINT('',(-5.425363869028,127.18131047761,
    -97.51891832194));
#3438 = CARTESIAN_POINT('',(-6.332206149384,-201.2399380655,
    230.90061917366));
#3439 = CARTESIAN_POINT('',(-7.313986525374,467.35541899339,
    -437.8313108254));
#3440 = CARTESIAN_POINT('',(-8.206321428815,-508.9586257854,
    538.50713191303));
#3441 = CARTESIAN_POINT('',(-9.178716670453,612.53518641251,
    -583.106365015));
#3442 = CARTESIAN_POINT('',(-10.09823885786,-352.7065804514,
    382.11087395561));
#3443 = CARTESIAN_POINT('',(-11.04518662892,300.08202261456,
    -270.751617648));
#3444 = CARTESIAN_POINT('',(-11.9823739477,-9.831726999217,
    39.105812190129));
#3445 = CARTESIAN_POINT('',(-12.92271277325,106.2238453444,
    -77.01175343824));
#3446 = CARTESIAN_POINT('',(-13.86299877901,93.355605539816,
    -64.20541101573));
#3447 = CARTESIAN_POINT('',(-14.80374625855,101.57179212764,
    -72.48432445126));
#3448 = CARTESIAN_POINT('',(-14.80374695868,101.57179824238,
    -72.48433061268));
#3449 = CARTESIAN_POINT('',(-14.80374765937,101.57180436193,
    -72.48433677895));
#3450 = CARTESIAN_POINT('',(-14.8037483606,101.5718104863,
    -72.48434295008));
#3451 = CARTESIAN_POINT('',(-14.80374906239,101.5718166155,
    -72.48434912607));
#3452 = CARTESIAN_POINT('',(-14.80374976473,101.57182274952,
    -72.48435530692));
#3453 = CARTESIAN_POINT('',(-14.80375046763,101.57182888836,
    -72.48436149263));
#3454 = CARTESIAN_POINT('',(-14.80375117107,101.57183503202,
    -72.4843676832));
#3455 = CARTESIAN_POINT('',(-14.80375187507,101.57184118051,
    -72.48437387862));
#3456 = CARTESIAN_POINT('',(-14.80375257962,101.57184733381,
    -72.4843800789));
#3457 = CARTESIAN_POINT('',(-14.80375328472,101.57185349194,
    -72.48438628405));
#3458 = CARTESIAN_POINT('',(-14.80375399037,101.57185965489,
    -72.48439249405));
#3459 = CARTESIAN_POINT('',(-14.80375469658,101.57186582266,
    -72.48439870891));
#3460 = CARTESIAN_POINT('',(-14.80375540333,101.57187199525,
    -72.48440492862));
#3461 = CARTESIAN_POINT('',(5.354906081145,-62.50711916825,
    92.675202830166));
#3462 = CARTESIAN_POINT('',(5.354905620622,-62.50711299964,
    92.675196646419));
#3463 = CARTESIAN_POINT('',(5.354905160099,-62.50710683104,
    92.675190462672));
#3464 = CARTESIAN_POINT('',(5.354904699576,-62.50710066244,
    92.675184278925));
#3465 = CARTESIAN_POINT('',(5.354904239053,-62.50709449384,
    92.675178095178));
#3466 = CARTESIAN_POINT('',(5.35490377853,-62.50708832524,
    92.675171911431));
#3467 = CARTESIAN_POINT('',(5.354903318007,-62.50708215664,
    92.675165727684));
#3468 = CARTESIAN_POINT('',(5.354902857484,-62.50707598804,
    92.675159543937));
#3469 = CARTESIAN_POINT('',(5.354902396961,-62.50706981943,
    92.67515336019));
#3470 = CARTESIAN_POINT('',(5.354901936438,-62.50706365083,
    92.675147176443));
#3471 = CARTESIAN_POINT('',(5.354901475915,-62.50705748223,
    92.675140992696));
#3472 = CARTESIAN_POINT('',(5.354901015392,-62.50705131363,
    92.675134808949));
#3473 = CARTESIAN_POINT('',(5.354900554869,-62.50704514503,
    92.675128625202));
#3474 = CARTESIAN_POINT('',(5.354900094346,-62.50703897643,
    92.675122441455));
#3475 = CARTESIAN_POINT('',(4.89326164711,-56.32349645491,
    86.476397704138));
#3476 = CARTESIAN_POINT('',(4.431699487301,-50.29484497906,
    80.432700431178));
#3477 = CARTESIAN_POINT('',(3.970213115812,-44.42107856129,
    74.544024794523));
#3478 = CARTESIAN_POINT('',(3.508802642223,-38.70219672391,
    68.810369822217));
#3479 = CARTESIAN_POINT('',(3.047467826009,-33.13820043058,
    63.231737563085));
#3480 = CARTESIAN_POINT('',(2.586209094381,-27.72908811903,
    57.808124518732));
#3481 = CARTESIAN_POINT('',(2.125025819679,-22.47486187623,
    52.53953564278));
#3482 = CARTESIAN_POINT('',(1.663918772528,-17.37551937695,
    47.425965053341));
#3483 = CARTESIAN_POINT('',(1.202887159583,-12.43106279045,
    42.467418630255));
#3484 = CARTESIAN_POINT('',(0.741931664646,-7.641490425745,
    37.663891431412));
#3485 = CARTESIAN_POINT('',(0.28105179743,-3.006803375501,
    33.015386925898));
#3486 = CARTESIAN_POINT('',(-0.179752153642,1.472998935836,
    28.52190311053));
#3487 = CARTESIAN_POINT('',(-0.64048032393,5.797916269858,
    24.183440907807));
#3488 = CARTESIAN_POINT('',(-1.719089673894,15.561973795683,
    14.387987665835));
#3489 = CARTESIAN_POINT('',(-2.33715818325,3.215447120554,
    26.716326502742));
#3490 = CARTESIAN_POINT('',(-2.954148671672,163.93243583167,
    -134.0169102503));
#3491 = CARTESIAN_POINT('',(-3.576082003918,-503.7956037868,
    533.68598678049));
#3492 = CARTESIAN_POINT('',(-4.184352634746,1.403921665661E+03,
    -1.374031839165E+03));
#3493 = CARTESIAN_POINT('',(-4.816955314389,-2.432444693526E+03,
    2.462290177773E+03));
#3494 = CARTESIAN_POINT('',(-5.420515345561,3.367092640799E+03,
    -3.337239236536E+03));
#3495 = CARTESIAN_POINT('',(-6.05007092982,-3.280667471117E+03,
    3.310482016885E+03));
#3496 = CARTESIAN_POINT('',(-6.662458353252,2.577746294343E+03,
    -2.54793971398E+03));
#3497 = CARTESIAN_POINT('',(-7.283751288913,-1.324147991681E+03,
    1.353930582321E+03));
#3498 = CARTESIAN_POINT('',(-7.901874612566,611.70581657858,
    -581.9415128855));
#3499 = CARTESIAN_POINT('',(-8.521021470951,-40.91572577577,
    70.659901205897));
#3500 = CARTESIAN_POINT('',(-9.140151062163,94.083722424728,
    -64.35964442356));
#3501 = CARTESIAN_POINT('',(-9.759430756849,102.37883376781,
    -72.67512244203));
#3502 = CARTESIAN_POINT('',(-9.759431217372,102.37883993641,
    -72.67512862578));
#3503 = CARTESIAN_POINT('',(-9.759431677895,102.37884610501,
    -72.67513480953));
#3504 = CARTESIAN_POINT('',(-9.759432138418,102.37885227361,
    -72.67514099327));
#3505 = CARTESIAN_POINT('',(-9.759432598941,102.37885844221,
    -72.67514717702));
#3506 = CARTESIAN_POINT('',(-9.759433059464,102.37886461081,
    -72.67515336077));
#3507 = CARTESIAN_POINT('',(-9.759433519987,102.37887077942,
    -72.67515954451));
#3508 = CARTESIAN_POINT('',(-9.75943398051,102.37887694802,
    -72.67516572826));
#3509 = CARTESIAN_POINT('',(-9.759434441033,102.37888311662,
    -72.67517191201));
#3510 = CARTESIAN_POINT('',(-9.759434901556,102.37888928522,
    -72.67517809576));
#3511 = CARTESIAN_POINT('',(-9.759435362079,102.37889545382,
    -72.6751842795));
#3512 = CARTESIAN_POINT('',(-9.759435822602,102.37890162242,
    -72.67519046325));
#3513 = CARTESIAN_POINT('',(-9.759436283125,102.37890779102,
    -72.675196647));
#3514 = CARTESIAN_POINT('',(-9.759436743648,102.37891395963,
    -72.67520283074));
#3515 = CARTESIAN_POINT('',(2.641763517047,-62.44712275658,
    92.447122756585));
#3516 = CARTESIAN_POINT('',(2.641763287729,-62.44711654252,
    92.447116542522));
#3517 = CARTESIAN_POINT('',(2.64176305859,-62.44711033329,
    92.447110333291));
#3518 = CARTESIAN_POINT('',(2.641762829629,-62.44710412889,
    92.447104128893));
#3519 = CARTESIAN_POINT('',(2.641762600846,-62.44709792932,
    92.447097929327));
#3520 = CARTESIAN_POINT('',(2.641762372241,-62.44709173459,
    92.447091734593));
#3521 = CARTESIAN_POINT('',(2.641762143815,-62.44708554469,
    92.447085544692));
#3522 = CARTESIAN_POINT('',(2.641761915567,-62.44707935962,
    92.447079359622));
#3523 = CARTESIAN_POINT('',(2.641761687497,-62.44707317938,
    92.447073179386));
#3524 = CARTESIAN_POINT('',(2.641761459606,-62.44706700398,
    92.447067003981));
#3525 = CARTESIAN_POINT('',(2.641761231893,-62.44706083341,
    92.447060833409));
#3526 = CARTESIAN_POINT('',(2.641761004359,-62.44705466767,
    92.447054667669));
#3527 = CARTESIAN_POINT('',(2.641760777003,-62.44704850676,
    92.447048506762));
#3528 = CARTESIAN_POINT('',(2.641760549825,-62.44704235068,
    92.447042350686));
#3529 = CARTESIAN_POINT('',(2.41421113612,-56.28090049868,
    86.280900497571));
#3530 = CARTESIAN_POINT('',(2.186661948335,-50.26727978895,
    80.267279794472));
#3531 = CARTESIAN_POINT('',(1.959112764632,-44.40617404174,
    74.406174025078));
#3532 = CARTESIAN_POINT('',(1.731563569938,-38.69758333183,68.6975833693
    ));
#3533 = CARTESIAN_POINT('',(1.50401439827,-33.14150750954,
    63.141507443094));
#3534 = CARTESIAN_POINT('',(1.276465187639,-27.73794681527,
    57.737946910601));
#3535 = CARTESIAN_POINT('',(1.048916031184,-22.48690093138,
    52.486900819623));
#3536 = CARTESIAN_POINT('',(0.821366812406,-17.38837020729,
    47.388370314545));
#3537 = CARTESIAN_POINT('',(0.593817652967,-12.44235432172,
    42.44235423791));
#3538 = CARTESIAN_POINT('',(0.366268447018,-7.648853521219,
    37.64885357364));
#3539 = CARTESIAN_POINT('',(0.138719270681,-3.007867648844,
    33.007867623609));
#3540 = CARTESIAN_POINT('',(-8.882992053408E-02,1.480603213549,
    28.519396794951));
#3541 = CARTESIAN_POINT('',(-0.316379106245,5.816559100092,
    24.183440898548));
#3542 = CARTESIAN_POINT('',(-0.849181521936,15.612012328505,
    14.387987672426));
#3543 = CARTESIAN_POINT('',(-1.154434751335,21.448303229723,
    8.551696767541));
#3544 = CARTESIAN_POINT('',(-1.459687977445,25.11612039795,4.88387960899
    ));
#3545 = CARTESIAN_POINT('',(-1.764941212346,38.726724065345,
    -8.726724079765));
#3546 = CARTESIAN_POINT('',(-2.070194431002,24.854013325414,
    5.145986698803));
#3547 = CARTESIAN_POINT('',(-2.375447671814,59.926638156057,
    -29.92663818922));
#3548 = CARTESIAN_POINT('',(-2.680700890521,36.578395708931,
    -6.578395671202));
#3549 = CARTESIAN_POINT('',(-2.985954123873,65.521414500132,
    -35.52141453614));
#3550 = CARTESIAN_POINT('',(-3.29120735373,59.930160559633,
    -29.93016053111));
#3551 = CARTESIAN_POINT('',(-3.596460578331,72.252355090674,
    -42.25235510851));
#3552 = CARTESIAN_POINT('',(-3.901713811163,78.199094199503,
    -48.1990941911));
#3553 = CARTESIAN_POINT('',(-4.206967037416,86.204496753752,
    -56.20449675635));
#3554 = CARTESIAN_POINT('',(-4.512220267172,94.175273696044,
    -64.17527369584));
#3555 = CARTESIAN_POINT('',(-4.817473722706,102.44704235087,
    -72.44704235059));
#3556 = CARTESIAN_POINT('',(-4.817473949884,102.44704850694,
    -72.44704850667));
#3557 = CARTESIAN_POINT('',(-4.81747417724,102.44705466785,
    -72.44705466758));
#3558 = CARTESIAN_POINT('',(-4.817474404774,102.44706083359,
    -72.44706083332));
#3559 = CARTESIAN_POINT('',(-4.817474632487,102.44706700416,
    -72.44706700389));
#3560 = CARTESIAN_POINT('',(-4.817474860379,102.44707317957,
    -72.44707317929));
#3561 = CARTESIAN_POINT('',(-4.817475088448,102.4470793598,
    -72.44707935953));
#3562 = CARTESIAN_POINT('',(-4.817475316696,102.44708554487,
    -72.4470855446));
#3563 = CARTESIAN_POINT('',(-4.817475545122,102.44709173477,
    -72.4470917345));
#3564 = CARTESIAN_POINT('',(-4.817475773727,102.44709792951,
    -72.44709792923));
#3565 = CARTESIAN_POINT('',(-4.81747600251,102.44710412907,
    -72.4471041288));
#3566 = CARTESIAN_POINT('',(-4.817476231471,102.44711033347,
    -72.4471103332));
#3567 = CARTESIAN_POINT('',(-4.81747646061,102.4471165427,
    -72.44711654243));
#3568 = CARTESIAN_POINT('',(-4.817476689928,102.44712275677,
    -72.44712275649));
#3569 = CARTESIAN_POINT('',(-2.641763626575,-61.01518839792,
    91.015188397929));
#3570 = CARTESIAN_POINT('',(-2.64176338161,-61.01518198008,
    91.015181980091));
#3571 = CARTESIAN_POINT('',(-2.641763138028,-61.01517559845,
    91.015175598459));
#3572 = CARTESIAN_POINT('',(-2.641762895827,-61.01516925302,
    91.015169253031));
#3573 = CARTESIAN_POINT('',(-2.641762655008,-61.0151629438,
    91.015162943808));
#3574 = CARTESIAN_POINT('',(-2.641762415572,-61.01515667078,
    91.01515667079));
#3575 = CARTESIAN_POINT('',(-2.641762177517,-61.01515043397,
    91.015150433976));
#3576 = CARTESIAN_POINT('',(-2.641761940844,-61.01514423336,
    91.015144233368));
#3577 = CARTESIAN_POINT('',(-2.641761705553,-61.01513806896,
    91.015138068964));
#3578 = CARTESIAN_POINT('',(-2.641761471643,-61.01513194076,
    91.015131940765));
#3579 = CARTESIAN_POINT('',(-2.641761239116,-61.01512584876,
    91.015125848771));
#3580 = CARTESIAN_POINT('',(-2.641761007971,-61.01511979297,
    91.015119792981));
#3581 = CARTESIAN_POINT('',(-2.641760778207,-61.01511377339,
    91.015113773397));
#3582 = CARTESIAN_POINT('',(-2.641760549826,-61.01510779001,
    91.015107790017));
#3583 = CARTESIAN_POINT('',(-2.414211135955,-55.05352819435,
    85.0535281954));
#3584 = CARTESIAN_POINT('',(-2.186661949113,-49.22873398587,
    79.22873398057));
#3585 = CARTESIAN_POINT('',(-1.959112762434,-43.54071922682,
    73.540719243336));
#3586 = CARTESIAN_POINT('',(-1.731563574524,-37.98948389381,
    67.989483855856));
#3587 = CARTESIAN_POINT('',(-1.504014390727,-32.5750280302,
    62.575028098637));
#3588 = CARTESIAN_POINT('',(-1.27646519773,-27.29735157305,
    57.297351473669));
#3589 = CARTESIAN_POINT('',(-1.048916020081,-22.15645459516,
    52.156454712857));
#3590 = CARTESIAN_POINT('',(-0.821366822493,-17.15233702967,
    47.152336915799));
#3591 = CARTESIAN_POINT('',(-0.593817645413,-12.28499892412,
    42.284999013596));
#3592 = CARTESIAN_POINT('',(-0.366268451649,-7.554440253874,
    37.554440197869));
#3593 = CARTESIAN_POINT('',(-0.138719268393,-2.960661026923,
    32.960661053688));
#3594 = CARTESIAN_POINT('',(8.882991965333E-02,1.496338757645,
    28.50366123358));
#3595 = CARTESIAN_POINT('',(0.316379106491,5.816559099597,
    24.183440901606));
#3596 = CARTESIAN_POINT('',(0.849181521509,15.612012329492,
    14.387987670168));
#3597 = CARTESIAN_POINT('',(1.154434753614,21.42516356312,8.574836435453
    ));
#3598 = CARTESIAN_POINT('',(1.45968797071,25.293570655607,4.706429350732
    ));
#3599 = CARTESIAN_POINT('',(1.764941226768,38.078929623439,
    -8.078929638559));
#3600 = CARTESIAN_POINT('',(2.070194406922,26.216530886015,
    3.783469140259));
#3601 = CARTESIAN_POINT('',(2.375447704146,58.249593760324,
    -28.24959379585));
#3602 = CARTESIAN_POINT('',(2.680700855167,37.889289535812,
    -7.889289497874));
#3603 = CARTESIAN_POINT('',(2.985954155484,64.425160735547,
    -34.42516076744));
#3604 = CARTESIAN_POINT('',(3.291207330685,59.989789957314,
    -29.98978993631));
#3605 = CARTESIAN_POINT('',(3.596460591912,71.619669704364,
    -41.61966971523));
#3606 = CARTESIAN_POINT('',(3.901713804847,77.531873880617,
    -47.53187387622));
#3607 = CARTESIAN_POINT('',(4.206967039602,85.290341360208,
    -55.29034136162));
#3608 = CARTESIAN_POINT('',(4.512220266714,93.017755732698,
    -63.01775573225));
#3609 = CARTESIAN_POINT('',(4.81747372271,101.01510778991,
    -71.01510779006));
#3610 = CARTESIAN_POINT('',(4.817473951091,101.01511377329,
    -71.01511377344));
#3611 = CARTESIAN_POINT('',(4.817474180855,101.01511979288,
    -71.01511979302));
#3612 = CARTESIAN_POINT('',(4.817474412,101.01512584867,-71.01512584881)
  );
#3613 = CARTESIAN_POINT('',(4.817474644527,101.01513194066,
    -71.0151319408));
#3614 = CARTESIAN_POINT('',(4.817474878436,101.01513806886,-71.015138069
    ));
#3615 = CARTESIAN_POINT('',(4.817475113727,101.01514423326,
    -71.01514423341));
#3616 = CARTESIAN_POINT('',(4.8174753504,101.01515043387,-71.01515043402
    ));
#3617 = CARTESIAN_POINT('',(4.817475588455,101.01515667069,
    -71.01515667083));
#3618 = CARTESIAN_POINT('',(4.817475827892,101.0151629437,
    -71.01516294385));
#3619 = CARTESIAN_POINT('',(4.817476068711,101.01516925293,
    -71.01516925307));
#3620 = CARTESIAN_POINT('',(4.817476310911,101.01517559836,
    -71.0151755985));
#3621 = CARTESIAN_POINT('',(4.817476554494,101.01518197999,
    -71.01518198013));
#3622 = CARTESIAN_POINT('',(4.817476799458,101.01518839783,
    -71.01518839797));
#3623 = CARTESIAN_POINT('',(-5.354906455732,-60.12056188664,
    90.288645560855));
#3624 = CARTESIAN_POINT('',(-5.354905941695,-60.12055538086,
    90.288639038169));
#3625 = CARTESIAN_POINT('',(-5.354905431774,-60.12054892718,
    90.288632567718));
#3626 = CARTESIAN_POINT('',(-5.354904925969,-60.1205425256,
    90.288626149501));
#3627 = CARTESIAN_POINT('',(-5.354904424281,-60.12053617612,
    90.28861978352));
#3628 = CARTESIAN_POINT('',(-5.35490392671,-60.12052987873,
    90.288613469773));
#3629 = CARTESIAN_POINT('',(-5.354903433255,-60.12052363345,
    90.288607208261));
#3630 = CARTESIAN_POINT('',(-5.354902943916,-60.12051744027,
    90.288600998984));
#3631 = CARTESIAN_POINT('',(-5.354902458694,-60.12051129918,
    90.288594841942));
#3632 = CARTESIAN_POINT('',(-5.354901977589,-60.1205052102,
    90.288588737134));
#3633 = CARTESIAN_POINT('',(-5.3549015006,-60.12049917331,
    90.288582684561));
#3634 = CARTESIAN_POINT('',(-5.354901027727,-60.12049318852,
    90.288576684223));
#3635 = CARTESIAN_POINT('',(-5.354900558971,-60.12048725584,
    90.28857073612));
#3636 = CARTESIAN_POINT('',(-5.354900094332,-60.12048137525,
    90.288564840251));
#3637 = CARTESIAN_POINT('',(-4.893261648866,-54.27787593939,
    84.430777178199));
#3638 = CARTESIAN_POINT('',(-4.431699479014,-48.56393534422,
    78.701790848344));
#3639 = CARTESIAN_POINT('',(-3.9702131392,-42.9786537709,73.10159984545)
  );
#3640 = CARTESIAN_POINT('',(-3.508802593476,-37.5220311843,
    67.630204641737));
#3641 = CARTESIAN_POINT('',(-3.047467906107,-32.19406768034,
    62.287604173232));
#3642 = CARTESIAN_POINT('',(-2.586208987348,-26.99476305521,
    57.073800374949));
#3643 = CARTESIAN_POINT('',(-2.125025937333,-21.92411765515,
    51.988790340703));
#3644 = CARTESIAN_POINT('',(-1.663918665739,-16.98213100153,
    47.032577717138));
#3645 = CARTESIAN_POINT('',(-1.20288723947,-12.16880363667,
    42.205158663617));
#3646 = CARTESIAN_POINT('',(-0.741931615705,-7.484135058228,
    37.506536571764));
#3647 = CARTESIAN_POINT('',(-0.281051821586,-2.928125641385,
    32.936708948394));
#3648 = CARTESIAN_POINT('',(0.179752162937,1.499224832595,
    28.495677294701));
#3649 = CARTESIAN_POINT('',(0.640480321338,5.797916271925,
    24.183440893589));
#3650 = CARTESIAN_POINT('',(1.719089678404,15.561973791545,
    14.387987676389));
#3651 = CARTESIAN_POINT('',(2.337158159205,21.345196467966,
    8.586577147139));
#3652 = CARTESIAN_POINT('',(2.95414874278,25.299131886221,4.61639370361)
  );
#3653 = CARTESIAN_POINT('',(3.576081851541,37.640631176017,
    -7.75024819119));
#3654 = CARTESIAN_POINT('',(4.184352889397,26.797678945894,
    3.092147560878));
#3655 = CARTESIAN_POINT('',(4.816954972083,57.244170130995,
    -27.39868590206));
#3656 = CARTESIAN_POINT('',(5.420515720315,38.407822134498,
    -8.554417838837));
#3657 = CARTESIAN_POINT('',(6.050070594322,63.683483399838,
    -33.86893768365));
#3658 = CARTESIAN_POINT('',(6.662458598115,59.826625245997,
    -30.02004482146));
#3659 = CARTESIAN_POINT('',(7.28375114446,71.081244997183,
    -41.29865440672));
#3660 = CARTESIAN_POINT('',(7.901874679797,76.957639560378,
    -47.19333583993));
#3661 = CARTESIAN_POINT('',(8.521021447671,84.570687541191,
    -54.82651212001));
#3662 = CARTESIAN_POINT('',(9.140151067048,92.154525802883,
    -62.43044780194));
#3663 = CARTESIAN_POINT('',(9.759430756806,99.992276167817,
    -70.28856484018));
#3664 = CARTESIAN_POINT('',(9.759431221445,99.992282048404,
    -70.28857073605));
#3665 = CARTESIAN_POINT('',(9.759431690201,99.992287981091,
    -70.28857668415));
#3666 = CARTESIAN_POINT('',(9.759432163074,99.992293965878,
    -70.28858268449));
#3667 = CARTESIAN_POINT('',(9.759432640063,99.992300002763,
    -70.28858873707));
#3668 = CARTESIAN_POINT('',(9.759433121168,99.992306091748,
    -70.28859484187));
#3669 = CARTESIAN_POINT('',(9.75943360639,99.992312232833,
    -70.28860099892));
#3670 = CARTESIAN_POINT('',(9.759434095729,99.992318426017,
    -70.28860720819));
#3671 = CARTESIAN_POINT('',(9.759434589184,99.9923246713,-70.2886134697)
  );
#3672 = CARTESIAN_POINT('',(9.759435086755,99.992330968683,
    -70.28861978345));
#3673 = CARTESIAN_POINT('',(9.759435588443,99.992337318165,
    -70.28862614943));
#3674 = CARTESIAN_POINT('',(9.759436094248,99.992343719747,
    -70.28863256765));
#3675 = CARTESIAN_POINT('',(9.759436604169,99.992350173428,
    -70.2886390381));
#3676 = CARTESIAN_POINT('',(9.759437118206,99.992356679208,
    -70.28864556079));
#3677 = CARTESIAN_POINT('',(-8.127544774598,-59.03777141114,
    89.555448273501));
#3678 = CARTESIAN_POINT('',(-8.127543965879,-59.03776483058,
    89.555441639012));
#3679 = CARTESIAN_POINT('',(-8.127543165555,-59.03775831833,
    89.555435073397));
#3680 = CARTESIAN_POINT('',(-8.127542373626,-59.03775187439,
    89.555428576654));
#3681 = CARTESIAN_POINT('',(-8.127541590092,-59.03774549876,
    89.555422148784));
#3682 = CARTESIAN_POINT('',(-8.127540814954,-59.03773919145,
    89.555415789786));
#3683 = CARTESIAN_POINT('',(-8.127540048211,-59.03773295245,
    89.555409499661));
#3684 = CARTESIAN_POINT('',(-8.127539289864,-59.03772678176,
    89.555403278408));
#3685 = CARTESIAN_POINT('',(-8.127538539912,-59.03772067938,
    89.555397126028));
#3686 = CARTESIAN_POINT('',(-8.127537798355,-59.03771464532,
    89.555391042521));
#3687 = CARTESIAN_POINT('',(-8.127537065193,-59.03770867957,
    89.555385027886));
#3688 = CARTESIAN_POINT('',(-8.127536340427,-59.03770278214,
    89.555379082124));
#3689 = CARTESIAN_POINT('',(-8.127535624056,-59.03769695301,
    89.555373205235));
#3690 = CARTESIAN_POINT('',(-8.127534916081,-59.0376911922,
    89.555367397218));
#3691 = CARTESIAN_POINT('',(-7.426260168157,-53.33140547087,
    83.802322333881));
#3692 = CARTESIAN_POINT('',(-6.725219644912,-47.74544357653,
    78.170021261872));
#3693 = CARTESIAN_POINT('',(-6.024412591,-42.27979974448,72.658458872054
    ));
#3694 = CARTESIAN_POINT('',(-5.323839144958,-36.93447419537,
    67.267633899098));
#3695 = CARTESIAN_POINT('',(-4.623499047203,-31.70946640649,
    61.997549213068));
#3696 = CARTESIAN_POINT('',(-3.923392684864,-26.60477737373,
    56.848199561436));
#3697 = CARTESIAN_POINT('',(-3.223519585014,-21.62040554139,
    51.819592880671));
#3698 = CARTESIAN_POINT('',(-2.523880229869,-16.75635292286,
    46.911719152611));
#3699 = CARTESIAN_POINT('',(-1.824474201884,-12.01261735336,
    42.124588991135));
#3700 = CARTESIAN_POINT('',(-1.125301815468,-7.389200756999,
    37.458192969095));
#3701 = CARTESIAN_POINT('',(-0.426362857182,-2.886101740337,
    32.91253805339));
#3702 = CARTESIAN_POINT('',(0.272342536667,1.496678899461,28.48762002984
    ));
#3703 = CARTESIAN_POINT('',(0.970814449965,5.759141497209,
    24.183440918658));
#3704 = CARTESIAN_POINT('',(2.605727335096,15.45789987705,
    14.387987657063));
#3705 = CARTESIAN_POINT('',(3.542745297602,21.191445623471,
    8.598425465871));
#3706 = CARTESIAN_POINT('',(4.476442871399,25.214296485699,
    4.525533238492));
#3707 = CARTESIAN_POINT('',(5.425364358649,37.080948219889,
    -7.418555981871));
#3708 = CARTESIAN_POINT('',(6.332205330194,27.266187416,2.394493561501)
  );
#3709 = CARTESIAN_POINT('',(7.313987628011,56.064092108485,
    -26.53998374853));
#3710 = CARTESIAN_POINT('',(8.206320219929,38.774144812537,
    -9.225638943578));
#3711 = CARTESIAN_POINT('',(9.178717754235,62.736441062063,
    -33.30761935697));
#3712 = CARTESIAN_POINT('',(10.098238065864,59.454870590845,
    -30.05057738788));
#3713 = CARTESIAN_POINT('',(11.045187096654,70.305103704847,
    -40.97469851556));
#3714 = CARTESIAN_POINT('',(11.982373729824,76.125782346738,
    -46.85169727553));
#3715 = CARTESIAN_POINT('',(12.922712848758,83.570526492654,
    -54.35843454518));
#3716 = CARTESIAN_POINT('',(13.862998763162,90.987955183267,
    -61.83776066254));
#3717 = CARTESIAN_POINT('',(14.803746258693,98.642835068934,
    -69.55536739728));
#3718 = CARTESIAN_POINT('',(14.803746966669,98.642840829745,
    -69.55537320529));
#3719 = CARTESIAN_POINT('',(14.803747683039,98.642846658868,
    -69.55537908218));
#3720 = CARTESIAN_POINT('',(14.803748407806,98.642852556305,
    -69.55538502794));
#3721 = CARTESIAN_POINT('',(14.803749140967,98.642858522054,
    -69.55539104258));
#3722 = CARTESIAN_POINT('',(14.803749882524,98.642864556116,
    -69.55539712609));
#3723 = CARTESIAN_POINT('',(14.803750632476,98.642870658491,
    -69.55540327847));
#3724 = CARTESIAN_POINT('',(14.803751390824,98.642876829178,
    -69.55540949972));
#3725 = CARTESIAN_POINT('',(14.803752157567,98.642883068179,
    -69.55541578984));
#3726 = CARTESIAN_POINT('',(14.803752932705,98.642889375492,
    -69.55542214884));
#3727 = CARTESIAN_POINT('',(14.803753716238,98.642895751118,
    -69.55542857671));
#3728 = CARTESIAN_POINT('',(14.803754508167,98.642902195057,
    -69.55543507345));
#3729 = CARTESIAN_POINT('',(14.803755308491,98.642908707309,
    -69.55544163907));
#3730 = CARTESIAN_POINT('',(14.80375611721,98.642915287874,
    -69.55544827356));
#3731 = CARTESIAN_POINT('',(-10.94526293898,-57.75905029711,
    88.820146015521));
#3732 = CARTESIAN_POINT('',(-10.94526180886,-57.75904365906,
    88.820139262877));
#3733 = CARTESIAN_POINT('',(-10.94526069314,-57.75903710556,
    88.820132596255));
#3734 = CARTESIAN_POINT('',(-10.94525959182,-57.75903063663,
    88.820126015655));
#3735 = CARTESIAN_POINT('',(-10.94525850489,-57.75902425227,
    88.820119521077));
#3736 = CARTESIAN_POINT('',(-10.94525743236,-57.75901795246,
    88.820113112522));
#3737 = CARTESIAN_POINT('',(-10.94525637423,-57.75901173722,
    88.820106789989));
#3738 = CARTESIAN_POINT('',(-10.94525533049,-57.75900560654,
    88.820100553478));
#3739 = CARTESIAN_POINT('',(-10.94525430115,-57.75899956042,
    88.82009440299));
#3740 = CARTESIAN_POINT('',(-10.9452532862,-57.75899359887,
    88.820088338523));
#3741 = CARTESIAN_POINT('',(-10.94525228566,-57.75898772187,
    88.820082360079));
#3742 = CARTESIAN_POINT('',(-10.9452512995,-57.75898192944,
    88.820076467658));
#3743 = CARTESIAN_POINT('',(-10.94525032775,-57.75897622158,
    88.820070661259));
#3744 = CARTESIAN_POINT('',(-10.94524937039,-57.75897059827,
    88.820064940882));
#3745 = CARTESIAN_POINT('',(-10.00000408481,-52.20681269156,
    83.17206313718));
#3746 = CARTESIAN_POINT('',(-9.05523834784,-46.76645704199,
    77.636725246167));
#3747 = CARTESIAN_POINT('',(-8.110951345685,-41.4378982974,
    72.214044751792));
#3748 = CARTESIAN_POINT('',(-7.167142753988,-36.22113589991,
    66.90402424913));
#3749 = CARTESIAN_POINT('',(-6.223813189791,-31.11617114264,
    61.706657848619));
#3750 = CARTESIAN_POINT('',(-5.28096171424,-26.12300161127,
    56.62195633932));
#3751 = CARTESIAN_POINT('',(-4.338589503652,-21.24163100801,
    51.649903394613));
#3752 = CARTESIAN_POINT('',(-3.396695322078,-16.47205462193,
    46.790519666277));
#3753 = CARTESIAN_POINT('',(-2.455280274354,-11.81427744152,
    42.04378321886));
#3754 = CARTESIAN_POINT('',(-1.51434350646,-7.268295090952,
    37.409713589316));
#3755 = CARTESIAN_POINT('',(-0.57388560185,-2.8341107064,32.888296300281
    ));
#3756 = CARTESIAN_POINT('',(0.366093801128,1.488277495231,
    28.479540129352));
#3757 = CARTESIAN_POINT('',(1.30559449483,5.698868763299,24.183440861637
    ));
#3758 = CARTESIAN_POINT('',(3.504298201064,15.296123980044,
    14.387987700305));
#3759 = CARTESIAN_POINT('',(4.76468351709,20.958985926683,8.61030763209)
  );
#3760 = CARTESIAN_POINT('',(6.01826411359,25.032309081233,4.43441229619)
  );
#3761 = CARTESIAN_POINT('',(7.303046544046,36.393910790862,
    -7.085912202192));
#3762 = CARTESIAN_POINT('',(8.501581355585,27.609647893968,
    1.694837714286));
#3763 = CARTESIAN_POINT('',(9.853716136624,54.703374870057,
    -25.67881772078));
#3764 = CARTESIAN_POINT('',(11.022515230794,38.973341312507,
    -9.898785502308));
#3765 = CARTESIAN_POINT('',(12.355413305869,61.57393635573,
    -32.74469101411));
#3766 = CARTESIAN_POINT('',(13.579938080446,58.860157744593,
    -30.08119640556));
#3767 = CARTESIAN_POINT('',(14.860676743973,69.277329112382,
    -40.64981331987));
#3768 = CARTESIAN_POINT('',(16.12140952034,75.021150127937,
    -46.5090774772));
#3769 = CARTESIAN_POINT('',(17.388601976529,82.274017903283,
    -53.88901325912));
#3770 = CARTESIAN_POINT('',(18.655686132683,89.5015035134,
    -61.24337188497));
#3771 = CARTESIAN_POINT('',(19.923715715676,96.949623763112,
    -68.82006494086));
#3772 = CARTESIAN_POINT('',(19.923716673034,96.949629386417,
    -68.82007066124));
#3773 = CARTESIAN_POINT('',(19.923717644788,96.949635094285,
    -68.82007646764));
#3774 = CARTESIAN_POINT('',(19.92371863094,96.949640886715,
    -68.82008236006));
#3775 = CARTESIAN_POINT('',(19.923719631487,96.949646763707,
    -68.8200883385));
#3776 = CARTESIAN_POINT('',(19.923720646432,96.949652725263,
    -68.82009440297));
#3777 = CARTESIAN_POINT('',(19.923721675773,96.94965877138,
    -68.82010055346));
#3778 = CARTESIAN_POINT('',(19.923722719511,96.94966490206,
    -68.82010678997));
#3779 = CARTESIAN_POINT('',(19.923723777645,96.949671117303,
    -68.8201131125));
#3780 = CARTESIAN_POINT('',(19.923724850176,96.949677417108,
    -68.82011952106));
#3781 = CARTESIAN_POINT('',(19.923725937103,96.949683801476,
    -68.82012601563));
#3782 = CARTESIAN_POINT('',(19.923727038428,96.949690270406,
    -68.82013259623));
#3783 = CARTESIAN_POINT('',(19.923728154148,96.949696823899,
    -68.82013926285));
#3784 = CARTESIAN_POINT('',(19.923729284266,96.949703461954,
    -68.8201460155));
#3785 = CARTESIAN_POINT('',(-13.79108585192,-56.27896990772,
    88.087891412212));
#3786 = CARTESIAN_POINT('',(-13.79108437317,-56.27896323413,
    88.087884535937));
#3787 = CARTESIAN_POINT('',(-13.79108291669,-56.27895666104,
    88.087877763222));
#3788 = CARTESIAN_POINT('',(-13.79108148248,-56.27895018846,
    88.087871094066));
#3789 = CARTESIAN_POINT('',(-13.79108007054,-56.27894381638,
    88.08786452847));
#3790 = CARTESIAN_POINT('',(-13.79107868088,-56.27893754481,
    88.087858066434));
#3791 = CARTESIAN_POINT('',(-13.79107731348,-56.27893137375,
    88.087851707957));
#3792 = CARTESIAN_POINT('',(-13.79107596835,-56.2789253032,
    88.08784545304));
#3793 = CARTESIAN_POINT('',(-13.7910746455,-56.27891933315,
    88.087839301683));
#3794 = CARTESIAN_POINT('',(-13.79107334491,-56.27891346361,
    88.087833253885));
#3795 = CARTESIAN_POINT('',(-13.7910720666,-56.27890769458,
    88.087827309647));
#3796 = CARTESIAN_POINT('',(-13.79107081055,-56.27890202606,
    88.087821468969));
#3797 = CARTESIAN_POINT('',(-13.79106957678,-56.27889645804,
    88.08781573185));
#3798 = CARTESIAN_POINT('',(-13.79106836528,-56.27889099053,
    88.087810098291));
#3799 = CARTESIAN_POINT('',(-12.59895579997,-50.89888863044,
    82.544416285319));
#3800 = CARTESIAN_POINT('',(-11.40766043842,-45.622034665,
    77.105639052073));
#3801 = CARTESIAN_POINT('',(-10.21718086716,-40.44832339152,
    71.771474270094));
#3802 = CARTESIAN_POINT('',(-9.027517652936,-35.37775580577,
    66.541917816042));
#3803 = CARTESIAN_POINT('',(-7.838669707821,-30.41032961977,
    61.416979047712));
#3804 = CARTESIAN_POINT('',(-6.650638706637,-25.54604906669,
    56.396640813923));
#3805 = CARTESIAN_POINT('',(-5.463422520797,-20.78490771532,
    51.480929097999));
#3806 = CARTESIAN_POINT('',(-4.277023422924,-16.12691367266,
    46.669810976004));
#3807 = CARTESIAN_POINT('',(-3.09143934932,-11.57205843188,
    41.963321496038));
#3808 = CARTESIAN_POINT('',(-1.906671913068,-7.120349393964,
    37.361429365903));
#3809 = CARTESIAN_POINT('',(-0.72272001268,-2.771781288892,
    32.864157828866));
#3810 = CARTESIAN_POINT('',(0.460415683018,1.473642896956,
    28.471492764237));
#3811 = CARTESIAN_POINT('',(1.642735541059,5.615924425471,
    24.183440961925));
#3812 = CARTESIAN_POINT('',(4.409205978502,15.073496244467,
    14.387987625738));
#3813 = CARTESIAN_POINT('',(5.995372695116,20.643604444572,8.62214085439
    ));
#3814 = CARTESIAN_POINT('',(7.569937130306,24.74721698242,4.343668355684
    ));
#3815 = CARTESIAN_POINT('',(9.197698126234,35.574941248325,
    -6.754645909293));
#3816 = CARTESIAN_POINT('',(10.678417812909,27.816235287138,
    0.998079858295));
#3817 = CARTESIAN_POINT('',(12.421004026952,53.158307957735,
    -24.82121853995));
#3818 = CARTESIAN_POINT('',(13.851027400193,38.991485546669,
    -10.56914476678));
#3819 = CARTESIAN_POINT('',(15.560820251761,60.188222006594,
    -32.18409328341));
#3820 = CARTESIAN_POINT('',(17.085845632904,58.030108278156,
    -30.11169055702));
#3821 = CARTESIAN_POINT('',(18.706714062668,67.986504397346,
    -40.3262733547));
#3822 = CARTESIAN_POINT('',(20.293470486828,73.631309332241,
    -46.16787840822));
#3823 = CARTESIAN_POINT('',(21.891242258026,80.668345495426,
    -53.42153733981));
#3824 = CARTESIAN_POINT('',(23.488828274895,87.6819662688,
    -60.65144672918));
#3825 = CARTESIAN_POINT('',(25.088025898085,94.899142841081,
    -68.08781009822));
#3826 = CARTESIAN_POINT('',(25.088027109588,94.899148308591,
    -68.08781573178));
#3827 = CARTESIAN_POINT('',(25.088028343361,94.899153876608,
    -68.08782146889));
#3828 = CARTESIAN_POINT('',(25.088029599405,94.899159545132,
    -68.08782730957));
#3829 = CARTESIAN_POINT('',(25.088030877719,94.899165314164,
    -68.08783325381));
#3830 = CARTESIAN_POINT('',(25.088032178304,94.899171183703,
    -68.08783930161));
#3831 = CARTESIAN_POINT('',(25.08803350116,94.899177153749,
    -68.08784545297));
#3832 = CARTESIAN_POINT('',(25.088034846287,94.899183224303,
    -68.08785170788));
#3833 = CARTESIAN_POINT('',(25.088036213684,94.899189395363,
    -68.08785806636));
#3834 = CARTESIAN_POINT('',(25.088037603351,94.899195666931,
    -68.0878645284));
#3835 = CARTESIAN_POINT('',(25.088039015289,94.899202039006,
    -68.08787109399));
#3836 = CARTESIAN_POINT('',(25.088040449498,94.899208511588,
    -68.08787776315));
#3837 = CARTESIAN_POINT('',(25.088041905978,94.899215084678,
    -68.08788453586));
#3838 = CARTESIAN_POINT('',(25.088043384728,94.899221758274,
    -68.08789141214));
#3839 = CARTESIAN_POINT('',(-16.64560606736,-54.59504675812,
    87.364370463691));
#3840 = CARTESIAN_POINT('',(-16.64560421304,-54.595040076,
    87.364363459508));
#3841 = CARTESIAN_POINT('',(-16.64560239083,-54.59503350963,
    87.364356576655));
#3842 = CARTESIAN_POINT('',(-16.64560060075,-54.59502705901,
    87.364349815133));
#3843 = CARTESIAN_POINT('',(-16.64559884279,-54.59502072414,
    87.364343174941));
#3844 = CARTESIAN_POINT('',(-16.64559711695,-54.59501450503,
    87.36433665608));
#3845 = CARTESIAN_POINT('',(-16.64559542324,-54.59500840167,
    87.364330258548));
#3846 = CARTESIAN_POINT('',(-16.64559376164,-54.59500241405,
    87.364323982347));
#3847 = CARTESIAN_POINT('',(-16.64559213217,-54.59499654219,
    87.364317827476));
#3848 = CARTESIAN_POINT('',(-16.64559053482,-54.59499078608,
    87.364311793936));
#3849 = CARTESIAN_POINT('',(-16.64558896958,-54.59498514572,
    87.364305881726));
#3850 = CARTESIAN_POINT('',(-16.64558743648,-54.59497962112,
    87.364300090846));
#3851 = CARTESIAN_POINT('',(-16.64558593549,-54.59497421226,
    87.364294421296));
#3852 = CARTESIAN_POINT('',(-16.64558446662,-54.59496891915,
    87.364288873077));
#3853 = CARTESIAN_POINT('',(-15.20536057912,-49.40507552285,
    81.924255230798));
#3854 = CARTESIAN_POINT('',(-13.76638723487,-44.30959978134,
    76.580887941585));
#3855 = CARTESIAN_POINT('',(-12.32866330515,-39.30853698687,
    71.334179807195));
#3856 = CARTESIAN_POINT('',(-10.89218800759,-34.40188575304,
    66.184136036539));
#3857 = CARTESIAN_POINT('',(-9.456962854433,-29.58964924784,
    61.130744809449));
#3858 = CARTESIAN_POINT('',(-8.022985497172,-24.87182164568,
    56.174027797295));
#3859 = CARTESIAN_POINT('',(-6.590258951376,-20.24841173799,
    51.313952141358));
#3860 = CARTESIAN_POINT('',(-5.158779962125,-15.71940852122,
    46.550559533763));
#3861 = CARTESIAN_POINT('',(-3.728551514308,-11.2848234593,
    41.88380551494));
#3862 = CARTESIAN_POINT('',(-2.299571261536,-6.944646643711,
    37.313729856353));
#3863 = CARTESIAN_POINT('',(-0.871840800607,-2.698885094214,
    32.840302962285));
#3864 = CARTESIAN_POINT('',(0.554640820127,1.452465158473,
    28.463542839476));
#3865 = CARTESIAN_POINT('',(1.979873098395,5.509402429553,24.18344082182
    ));
#3866 = CARTESIAN_POINT('',(5.314104630232,14.787584334912,
    14.387987727452));
#3867 = CARTESIAN_POINT('',(7.226189703918,20.242078901091,
    8.633832508684));
#3868 = CARTESIAN_POINT('',(9.120514795533,24.354203977806,
    4.254007637093));
#3869 = CARTESIAN_POINT('',(11.096274065096,34.621296726175,
    -6.427332275778));
#3870 = CARTESIAN_POINT('',(12.846935372784,27.875163315719,
    0.309634720235));
#3871 = CARTESIAN_POINT('',(14.998477201362,51.428068854369,
    -23.97385114104));
#3872 = CARTESIAN_POINT('',(16.671530872469,38.816216526891,
    -11.23150511271));
#3873 = CARTESIAN_POINT('',(18.772867717522,58.574664211824,
    -31.63018518972));
#3874 = CARTESIAN_POINT('',(20.591358948172,56.955065411978,
    -30.14181827531));
#3875 = CARTESIAN_POINT('',(22.556565039398,66.424585834641,
    -40.00659405499));
#3876 = CARTESIAN_POINT('',(24.469556012429,71.947448947969,
    -45.83074790297));
#3877 = CARTESIAN_POINT('',(26.399407064028,78.744706789958,
    -52.95963735972));
#3878 = CARTESIAN_POINT('',(28.328975026287,85.52052868853,
    -60.06658139968));
#3879 = CARTESIAN_POINT('',(30.261009526988,92.482677626228,
    -67.36428887323));
#3880 = CARTESIAN_POINT('',(30.261010995854,92.482682919333,
    -67.36429442145));
#3881 = CARTESIAN_POINT('',(30.261012496841,92.482688328189,
    -67.364300091));
#3882 = CARTESIAN_POINT('',(30.26101402995,92.482693852796,
    -67.36430588188));
#3883 = CARTESIAN_POINT('',(30.26101559518,92.482699493155,
    -67.36431179409));
#3884 = CARTESIAN_POINT('',(30.261017192532,92.482705249265,
    -67.36431782763));
#3885 = CARTESIAN_POINT('',(30.261018822006,92.482711121126,
    -67.3643239825));
#3886 = CARTESIAN_POINT('',(30.261020483601,92.482717108739,
    -67.3643302587));
#3887 = CARTESIAN_POINT('',(30.261022177318,92.482723212103,
    -67.36433665624));
#3888 = CARTESIAN_POINT('',(30.261023903157,92.482729431218,
    -67.3643431751));
#3889 = CARTESIAN_POINT('',(30.261025661117,92.482735766085,
    -67.36434981529));
#3890 = CARTESIAN_POINT('',(30.261027451199,92.482742216703,
    -67.36435657681));
#3891 = CARTESIAN_POINT('',(30.261029273403,92.482748783073,
    -67.36436345966));
#3892 = CARTESIAN_POINT('',(30.261031127728,92.482755465194,
    -67.36437046385));
#3893 = CARTESIAN_POINT('',(-19.48729936475,-52.708330055,
    86.655679982766));
#3894 = CARTESIAN_POINT('',(-19.48729710923,-52.70832339666,
    86.655672847934));
#3895 = CARTESIAN_POINT('',(-19.48729489771,-52.70831686818,
    86.655665852252));
#3896 = CARTESIAN_POINT('',(-19.48729273017,-52.70831046955,
    86.655658995719));
#3897 = CARTESIAN_POINT('',(-19.48729060662,-52.70830420078,
    86.655652278335));
#3898 = CARTESIAN_POINT('',(-19.48728852706,-52.70829806187,
    86.655645700101));
#3899 = CARTESIAN_POINT('',(-19.4872864915,-52.70829205281,
    86.655639261015));
#3900 = CARTESIAN_POINT('',(-19.48728449991,-52.70828617361,
    86.655632961079));
#3901 = CARTESIAN_POINT('',(-19.48728255232,-52.70828042426,
    86.655626800292));
#3902 = CARTESIAN_POINT('',(-19.48728064872,-52.70827480478,
    86.655620778654));
#3903 = CARTESIAN_POINT('',(-19.4872787891,-52.70826931514,
    86.655614896165));
#3904 = CARTESIAN_POINT('',(-19.48727697348,-52.70826395537,
    86.655609152826));
#3905 = CARTESIAN_POINT('',(-19.48727520184,-52.70825872545,
    86.655603548635));
#3906 = CARTESIAN_POINT('',(-19.48727347419,-52.70825362538,
    86.655598083594));
#3907 = CARTESIAN_POINT('',(-17.79953639362,-47.72600746684,
    81.316806173572));
#3908 = CARTESIAN_POINT('',(-16.11358163351,-42.82943489983,
    76.06689196582));
#3909 = CARTESIAN_POINT('',(-14.42940716806,-38.01853041708,
    70.905851930172));
#3910 = CARTESIAN_POINT('',(-12.74701387029,-33.29329559585,
    65.833680786227));
#3911 = CARTESIAN_POINT('',(-11.06640004246,-28.65372685317,
    60.850390519352));
#3912 = CARTESIAN_POINT('',(-9.387568340493,-24.09983073658,
    55.955959143153));
#3913 = CARTESIAN_POINT('',(-7.710515326469,-19.63159743038,
    51.150420023779));
#3914 = CARTESIAN_POINT('',(-6.035244740845,-15.24903913605,
    46.433730773004));
#3915 = CARTESIAN_POINT('',(-4.361753131401,-10.95214322718,
    41.805936659735));
#3916 = CARTESIAN_POINT('',(-2.690043218598,-6.740920551264,
    37.266997125762));
#3917 = CARTESIAN_POINT('',(-1.020113160758,-2.615363457596,
    32.816942394326));
#3918 = CARTESIAN_POINT('',(0.648035964269,1.424523733842,
    28.455754058178));
#3919 = CARTESIAN_POINT('',(2.314404704842,5.378742866906,
    24.183440979477));
#3920 = CARTESIAN_POINT('',(6.212008470594,14.436885946612,
    14.387987616369));
#3921 = CARTESIAN_POINT('',(8.447642713054,19.752456557908,
    8.645285003426));
#3922 = CARTESIAN_POINT('',(10.657959958163,23.849985206737,
    4.166183754155));
#3923 = CARTESIAN_POINT('',(12.984357840147,33.532427409237,
    -6.106726068689));
#3924 = CARTESIAN_POINT('',(14.98989365301,27.777349168678,
    -0.364701472391));
#3925 = CARTESIAN_POINT('',(17.566855245773,49.515121857339,
    -23.1438495413));
#3926 = CARTESIAN_POINT('',(19.46176599168,38.437589404833,
    -11.8802921999));
#3927 = CARTESIAN_POINT('',(21.967166778245,56.732327231097,
    -31.08762746311));
#3928 = CARTESIAN_POINT('',(24.069385412393,55.628990950781,
    -30.17133125586));
#3929 = CARTESIAN_POINT('',(26.380741791921,64.587724836578,
    -39.69346551825));
#3930 = CARTESIAN_POINT('',(28.617664477677,69.965337727079,
    -45.50052874773));
#3931 = CARTESIAN_POINT('',(30.878622422662,76.499309714522,
    -52.50720483684));
#3932 = CARTESIAN_POINT('',(33.13917575887,83.013833574107,
    -59.49370447926));
#3933 = CARTESIAN_POINT('',(35.403244763549,89.69742733287,
    -66.65559808338));
#3934 = CARTESIAN_POINT('',(35.403246491196,89.697432432934,
    -66.65560354842));
#3935 = CARTESIAN_POINT('',(35.403248262833,89.697437662854,
    -66.65560915261));
#3936 = CARTESIAN_POINT('',(35.403250078459,89.697443022631,
    -66.65561489595));
#3937 = CARTESIAN_POINT('',(35.403251938073,89.697448512264,
    -66.65562077844));
#3938 = CARTESIAN_POINT('',(35.403253841676,89.697454131752,
    -66.65562680008));
#3939 = CARTESIAN_POINT('',(35.403255789268,89.697459881098,
    -66.65563296087));
#3940 = CARTESIAN_POINT('',(35.403257780849,89.697465760299,
    -66.6556392608));
#3941 = CARTESIAN_POINT('',(35.403259816419,89.697471769357,
    -66.65564569989));
#3942 = CARTESIAN_POINT('',(35.403261895978,89.697477908271,
    -66.65565227812));
#3943 = CARTESIAN_POINT('',(35.403264019525,89.697484177041,
    -66.65565899551));
#3944 = CARTESIAN_POINT('',(35.403266187061,89.697490575667,
    -66.65566585204));
#3945 = CARTESIAN_POINT('',(35.403268398586,89.69749710415,
    -66.65567284772));
#3946 = CARTESIAN_POINT('',(35.4032706541,89.697503762489,
    -66.65567998255));
#3947 = CARTESIAN_POINT('',(-22.29307549586,-50.6238678644,
    85.968144435872));
#3948 = CARTESIAN_POINT('',(-22.29307281611,-50.62386126738,
    85.968137169528));
#3949 = CARTESIAN_POINT('',(-22.29307019419,-50.62385481272,
    85.968130059987));
#3950 = CARTESIAN_POINT('',(-22.29306763009,-50.62384850042,
    85.968123107248));
#3951 = CARTESIAN_POINT('',(-22.29306512383,-50.62384233047,
    85.968116311312));
#3952 = CARTESIAN_POINT('',(-22.29306267539,-50.62383630289,
    85.968109672179));
#3953 = CARTESIAN_POINT('',(-22.29306028477,-50.62383041766,
    85.968103189848));
#3954 = CARTESIAN_POINT('',(-22.29305795199,-50.6238246748,
    85.96809686432));
#3955 = CARTESIAN_POINT('',(-22.29305567703,-50.62381907429,
    85.968090695594));
#3956 = CARTESIAN_POINT('',(-22.2930534599,-50.62381361614,
    85.968084683671));
#3957 = CARTESIAN_POINT('',(-22.29305130059,-50.62380830035,
    85.96807882855));
#3958 = CARTESIAN_POINT('',(-22.29304919911,-50.62380312692,
    85.968073130233));
#3959 = CARTESIAN_POINT('',(-22.29304715546,-50.62379809585,
    85.968067588718));
#3960 = CARTESIAN_POINT('',(-22.29304516964,-50.62379320714,
    85.968062204005));
#3961 = CARTESIAN_POINT('',(-20.36037902992,-45.86594446771,
    80.727489693723));
#3962 = CARTESIAN_POINT('',(-18.43012542696,-41.18507959353,
    75.56824012738));
#3963 = CARTESIAN_POINT('',(-16.50228273846,-36.58119433644,
    70.490306805963));
#3964 = CARTESIAN_POINT('',(-14.57685018142,-32.05428724121,
    65.493694054918));
#3965 = CARTESIAN_POINT('',(-12.65382928586,-27.60436159407,
    60.578392054322));
#3966 = CARTESIAN_POINT('',(-10.73321764526,-23.23141142617,
    55.74441882655));
#3967 = CARTESIAN_POINT('',(-8.815018391867,-18.93544563049,
    50.9917470024));
#3968 = CARTESIAN_POINT('',(-6.899228101254,-14.71645322109,
    46.320411382412));
#3969 = CARTESIAN_POINT('',(-4.985849943745,-10.57444549866,
    41.730374763536));
#3970 = CARTESIAN_POINT('',(-3.074881421998,-6.509412805513,
    37.221670510389));
#3971 = CARTESIAN_POINT('',(-1.166324215461,-2.521361927705,
    32.794273740598));
#3972 = CARTESIAN_POINT('',(0.739822642129,1.389710963156,28.44819961484
    ));
#3973 = CARTESIAN_POINT('',(2.64355867529,5.223804224059,24.183440835625
    ));
#3974 = CARTESIAN_POINT('',(7.095478649913,14.021020724996,
    14.387987714091));
#3975 = CARTESIAN_POINT('',(9.649618053808,19.174324064157,
    8.656395189155));
#3976 = CARTESIAN_POINT('',(12.169482749613,23.233127575746,
    4.080982311249));
#3977 = CARTESIAN_POINT('',(14.846503436928,32.310379062501,
    -5.795691536472));
#3978 = CARTESIAN_POINT('',(17.089120787276,27.515909896961,
    -1.018906365335));
#3979 = CARTESIAN_POINT('',(20.105372503054,47.425738598295,
    -22.33862638337));
#3980 = CARTESIAN_POINT('',(22.19821892612,37.848660208835,
    -12.50971000066));
#3981 = CARTESIAN_POINT('',(25.117584999901,54.664680345783,
    -30.56126795525));
#3982 = CARTESIAN_POINT('',(27.491100516888,54.050127642458,
    -30.19996113446));
#3983 = CARTESIAN_POINT('',(30.147756403412,62.477078856281,
    -39.38968556007));
#3984 = CARTESIAN_POINT('',(32.703642133184,67.686126785845,
    -45.18016606685));
#3985 = CARTESIAN_POINT('',(35.292066898668,73.934251055005,
    -52.06827804652));
#3986 = CARTESIAN_POINT('',(37.879944531067,80.164897741689,
    -58.93792826075));
#3987 = CARTESIAN_POINT('',(40.472581491113,86.547466506849,
    -65.96806220419));
#3988 = CARTESIAN_POINT('',(40.472583476936,86.54747139556,
    -65.96806758891));
#3989 = CARTESIAN_POINT('',(40.472585520587,86.547476426631,
    -65.96807313042));
#3990 = CARTESIAN_POINT('',(40.472587622064,86.547481600061,
    -65.96807882874));
#3991 = CARTESIAN_POINT('',(40.472589781369,86.54748691585,
    -65.96808468386));
#3992 = CARTESIAN_POINT('',(40.472591998501,86.547492373998,
    -65.96809069578));
#3993 = CARTESIAN_POINT('',(40.47259427346,86.547497974505,
    -65.96809686451));
#3994 = CARTESIAN_POINT('',(40.472596606246,86.547503717371,
    -65.96810319004));
#3995 = CARTESIAN_POINT('',(40.472598996859,86.547509602597,
    -65.96810967237));
#3996 = CARTESIAN_POINT('',(40.472601445299,86.547515630181,
    -65.9681163115));
#3997 = CARTESIAN_POINT('',(40.472603951567,86.547521800125,
    -65.96812310744));
#3998 = CARTESIAN_POINT('',(40.472606515661,86.547528112427,
    -65.96813006018));
#3999 = CARTESIAN_POINT('',(40.472609137583,86.547534567089,
    -65.96813716972));
#4000 = CARTESIAN_POINT('',(40.472611817331,86.54754116411,
    -65.96814443606));
#4001 = CARTESIAN_POINT('',(-25.03906402577,-48.35093672497,
    85.308078625988));
#4002 = CARTESIAN_POINT('',(-25.03906090268,-48.35093023161,
    85.308071229448));
#4003 = CARTESIAN_POINT('',(-25.03905785308,-48.35092389106,
    85.308064006961));
#4004 = CARTESIAN_POINT('',(-25.03905487697,-48.3509177033,
    85.308056958528));
#4005 = CARTESIAN_POINT('',(-25.03905197435,-48.35091166834,
    85.308050084149));
#4006 = CARTESIAN_POINT('',(-25.03904914523,-48.35090578619,
    85.308043383823));
#4007 = CARTESIAN_POINT('',(-25.03904638959,-48.35090005683,
    85.308036857551));
#4008 = CARTESIAN_POINT('',(-25.03904370745,-48.35089448028,
    85.308030505333));
#4009 = CARTESIAN_POINT('',(-25.0390410988,-48.35088905652,
    85.308024327168));
#4010 = CARTESIAN_POINT('',(-25.03903856365,-48.35088378556,
    85.308018323057));
#4011 = CARTESIAN_POINT('',(-25.03903610198,-48.35087866741,85.308012493
    ));
#4012 = CARTESIAN_POINT('',(-25.03903371381,-48.35087370205,
    85.308006836996));
#4013 = CARTESIAN_POINT('',(-25.03903139913,-48.3508688895,
    85.308001355046));
#4014 = CARTESIAN_POINT('',(-25.03902915794,-48.35086422974,
    85.30799604715));
#4015 = CARTESIAN_POINT('',(-22.86608098976,-43.83299333378,
    80.161718854013));
#4016 = CARTESIAN_POINT('',(-20.69627324403,-39.38354353706,
    75.089510532673));
#4017 = CARTESIAN_POINT('',(-18.52960353648,-35.00250996871,
    70.091366910151));
#4018 = CARTESIAN_POINT('',(-16.3660724236,-30.68989368684,
    65.167285162025));
#4019 = CARTESIAN_POINT('',(-14.20567881405,-26.44569231418,
    60.31727170123));
#4020 = CARTESIAN_POINT('',(-12.04842443043,-22.26991014622,
    55.541314753379));
#4021 = CARTESIAN_POINT('',(-9.894307024029,-18.16254081634,
    50.839432210293));
#4022 = CARTESIAN_POINT('',(-7.743329057837,-14.12359214909,
    46.21160130507));
#4023 = CARTESIAN_POINT('',(-5.595488251615,-10.15305613519,
    41.657846395752));
#4024 = CARTESIAN_POINT('',(-3.450786396252,-6.250939590162,
    37.178145621849));
#4025 = CARTESIAN_POINT('',(-1.309222296793,-2.41723773968,
    32.772515294154));
#4026 = CARTESIAN_POINT('',(0.829203370116,1.348046724916,
    28.440945473606));
#4027 = CARTESIAN_POINT('',(2.964490927803,5.044914963434,
    24.183440941876));
#4028 = CARTESIAN_POINT('',(7.956881029234,13.540870710739,
    14.387987644814));
#4029 = CARTESIAN_POINT('',(10.821736729721,18.508983440499,
    8.667061799451));
#4030 = CARTESIAN_POINT('',(13.641972806949,22.504343941362,
    3.999184456907));
#4031 = CARTESIAN_POINT('',(16.666796120178,30.95992502047,
    -5.497083258291));
#4032 = CARTESIAN_POINT('',(19.126111070797,27.08680315098,
    -1.646974210981));
#4033 = CARTESIAN_POINT('',(22.592545665222,45.17000419441,
    -21.56557393056));
#4034 = CARTESIAN_POINT('',(24.856888085383,37.046266908276,
    -13.11398126015));
#4035 = CARTESIAN_POINT('',(28.197197540181,52.379794639374,
    -30.05593739493));
#4036 = CARTESIAN_POINT('',(30.826914965693,52.221642554581,
    -30.22744819288));
#4037 = CARTESIAN_POINT('',(33.825227352899,60.099256878751,
    -39.09804199805));
#4038 = CARTESIAN_POINT('',(36.692355473254,65.11691681095,
    -44.87260356839));
#4039 = CARTESIAN_POINT('',(39.601843576753,71.05806848475,
    -51.64688789916));
#4040 = CARTESIAN_POINT('',(42.510619187743,76.983688073525,
    -58.40435749854));
#4041 = CARTESIAN_POINT('',(45.425590153908,83.044330782292,
    -65.30799604701));
#4042 = CARTESIAN_POINT('',(45.425592395097,83.044335442046,
    -65.30800135491));
#4043 = CARTESIAN_POINT('',(45.425594709779,83.044340254601,
    -65.30800683686));
#4044 = CARTESIAN_POINT('',(45.425597097952,83.044345219956,
    -65.30801249286));
#4045 = CARTESIAN_POINT('',(45.425599559618,83.044350338111,
    -65.30801832292));
#4046 = CARTESIAN_POINT('',(45.425602094775,83.044355609067,
    -65.30802432703));
#4047 = CARTESIAN_POINT('',(45.425604703424,83.044361032823,
    -65.30803050519));
#4048 = CARTESIAN_POINT('',(45.425607385565,83.044366609378,
    -65.30803685741));
#4049 = CARTESIAN_POINT('',(45.425610141198,83.044372338734,
    -65.30804338368));
#4050 = CARTESIAN_POINT('',(45.425612970323,83.044378220891,
    -65.30805008401));
#4051 = CARTESIAN_POINT('',(45.425615872939,83.044384255847,
    -65.30805695839));
#4052 = CARTESIAN_POINT('',(45.425618849048,83.044390443604,
    -65.30806400682));
#4053 = CARTESIAN_POINT('',(45.425621898648,83.04439678416,
    -65.30807122931));
#4054 = CARTESIAN_POINT('',(45.425625021741,83.044403277517,
    -65.30807862585));
#4055 = CARTESIAN_POINT('',(-27.7015640676,-45.90295222764,
    84.681521028623));
#4056 = CARTESIAN_POINT('',(-27.70156048738,-45.90294588427,
    84.681513505603));
#4057 = CARTESIAN_POINT('',(-27.7015569979,-45.90293970165,
    84.681506173235));
#4058 = CARTESIAN_POINT('',(-27.70155359914,-45.90293367979,
    84.681499031519));
#4059 = CARTESIAN_POINT('',(-27.70155029112,-45.90292781869,
    84.681492080453));
#4060 = CARTESIAN_POINT('',(-27.70154707383,-45.90292211835,
    84.68148532004));
#4061 = CARTESIAN_POINT('',(-27.70154394727,-45.90291657876,
    84.681478750278));
#4062 = CARTESIAN_POINT('',(-27.70154091144,-45.90291119992,
    84.681472371167));
#4063 = CARTESIAN_POINT('',(-27.70153796634,-45.90290598185,
    84.681466182708));
#4064 = CARTESIAN_POINT('',(-27.70153511197,-45.90290092453,
    84.6814601849));
#4065 = CARTESIAN_POINT('',(-27.70153234834,-45.90289602796,
    84.681454377744));
#4066 = CARTESIAN_POINT('',(-27.70152967543,-45.90289129215,
    84.681448761239));
#4067 = CARTESIAN_POINT('',(-27.70152709326,-45.9028867171,
    84.681443335385));
#4068 = CARTESIAN_POINT('',(-27.70152460182,-45.90288230281,
    84.681438100183));
#4069 = CARTESIAN_POINT('',(-25.29500016813,-41.63904079101,
    79.624669219431));
#4070 = CARTESIAN_POINT('',(-22.89243791618,-37.43525622256,
    74.635084169384));
#4071 = CARTESIAN_POINT('',(-20.49383556433,-33.29152454159,
    69.712677425026));
#4072 = CARTESIAN_POINT('',(-18.09919280562,-29.20784517488,
    64.857450397981));
#4073 = CARTESIAN_POINT('',(-15.70851024383,-25.18421940636,
    60.069399882933));
#4074 = CARTESIAN_POINT('',(-13.32178692394,-21.22064492369,
    55.34853176791));
#4075 = CARTESIAN_POINT('',(-10.93902409353,-17.31712514247,
    50.694837098462));
#4076 = CARTESIAN_POINT('',(-8.560220387546,-13.4736558795,
    46.108327280337));
#4077 = CARTESIAN_POINT('',(-6.185377065878,-9.690241402197,
    41.588990097703));
#4078 = CARTESIAN_POINT('',(-3.814493144594,-5.966878090391,
    37.136836524461));
#4079 = CARTESIAN_POINT('',(-1.447569274084,-2.303568473953,
    32.751858366745));
#4080 = CARTESIAN_POINT('',(0.91539490832,1.299688871681,28.434060619134
    ));
#4081 = CARTESIAN_POINT('',(3.274399233733,4.842893331589,
    24.183440879419));
#4082 = CARTESIAN_POINT('',(8.788694552244,12.998631843132,
    14.387987683884));
#4083 = CARTESIAN_POINT('',(11.953768341261,17.759528321615,
    8.677186738136));
#4084 = CARTESIAN_POINT('',(15.062541289056,21.666588484857,
    3.921539322239));
#4085 = CARTESIAN_POINT('',(18.429462526125,29.488619062053,
    -5.213634096168));
#4086 = CARTESIAN_POINT('',(21.082823918231,26.489100308845,
    -2.243157997828));
#4087 = CARTESIAN_POINT('',(25.00697201854,42.761796846071,
    -20.83176557041));
#4088 = CARTESIAN_POINT('',(27.414316497404,36.031289175369,
    -13.68757664469));
#4089 = CARTESIAN_POINT('',(31.179319230039,49.890455390939,
    -29.57626003646));
#4090 = CARTESIAN_POINT('',(34.047695317953,50.151757438496,
    -30.25353966202));
#4091 = CARTESIAN_POINT('',(37.381165185115,57.466477683132,
    -38.82120392161));
#4092 = CARTESIAN_POINT('',(40.54910662308,62.270862450363,
    -44.58065430395));
#4093 = CARTESIAN_POINT('',(43.770497976652,67.88584614889,
    -51.2468896616));
#4094 = CARTESIAN_POINT('',(46.990990310291,73.487195749851,
    -57.89787339957));
#4095 = CARTESIAN_POINT('',(50.21929966543,79.207062648593,
    -64.68143810025));
#4096 = CARTESIAN_POINT('',(50.219302156871,79.207067062889,
    -64.68144333545));
#4097 = CARTESIAN_POINT('',(50.219304739043,79.20707163794,
    -64.68144876131));
#4098 = CARTESIAN_POINT('',(50.219307411947,79.207076373748,
    -64.68145437781));
#4099 = CARTESIAN_POINT('',(50.219310175582,79.207081270313,
    -64.68146018497));
#4100 = CARTESIAN_POINT('',(50.219313029948,79.207086327633,
    -64.68146618277));
#4101 = CARTESIAN_POINT('',(50.219315975046,79.20709154571,
    -64.68147237123));
#4102 = CARTESIAN_POINT('',(50.219319010875,79.207096924544,
    -64.68147875034));
#4103 = CARTESIAN_POINT('',(50.219322137435,79.207102464133,
    -64.68148532011));
#4104 = CARTESIAN_POINT('',(50.219325354727,79.207108164479,
    -64.68149208052));
#4105 = CARTESIAN_POINT('',(50.21932866275,79.207114025582,
    -64.68149903159));
#4106 = CARTESIAN_POINT('',(50.219332061504,79.207120047441,
    -64.6815061733));
#4107 = CARTESIAN_POINT('',(50.21933555099,79.207126230056,
    -64.68151350567));
#4108 = CARTESIAN_POINT('',(50.219339131207,79.207132573427,
    -64.68152102869));
#4109 = CARTESIAN_POINT('',(-30.25802666011,-43.29704181396,
    84.093976427829));
#4110 = CARTESIAN_POINT('',(-30.25802261558,-43.29703566962,
    84.093968784545));
#4111 = CARTESIAN_POINT('',(-30.25801868025,-43.29702969116,
    84.093961347605));
#4112 = CARTESIAN_POINT('',(-30.25801485411,-43.29702387857,
    84.093954117008));
#4113 = CARTESIAN_POINT('',(-30.25801113715,-43.29701823187,
    84.093947092754));
#4114 = CARTESIAN_POINT('',(-30.25800752938,-43.29701275104,
    84.093940274844));
#4115 = CARTESIAN_POINT('',(-30.25800403081,-43.29700743608,
    84.093933663278));
#4116 = CARTESIAN_POINT('',(-30.25800064142,-43.29700228701,
    84.093927258055));
#4117 = CARTESIAN_POINT('',(-30.25799736122,-43.29699730381,
    84.093921059175));
#4118 = CARTESIAN_POINT('',(-30.25799419021,-43.29699248649,
    84.09391506664));
#4119 = CARTESIAN_POINT('',(-30.25799112838,-43.29698783504,
    84.093909280447));
#4120 = CARTESIAN_POINT('',(-30.25798817575,-43.29698334947,
    84.093903700599));
#4121 = CARTESIAN_POINT('',(-30.2579853323,-43.29697902978,
    84.093898327093));
#4122 = CARTESIAN_POINT('',(-30.25798259805,-43.29697487597,
    84.093893159932));
#4123 = CARTESIAN_POINT('',(-27.62655693617,-39.29937799861,
    79.12105936112));
#4124 = CARTESIAN_POINT('',(-25.00000415706,-35.35374292205,
    74.208952640001));
#4125 = CARTESIAN_POINT('',(-22.37832158434,-31.46006558565,
    69.357568192695));
#4126 = CARTESIAN_POINT('',(-19.76150935122,-27.61834620021,
    64.566905556585));
#4127 = CARTESIAN_POINT('',(-17.14956719398,-23.82858429391,
    59.836965786539));
#4128 = CARTESIAN_POINT('',(-14.54249553165,-20.0907807154,
    55.167746935114));
#4129 = CARTESIAN_POINT('',(-11.94029381574,-16.40493421327,
    50.559251980565));
#4130 = CARTESIAN_POINT('',(-9.34296264601,-12.77104631705,
    46.011477106816));
#4131 = CARTESIAN_POINT('',(-6.750501470655,-9.189115469922,
    41.52442642517));
#4132 = CARTESIAN_POINT('',(-4.162910718121,-5.65914298951,
    37.098096221847));
#4133 = CARTESIAN_POINT('',(-1.580190107788,-2.181127957093,
    32.732489283188));
#4134 = CARTESIAN_POINT('',(0.997660206121,1.244929111071,
    28.427603904263));
#4135 = CARTESIAN_POINT('',(3.570640293699,4.619028437399,24.18344090721
    ));
#4136 = CARTESIAN_POINT('',(9.583824269126,12.397764330746,
    14.387987667142));
#4137 = CARTESIAN_POINT('',(13.036060284223,16.930764411072,
    8.686681322007));
#4138 = CARTESIAN_POINT('',(16.419050605031,20.725023333893,
    3.848728723326));
#4139 = CARTESIAN_POINT('',(20.119543038434,27.906524683197,
    -4.947834030142));
#4140 = CARTESIAN_POINT('',(22.942413327971,25.725192825583,
    -2.802219964384));
#4141 = CARTESIAN_POINT('',(27.328250450657,40.218233294924,
    -20.14364844719));
#4142 = CARTESIAN_POINT('',(29.848539482648,34.808840281886,
    -14.2254564733));
#4143 = CARTESIAN_POINT('',(34.038640464241,47.213686924266,
    -29.12645033229));
#4144 = CARTESIAN_POINT('',(37.125961752789,47.853627259253,
    -30.27800638863));
#4145 = CARTESIAN_POINT('',(40.785311492535,54.596201719924,
    -38.56160337459));
#4146 = CARTESIAN_POINT('',(44.241074439365,59.166828831625,
    -44.30688344044));
#4147 = CARTESIAN_POINT('',(47.762576466117,64.438787484169,
    -50.87179754457));
#4148 = CARTESIAN_POINT('',(51.282972810217,69.698950227671,
    -57.42292584037));
#4149 = CARTESIAN_POINT('',(54.812983116276,75.061654702719,
    -64.0938931599));
#4150 = CARTESIAN_POINT('',(54.812985850532,75.061658856533,
    -64.09389832706));
#4151 = CARTESIAN_POINT('',(54.812988693977,75.061663176225,
    -64.09390370057));
#4152 = CARTESIAN_POINT('',(54.812991646611,75.061667661793,
    -64.09390928041));
#4153 = CARTESIAN_POINT('',(54.812994708434,75.061672313238,
    -64.09391506661));
#4154 = CARTESIAN_POINT('',(54.812997879445,75.06167713056,
    -64.09392105914));
#4155 = CARTESIAN_POINT('',(54.813001159645,75.06168211376,
    -64.09392725802));
#4156 = CARTESIAN_POINT('',(54.813004549034,75.061687262835,
    -64.09393366324));
#4157 = CARTESIAN_POINT('',(54.813008047612,75.061692577788,
    -64.09394027481));
#4158 = CARTESIAN_POINT('',(54.813011655378,75.061698058618,
    -64.09394709272));
#4159 = CARTESIAN_POINT('',(54.813015372334,75.061703705325,
    -64.09395411697));
#4160 = CARTESIAN_POINT('',(54.813019198478,75.061709517908,
    -64.09396134757));
#4161 = CARTESIAN_POINT('',(54.813023133811,75.061715496369,
    -64.09396878451));
#4162 = CARTESIAN_POINT('',(54.813027178332,75.061721640706,
    -64.0939764278));
#4163 = CARTESIAN_POINT('',(-32.68792483214,-40.55334004575,
    83.550205914004));
#4164 = CARTESIAN_POINT('',(-32.68792032374,-40.55333415062,
    83.5501981591));
#4165 = CARTESIAN_POINT('',(-32.68791594376,-40.5533284234,
    83.550190625086));
#4166 = CARTESIAN_POINT('',(-32.6879116922,-40.55332286409,
    83.550183311964));
#4167 = CARTESIAN_POINT('',(-32.68790756906,-40.55331747271,
    83.550176219732));
#4168 = CARTESIAN_POINT('',(-32.68790357434,-40.55331224924,
    83.550169348391));
#4169 = CARTESIAN_POINT('',(-32.68789970803,-40.55330719369,
    83.55016269794));
#4170 = CARTESIAN_POINT('',(-32.68789597013,-40.55330230605,
    83.550156268381));
#4171 = CARTESIAN_POINT('',(-32.68789236066,-40.55329758634,
    83.550150059712));
#4172 = CARTESIAN_POINT('',(-32.6878888796,-40.55329303454,
    83.550144071934));
#4173 = CARTESIAN_POINT('',(-32.68788552696,-40.55328865065,
    83.550138305047));
#4174 = CARTESIAN_POINT('',(-32.68788230274,-40.55328443469,
    83.55013275905));
#4175 = CARTESIAN_POINT('',(-32.68787920693,-40.55328038664,
    83.550127433945));
#4176 = CARTESIAN_POINT('',(-32.68787623954,-40.55327650651,
    83.55012232973));
#4177 = CARTESIAN_POINT('',(-29.8420283031,-36.83207077696,
    78.65497013954));
#4178 = CARTESIAN_POINT('',(-27.00204578543,-33.15506527042,
    73.814569482145));
#4179 = CARTESIAN_POINT('',(-24.16792586469,-29.5222562856,
    69.028915460068));
#4180 = CARTESIAN_POINT('',(-21.33966849574,-25.9336437903,
    64.298008117015));
#4181 = CARTESIAN_POINT('',(-18.51727376917,-22.38922785764,
    59.621847348167));
#4182 = CARTESIAN_POINT('',(-15.70074153953,-18.88900835464,
    55.000433357612));
#4183 = CARTESIAN_POINT('',(-12.89007199841,-15.4329854789,
    50.433765815773));
#4184 = CARTESIAN_POINT('',(-10.0852649358,-12.02115898773,
    45.921845168187));
#4185 = CARTESIAN_POINT('',(-7.286320544809,-8.65352912876,
    41.464670910023));
#4186 = CARTESIAN_POINT('',(-4.493238675969,-5.330095692402,
    37.062243518425));
#4187 = CARTESIAN_POINT('',(-1.706019426552,-2.050858824341,
    32.71456262127));
#4188 = CARTESIAN_POINT('',(1.075337256266,1.184181556636,
    28.421628453502));
#4189 = CARTESIAN_POINT('',(3.850831349017,4.3750254162,24.183440899121)
  );
#4190 = CARTESIAN_POINT('',(10.335874779298,11.742844791377,
    14.387987671849));
#4191 = CARTESIAN_POINT('',(14.059907829068,16.029009330827,
    8.695468500696));
#4192 = CARTESIAN_POINT('',(17.700586069362,19.686783273987,
    3.781342778897));
#4193 = CARTESIAN_POINT('',(21.723458982984,26.225824958547,
    -4.701836952065));
#4194 = CARTESIAN_POINT('',(24.689889968579,24.800621746094,
    -3.319630005078));
#4195 = CARTESIAN_POINT('',(29.537749962598,37.559029450241,
    -19.50679821346));
#4196 = CARTESIAN_POINT('',(32.139947256508,33.387961801615,
    -14.72326265338));
#4197 = CARTESIAN_POINT('',(36.752188909774,44.37010332107,
    -28.71015277197));
#4198 = CARTESIAN_POINT('',(40.036954074724,45.344739765293,
    -30.30065040804));
#4199 = CARTESIAN_POINT('',(44.010301325682,51.51042019305,
    -38.32134388434));
#4200 = CARTESIAN_POINT('',(47.738579942968,55.828590885972,
    -44.05350946947));
#4201 = CARTESIAN_POINT('',(51.545992332,60.743330862588,-50.5246510689)
  );
#4202 = CARTESIAN_POINT('',(55.352073734754,65.648036844433,
    -56.98336350155));
#4203 = CARTESIAN_POINT('',(59.169727678925,70.639967562058,
    -63.55012232973));
#4204 = CARTESIAN_POINT('',(59.169730646313,70.639971442189,
    -63.55012743395));
#4205 = CARTESIAN_POINT('',(59.169733742119,70.639975490238,
    -63.55013275905));
#4206 = CARTESIAN_POINT('',(59.169736966342,70.639979706204,
    -63.55013830505));
#4207 = CARTESIAN_POINT('',(59.169740318983,70.639984090087,
    -63.55014407194));
#4208 = CARTESIAN_POINT('',(59.16974380004,70.639988641887,
    -63.55015005972));
#4209 = CARTESIAN_POINT('',(59.169747409515,70.639993361604,
    -63.55015626838));
#4210 = CARTESIAN_POINT('',(59.169751147406,70.639998249238,
    -63.55016269794));
#4211 = CARTESIAN_POINT('',(59.169755013715,70.64000330479,
    -63.55016934839));
#4212 = CARTESIAN_POINT('',(59.169759008441,70.640008528258,
    -63.55017621974));
#4213 = CARTESIAN_POINT('',(59.169763131584,70.640013919644,
    -63.55018331197));
#4214 = CARTESIAN_POINT('',(59.169767383145,70.640019478947,
    -63.55019062509));
#4215 = CARTESIAN_POINT('',(59.169771763122,70.640025206167,
    -63.5501981591));
#4216 = CARTESIAN_POINT('',(59.169776271517,70.640031101304,
    -63.55020591401));
#4217 = CARTESIAN_POINT('',(-37.25894407045,-34.8349512291,
    82.557951068271));
#4218 = CARTESIAN_POINT('',(-37.25893865172,-34.83494597375,
    82.557943144324));
#4219 = CARTESIAN_POINT('',(-37.25893340037,-34.83494088075,
    82.557935465148));
#4220 = CARTESIAN_POINT('',(-37.25892831641,-34.83493595008,
    82.557928030745));
#4221 = CARTESIAN_POINT('',(-37.25892339983,-34.83493118175,
    82.557920841113));
#4222 = CARTESIAN_POINT('',(-37.25891865064,-34.83492657576,
    82.557913896252));
#4223 = CARTESIAN_POINT('',(-37.25891406884,-34.8349221321,
    82.557907196163));
#4224 = CARTESIAN_POINT('',(-37.25890965442,-34.83491785079,
    82.557900740846));
#4225 = CARTESIAN_POINT('',(-37.25890540738,-34.83491373181,
    82.557894530301));
#4226 = CARTESIAN_POINT('',(-37.25890132773,-34.83490977517,
    82.557888564527));
#4227 = CARTESIAN_POINT('',(-37.25889741547,-34.83490598087,
    82.557882843524));
#4228 = CARTESIAN_POINT('',(-37.25889367059,-34.83490234891,
    82.557877367293));
#4229 = CARTESIAN_POINT('',(-37.25889009309,-34.83489887929,
    82.557872135834));
#4230 = CARTESIAN_POINT('',(-37.25888668298,-34.834895572,
    82.557867149147));
#4231 = CARTESIAN_POINT('',(-34.00830847228,-31.68233032517,
    77.804465819957));
#4232 = CARTESIAN_POINT('',(-30.7657279425,-28.55922442299,
    73.094911982251));
#4233 = CARTESIAN_POINT('',(-27.53114182425,-25.46557471837,
    68.429200874012));
#4234 = CARTESIAN_POINT('',(-24.30455018861,-22.40138121885,
    63.807332549138));
#4235 = CARTESIAN_POINT('',(-21.08595289139,-19.36664390485,
    59.229306898473));
#4236 = CARTESIAN_POINT('',(-17.87535016611,-16.36136281543,
    54.695124095512));
#4237 = CARTESIAN_POINT('',(-14.67274170324,-13.38553788885,
    50.204783921157));
#4238 = CARTESIAN_POINT('',(-11.47812784351,-10.43916920405,
    45.758286594529));
#4239 = CARTESIAN_POINT('',(-8.291508272736,-7.52225667858,
    41.355631945459));
#4240 = CARTESIAN_POINT('',(-5.11288323453,-4.634800382744,
    36.996820071473));
#4241 = CARTESIAN_POINT('',(-1.942252570251,-1.776800268251,
    32.681850937112));
#4242 = CARTESIAN_POINT('',(1.220383634089,1.051743639168,
    28.410724544629));
#4243 = CARTESIAN_POINT('',(4.37502541646,3.850831349029,24.183440900295
    ));
#4244 = CARTESIAN_POINT('',(11.742844791799,10.335874779782,
    14.387987671251));
#4245 = CARTESIAN_POINT('',(15.975772912209,14.09460305509,
    8.711503065859));
#4246 = CARTESIAN_POINT('',(20.095035363743,17.434520087549,
    3.658379119206));
#4247 = CARTESIAN_POINT('',(24.735472417308,22.694751313393,
    -4.252949586106));
#4248 = CARTESIAN_POINT('',(27.93530675319,22.64695351879,
    -4.263782788631));
#4249 = CARTESIAN_POINT('',(33.700726231789,32.052282751965,
    -18.34469494434));
#4250 = CARTESIAN_POINT('',(36.403878234897,30.174414696529,
    -15.63164285795));
#4251 = CARTESIAN_POINT('',(41.847999972898,38.395893674586,
    -27.95050681055));
#4252 = CARTESIAN_POINT('',(45.481926374619,39.947546925353,
    -30.34197034705));
#4253 = CARTESIAN_POINT('',(50.054828433377,44.958939354895,
    -37.88292631269));
#4254 = CARTESIAN_POINT('',(54.293545942297,48.738999270541,
    -43.59116092754));
#4255 = CARTESIAN_POINT('',(58.640173164151,52.916662001567,
    -49.89118957125));
#4256 = CARTESIAN_POINT('',(62.984985395133,57.087637300909,
    -56.1812645575));
#4257 = CARTESIAN_POINT('',(67.345577738534,61.316747011382,
    -62.55786714913));
#4258 = CARTESIAN_POINT('',(67.345581148643,61.316750318668,
    -62.55787213582));
#4259 = CARTESIAN_POINT('',(67.345584726137,61.316753788292,
    -62.55787736728));
#4260 = CARTESIAN_POINT('',(67.345588471017,61.316757420254,
    -62.55788284351));
#4261 = CARTESIAN_POINT('',(67.345592383282,61.316761214555,
    -62.55788856451));
#4262 = CARTESIAN_POINT('',(67.345596462932,61.316765171194,
    -62.55789453028));
#4263 = CARTESIAN_POINT('',(67.345600709968,61.316769290171,
    -62.55790074083));
#4264 = CARTESIAN_POINT('',(67.345605124389,61.316773571486,
    -62.55790719615));
#4265 = CARTESIAN_POINT('',(67.345609706195,61.316778015139,
    -62.55791389624));
#4266 = CARTESIAN_POINT('',(67.345614455386,61.31678262113,
    -62.5579208411));
#4267 = CARTESIAN_POINT('',(67.345619371962,61.31678738946,
    -62.55792803073));
#4268 = CARTESIAN_POINT('',(67.345624455924,61.316792320128,
    -62.55793546513));
#4269 = CARTESIAN_POINT('',(67.345629707271,61.316797413134,
    -62.55794314431));
#4270 = CARTESIAN_POINT('',(67.345635126003,61.316802668478,
    -62.55795106825));
#4271 = CARTESIAN_POINT('',(-39.4000651552,-31.86026407047,
    82.109466691766));
#4272 = CARTESIAN_POINT('',(-39.40005930117,-31.86025920418,
    82.109458713738));
#4273 = CARTESIAN_POINT('',(-39.40005363341,-31.86025449272,
    82.109450989559));
#4274 = CARTESIAN_POINT('',(-39.40004815191,-31.8602499361,
    82.109443519227));
#4275 = CARTESIAN_POINT('',(-39.40004285668,-31.86024553432,
    82.109436302744));
#4276 = CARTESIAN_POINT('',(-39.40003774772,-31.86024128737,
    82.109429340109));
#4277 = CARTESIAN_POINT('',(-39.40003282502,-31.86023719526,
    82.109422631323));
#4278 = CARTESIAN_POINT('',(-39.40002808858,-31.86023325799,
    82.109416176384));
#4279 = CARTESIAN_POINT('',(-39.40002353842,-31.86022947556,
    82.109409975294));
#4280 = CARTESIAN_POINT('',(-39.40001917451,-31.86022584797,
    82.109404028051));
#4281 = CARTESIAN_POINT('',(-39.40001499688,-31.86022237521,
    82.109398334657));
#4282 = CARTESIAN_POINT('',(-39.40001100551,-31.86021905729,
    82.109392895111));
#4283 = CARTESIAN_POINT('',(-39.4000072004,-31.86021589421,
    82.109387709413));
#4284 = CARTESIAN_POINT('',(-39.40000358157,-31.86021288597,
    82.109382777564));
#4285 = CARTESIAN_POINT('',(-35.95911737226,-28.99989698833,
    77.420050705339));
#4286 = CARTESIAN_POINT('',(-32.52736850621,-26.16206111824,
    72.76963761958));
#4287 = CARTESIAN_POINT('',(-29.1047536974,-23.34670240406,
    68.158139016064));
#4288 = CARTESIAN_POINT('',(-25.69127255366,-20.55382088954,
    63.585554413011));
#4289 = CARTESIAN_POINT('',(-22.28692587371,-17.78341649482,
    59.051884829794));
#4290 = CARTESIAN_POINT('',(-18.89171235966,-15.03548933805,
    54.557128547909));
#4291 = CARTESIAN_POINT('',(-15.50563373618,-12.3100392726,
    50.101287923503));
#4292 = CARTESIAN_POINT('',(-12.12868810145,-9.607066454373,
    45.684360302099));
#4293 = CARTESIAN_POINT('',(-8.760877211039,-6.926570738971,
    41.306348152591));
#4294 = CARTESIAN_POINT('',(-5.402199703053,-4.268552244797,
    36.967249578354));
#4295 = CARTESIAN_POINT('',(-2.05265646404,-1.633010884624,
    32.66706577871));
#4296 = CARTESIAN_POINT('',(1.28775298575,0.980053283219,28.405796134808
    ));
#4297 = CARTESIAN_POINT('',(4.619028435594,3.570640294319,
    24.183440901825));
#4298 = CARTESIAN_POINT('',(12.397764328893,9.583824266887,
    14.387987669871));
#4299 = CARTESIAN_POINT('',(16.867790468804,13.061951890208,
    8.718750452576));
#4300 = CARTESIAN_POINT('',(21.207949305439,16.220496691775,
    3.602801383488));
#4301 = CARTESIAN_POINT('',(26.14356984778,20.844377802561,
    -4.050059227952));
#4302 = CARTESIAN_POINT('',(29.433247156533,21.417855503322,
    -4.690525681398));
#4303 = CARTESIAN_POINT('',(35.654202843849,29.204740903286,
    -17.8194416795));
#4304 = CARTESIAN_POINT('',(38.376401757946,28.381744757752,
    -16.04221714975));
#4305 = CARTESIAN_POINT('',(44.230262515251,35.2652686343,
    -27.60715815907));
#4306 = CARTESIAN_POINT('',(48.015906590516,37.059240635136,
    -30.36064644047));
#4307 = CARTESIAN_POINT('',(52.874365765573,41.493240392206,
    -37.68476812213));
#4308 = CARTESIAN_POINT('',(57.351006610151,44.987645229021,
    -43.38218639095));
#4309 = CARTESIAN_POINT('',(61.9509382681,48.78544966985,-49.60487452153
    ));
#4310 = CARTESIAN_POINT('',(66.548796295016,52.578150944743,
    -55.81872793801));
#4311 = CARTESIAN_POINT('',(71.164683408321,56.415213404183,
    -62.10938277762));
#4312 = CARTESIAN_POINT('',(71.164687027159,56.415216412425,
    -62.10938770947));
#4313 = CARTESIAN_POINT('',(71.164690832263,56.415219575505,
    -62.10939289517));
#4314 = CARTESIAN_POINT('',(71.164694823633,56.415222893423,
    -62.10939833472));
#4315 = CARTESIAN_POINT('',(71.164699001269,56.415226366179,
    -62.10940402811));
#4316 = CARTESIAN_POINT('',(71.16470336517,56.415229993773,
    -62.10940997535));
#4317 = CARTESIAN_POINT('',(71.164707915338,56.415233776205,
    -62.10941617644));
#4318 = CARTESIAN_POINT('',(71.164712651771,56.415237713474,
    -62.10942263138));
#4319 = CARTESIAN_POINT('',(71.16471757447,56.415241805581,
    -62.10942934017));
#4320 = CARTESIAN_POINT('',(71.164722683436,56.415246052526,
    -62.1094363028));
#4321 = CARTESIAN_POINT('',(71.164727978667,56.415250454309,
    -62.10944351929));
#4322 = CARTESIAN_POINT('',(71.164733460164,56.41525501093,
    -62.10945098962));
#4323 = CARTESIAN_POINT('',(71.164739127927,56.415259722388,
    -62.1094587138));
#4324 = CARTESIAN_POINT('',(71.164744981956,56.415264588684,
    -62.10946669183));
#4325 = CARTESIAN_POINT('',(-41.37897283128,-28.79238261381,
    81.712494847253));
#4326 = CARTESIAN_POINT('',(-41.3789665707,-28.79237817938,
    81.712486829997));
#4327 = CARTESIAN_POINT('',(-41.3789605141,-28.79237388943,
    81.712479073958));
#4328 = CARTESIAN_POINT('',(-41.37895466148,-28.79236974396,
    81.712471579137));
#4329 = CARTESIAN_POINT('',(-41.37894901285,-28.79236574297,
    81.712464345533));
#4330 = CARTESIAN_POINT('',(-41.3789435682,-28.79236188647,
    81.712457373146));
#4331 = CARTESIAN_POINT('',(-41.37893832753,-28.79235817445,
    81.712450661978));
#4332 = CARTESIAN_POINT('',(-41.37893329084,-28.79235460691,
    81.712444212027));
#4333 = CARTESIAN_POINT('',(-41.37892845813,-28.79235118385,
    81.712438023293));
#4334 = CARTESIAN_POINT('',(-41.3789238294,-28.79234790527,
    81.712432095777));
#4335 = CARTESIAN_POINT('',(-41.37891940466,-28.79234477118,
    81.712426429479));
#4336 = CARTESIAN_POINT('',(-41.37891518389,-28.79234178157,
    81.712421024398));
#4337 = CARTESIAN_POINT('',(-41.37891116711,-28.79233893644,
    81.712415880534));
#4338 = CARTESIAN_POINT('',(-41.37890735431,-28.79233623579,
    81.712410997889));
#4339 = CARTESIAN_POINT('',(-37.76134851055,-26.22998143373,
    77.0797892063));
#4340 = CARTESIAN_POINT('',(-34.15413209749,-23.68357591959,
    72.481724167813));
#4341 = CARTESIAN_POINT('',(-30.55725408398,-21.15311720485,
    67.918210741638));
#4342 = CARTESIAN_POINT('',(-26.97071560228,-18.63860511984,
    63.389250374398));
#4343 = CARTESIAN_POINT('',(-23.39451434181,-16.14003999181,
    58.894839988532));
#4344 = CARTESIAN_POINT('',(-19.82865406464,-13.65742130597,
    54.434984805669));
#4345 = CARTESIAN_POINT('',(-16.27312976205,-11.19074974233,
    50.009677610402));
#4346 = CARTESIAN_POINT('',(-12.72794696687,-8.74002453529,
    45.618926612987));
#4347 = CARTESIAN_POINT('',(-9.193100564269,-6.305246425752,
    41.262724078441));
#4348 = CARTESIAN_POINT('',(-5.668594526189,-3.886414794281,
    36.941076047911));
#4349 = CARTESIAN_POINT('',(-2.154426266267,-1.483530089325,
    32.653978621132));
#4350 = CARTESIAN_POINT('',(1.349402817374,0.903407970405,
    28.401433861396));
#4351 = CARTESIAN_POINT('',(4.842893336536,3.274399231744,
    24.183440893821));
#4352 = CARTESIAN_POINT('',(12.998631848841,8.78869455795,
    14.387987676763));
#4353 = CARTESIAN_POINT('',(17.686422097899,11.971395515764,
    8.72516538145));
#4354 = CARTESIAN_POINT('',(22.22721515866,14.927364283876,3.55360734612
    ));
#4355 = CARTESIAN_POINT('',(27.442012794086,18.922935708596,
    -3.870472892612));
#4356 = CARTESIAN_POINT('',(30.793763516712,20.044892919313,
    -5.068252856787));
#4357 = CARTESIAN_POINT('',(37.463434769788,26.284501379155,
    -17.3545191234));
#4358 = CARTESIAN_POINT('',(40.172855398466,26.415711584346,
    -16.40563258402));
#4359 = CARTESIAN_POINT('',(46.42701126091,32.014416735581,
    -27.3032468485));
#4360 = CARTESIAN_POINT('',(50.340147579965,34.002271953367,
    -30.37717698303));
#4361 = CARTESIAN_POINT('',(55.467606308821,37.86312841543,
    -37.50937049776));
#4362 = CARTESIAN_POINT('',(60.162883443882,41.057378514093,
    -43.19721439743));
#4363 = CARTESIAN_POINT('',(64.99771411176,44.46687839524,
    -49.35144545386));
#4364 = CARTESIAN_POINT('',(69.83019743285,47.872758325114,
    -55.49783200467));
#4365 = CARTESIAN_POINT('',(74.683087700085,51.310111299456,
    -61.7124109977));
#4366 = CARTESIAN_POINT('',(74.683091512884,51.310114000102,
    -61.71241588034));
#4367 = CARTESIAN_POINT('',(74.683095529665,51.31011684523,
    -61.71242102421));
#4368 = CARTESIAN_POINT('',(74.683099750428,51.310119834841,
    -61.71242642929));
#4369 = CARTESIAN_POINT('',(74.683104175173,51.310122968934,
    -61.71243209559));
#4370 = CARTESIAN_POINT('',(74.683108803899,51.310126247509,
    -61.7124380231));
#4371 = CARTESIAN_POINT('',(74.683113636607,51.310129670567,
    -61.71244421184));
#4372 = CARTESIAN_POINT('',(74.683118673296,51.310133238107,
    -61.71245066179));
#4373 = CARTESIAN_POINT('',(74.683123913968,51.310136950129,
    -61.71245737296));
#4374 = CARTESIAN_POINT('',(74.68312935862,51.310140806633,
    -61.71246434534));
#4375 = CARTESIAN_POINT('',(74.683135007255,51.31014480762,
    -61.71247157895));
#4376 = CARTESIAN_POINT('',(74.683140859871,51.31014895309,
    -61.71247907377));
#4377 = CARTESIAN_POINT('',(74.683146916469,51.310153243041,
    -61.71248682981));
#4378 = CARTESIAN_POINT('',(74.683153177049,51.310157677475,
    -61.71249484706));
#4379 = CARTESIAN_POINT('',(-43.18054737518,-25.65576658448,
    81.37001243429));
#4380 = CARTESIAN_POINT('',(-43.18054074481,-25.65576261766,
    81.370004392576));
#4381 = CARTESIAN_POINT('',(-43.18053433446,-25.65575878247,
    81.369996617714));
#4382 = CARTESIAN_POINT('',(-43.18052814413,-25.65575507892,
    81.369989109706));
#4383 = CARTESIAN_POINT('',(-43.18052217382,-25.655751507,
    81.369981868552));
#4384 = CARTESIAN_POINT('',(-43.18051642353,-25.65574806671,
    81.369974894251));
#4385 = CARTESIAN_POINT('',(-43.18051089326,-25.65574475806,
    81.369968186803));
#4386 = CARTESIAN_POINT('',(-43.18050558301,-25.65574158104,
    81.369961746209));
#4387 = CARTESIAN_POINT('',(-43.18050049277,-25.65573853565,
    81.369955572468));
#4388 = CARTESIAN_POINT('',(-43.18049562256,-25.6557356219,
    81.369949665581));
#4389 = CARTESIAN_POINT('',(-43.18049097237,-25.65573283978,
    81.369944025547));
#4390 = CARTESIAN_POINT('',(-43.1804865422,-25.6557301893,
    81.369938652366));
#4391 = CARTESIAN_POINT('',(-43.18048233205,-25.65572767044,
    81.369933546039));
#4392 = CARTESIAN_POINT('',(-43.18047834192,-25.65572528323,
    81.369928706566));
#4393 = CARTESIAN_POINT('',(-39.40123467247,-23.39467759554,
    76.786233047115));
#4394 = CARTESIAN_POINT('',(-35.63359367958,-21.14354728239,
    72.233330219932));
#4395 = CARTESIAN_POINT('',(-31.87755244994,-18.90233194057,
    67.711216667292));
#4396 = CARTESIAN_POINT('',(-28.13310868361,-16.67103194387,
    63.219889554934));
#4397 = CARTESIAN_POINT('',(-24.40026708092,-14.44964656334,
    58.759354926653));
#4398 = CARTESIAN_POINT('',(-20.67901997709,-12.23817695914,
    54.329602508328));
#4399 = CARTESIAN_POINT('',(-16.96937759197,-10.03662158102,
    49.93064651959));
#4400 = CARTESIAN_POINT('',(-13.2713286213,-7.844982193087,
    45.562470756182));
#4401 = CARTESIAN_POINT('',(-9.584883526125,-5.663257072953,
    41.22509051048));
#4402 = CARTESIAN_POINT('',(-5.910034178492,-3.491447668606,
    36.918493811249));
#4403 = CARTESIAN_POINT('',(-2.246785869571,-1.329552931516,
    32.642688412892));
#4404 = CARTESIAN_POINT('',(1.404864256202,0.822426485502,
    28.397670193773));
#4405 = CARTESIAN_POINT('',(5.044914954707,2.964490931572,
    24.183440913658));
#4406 = CARTESIAN_POINT('',(13.540870696896,7.956881019286,
    14.387987658379));
#4407 = CARTESIAN_POINT('',(18.425431587046,10.831702426516,
    8.730699866798));
#4408 = CARTESIAN_POINT('',(23.145075449408,13.565549519286,
    3.51116557611));
#4409 = CARTESIAN_POINT('',(28.620889612561,16.945784371058,
    -3.715536537931));
#4410 = CARTESIAN_POINT('',(32.006538324773,18.539310237629,
    -5.394133116829));
#4411 = CARTESIAN_POINT('',(39.114585751444,23.314805235087,
    -16.9534117171));
#4412 = CARTESIAN_POINT('',(41.779599747082,24.292319513967,
    -16.71916627929));
#4413 = CARTESIAN_POINT('',(48.42147725237,28.669326424023,
    -27.04104966241));
#4414 = CARTESIAN_POINT('',(52.436948896671,30.801232840115,
    -30.39143972451));
#4415 = CARTESIAN_POINT('',(57.814776550178,34.097709029364,
    -37.35804771078));
#4416 = CARTESIAN_POINT('',(62.707737577732,36.97970903747,
    -43.03763254352));
#4417 = CARTESIAN_POINT('',(67.757264001775,39.995546168367,
    -49.13280266763));
#4418 = CARTESIAN_POINT('',(72.804157298085,43.009131343474,
    -55.2209831961));
#4419 = CARTESIAN_POINT('',(77.873944894514,46.042286279075,
    -61.36992870694));
#4420 = CARTESIAN_POINT('',(77.873948884646,46.042288666292,
    -61.36993354641));
#4421 = CARTESIAN_POINT('',(77.873953094798,46.042291185144,
    -61.36993865274));
#4422 = CARTESIAN_POINT('',(77.873957524969,46.042293835629,
    -61.36994402592));
#4423 = CARTESIAN_POINT('',(77.873962175161,46.042296617748,
    -61.36994966595));
#4424 = CARTESIAN_POINT('',(77.873967045372,46.0422995315,
    -61.36995557284));
#4425 = CARTESIAN_POINT('',(77.873972135603,46.042302576886,
    -61.36996174658));
#4426 = CARTESIAN_POINT('',(77.873977445855,46.042305753906,
    -61.36996818718));
#4427 = CARTESIAN_POINT('',(77.873982976125,46.042309062559,
    -61.36997489462));
#4428 = CARTESIAN_POINT('',(77.873988726416,46.042312502846,
    -61.36998186892));
#4429 = CARTESIAN_POINT('',(77.873994696727,46.042316074766,
    -61.36998911008));
#4430 = CARTESIAN_POINT('',(77.874000887058,46.04231977832,
    -61.36999661809));
#4431 = CARTESIAN_POINT('',(77.874007297408,46.042323613508,
    -61.37000439295));
#4432 = CARTESIAN_POINT('',(77.874013927778,46.042327580329,
    -61.37001243466));
#4433 = CARTESIAN_POINT('',(-44.79304636482,-22.47618734451,
    81.083958470588));
#4434 = CARTESIAN_POINT('',(-44.7930394079,-22.47618387246,
    81.083950418334));
#4435 = CARTESIAN_POINT('',(-44.79303268495,-22.47618051717,
    81.08394263688));
#4436 = CARTESIAN_POINT('',(-44.79302619596,-22.47617727865,
    81.083935126226));
#4437 = CARTESIAN_POINT('',(-44.79301994094,-22.47617415689,
    81.083927886372));
#4438 = CARTESIAN_POINT('',(-44.79301391988,-22.47617115191,
    81.083920917318));
#4439 = CARTESIAN_POINT('',(-44.79300813278,-22.47616826369,
    81.083914219064));
#4440 = CARTESIAN_POINT('',(-44.79300257965,-22.47616549223,
    81.08390779161));
#4441 = CARTESIAN_POINT('',(-44.79299726048,-22.47616283754,
    81.083901634956));
#4442 = CARTESIAN_POINT('',(-44.79299217527,-22.47616029962,
    81.083895749102));
#4443 = CARTESIAN_POINT('',(-44.79298732403,-22.47615787846,
    81.083890134048));
#4444 = CARTESIAN_POINT('',(-44.79298270675,-22.47615557407,
    81.083884789794));
#4445 = CARTESIAN_POINT('',(-44.79297832343,-22.47615338645,
    81.08387971634));
#4446 = CARTESIAN_POINT('',(-44.79297417408,-22.47615131559,
    81.083874913686));
#4447 = CARTESIAN_POINT('',(-40.86810023508,-20.51732713034,
    76.541044037466));
#4448 = CARTESIAN_POINT('',(-36.95613480554,-18.56292767864,
    72.025863044628));
#4449 = CARTESIAN_POINT('',(-33.05707263488,-16.61295124207,
    67.538325911268));
#4450 = CARTESIAN_POINT('',(-29.17091731039,-14.66739722265,
    63.07843681211));
#4451 = CARTESIAN_POINT('',(-25.29766149262,-12.72626678896,
    58.646186834006));
#4452 = CARTESIAN_POINT('',(-21.43731716444,-10.78955807708,
    54.24159113328));
#4453 = CARTESIAN_POINT('',(-17.5898683293,-8.857273583843,
    49.864628746951));
#4454 = CARTESIAN_POINT('',(-13.75533269998,-6.929410459547,
    45.515323528619));
#4455 = CARTESIAN_POINT('',(-9.933693872243,-5.005971495953,
    41.193653013458));
#4456 = CARTESIAN_POINT('',(-6.124964595236,-3.086954338087,
    36.899634746388));
#4457 = CARTESIAN_POINT('',(-2.329136573899,-1.172360695757,
    32.633257387053));
#4458 = CARTESIAN_POINT('',(1.453785723599,0.737810496535,
    28.394526956036));
#4459 = CARTESIAN_POINT('',(5.223804234905,2.643558670082,24.18344087913
    ));
#4460 = CARTESIAN_POINT('',(14.021020751523,7.09547866276,
    14.387987693828));
#4461 = CARTESIAN_POINT('',(19.080099435252,9.65257692048,8.735322272863
    ));
#4462 = CARTESIAN_POINT('',(23.955703399308,12.146791852608,
    3.475717221038));
#4463 = CARTESIAN_POINT('',(29.672566993532,14.929338456208,
    -3.586129275002));
#4464 = CARTESIAN_POINT('',(33.064066286256,16.914892279618,
    -5.666318017398));
#4465 = CARTESIAN_POINT('',(40.596832156713,20.319820010836,
    -16.61839532349));
#4466 = CARTESIAN_POINT('',(43.186606495507,22.030592756498,
    -16.98103737089));
#4467 = CARTESIAN_POINT('',(50.200746169995,25.257764303992,
    -26.82205648083));
#4468 = CARTESIAN_POINT('',(54.292939749233,27.48347745965,
    -30.40334980615));
#4469 = CARTESIAN_POINT('',(59.900791176834,30.22865860328,
    -37.23165898682));
#4470 = CARTESIAN_POINT('',(64.969214589739,32.788962486138,
    -42.90434314559));
#4471 = CARTESIAN_POINT('',(70.211822039678,35.408962662083,
    -48.9501844466));
#4472 = CARTESIAN_POINT('',(75.451499551451,38.027960192549,
    -54.98974884226));
#4473 = CARTESIAN_POINT('',(80.71664747367,40.655687637272,
    -61.0838749131));
#4474 = CARTESIAN_POINT('',(80.716651623023,40.655689708129,
    -61.08387971575));
#4475 = CARTESIAN_POINT('',(80.71665600634,40.655691895753,
    -61.0838847892));
#4476 = CARTESIAN_POINT('',(80.716660623621,40.655694200143,
    -61.08389013346));
#4477 = CARTESIAN_POINT('',(80.716665474864,40.655696621299,
    -61.08389574851));
#4478 = CARTESIAN_POINT('',(80.716670560071,40.655699159222,
    -61.08390163437));
#4479 = CARTESIAN_POINT('',(80.716675879242,40.655701813911,
    -61.08390779102));
#4480 = CARTESIAN_POINT('',(80.716681432375,40.655704585366,
    -61.08391421847));
#4481 = CARTESIAN_POINT('',(80.716687219472,40.655707473587,
    -61.08392091673));
#4482 = CARTESIAN_POINT('',(80.716693240532,40.655710478575,
    -61.08392788578));
#4483 = CARTESIAN_POINT('',(80.716699495556,40.655713600329,
    -61.08393512564));
#4484 = CARTESIAN_POINT('',(80.716705984543,40.65571683885,
    -61.08394263629));
#4485 = CARTESIAN_POINT('',(80.716712707493,40.655720194136,
    -61.08395041774));
#4486 = CARTESIAN_POINT('',(80.716719664407,40.655723666189,-61.08395847
    ));
#4487 = CARTESIAN_POINT('',(-46.2086005342,-19.27972383923,
    80.855147565101));
#4488 = CARTESIAN_POINT('',(-46.2085932985,-19.27972087963,
    80.855139514689));
#4489 = CARTESIAN_POINT('',(-46.20858630832,-19.27971802045,
    80.855131737444));
#4490 = CARTESIAN_POINT('',(-46.20857956366,-19.27971526169,
    80.855124233365));
#4491 = CARTESIAN_POINT('',(-46.20857306452,-19.27971260336,
    80.855117002453));
#4492 = CARTESIAN_POINT('',(-46.2085668109,-19.27971004546,
    80.855110044708));
#4493 = CARTESIAN_POINT('',(-46.20856080281,-19.27970758798,
    80.855103360129));
#4494 = CARTESIAN_POINT('',(-46.20855504024,-19.27970523092,
    80.855096948717));
#4495 = CARTESIAN_POINT('',(-46.20854952319,-19.27970297429,
    80.855090810472));
#4496 = CARTESIAN_POINT('',(-46.20854425166,-19.27970081809,
    80.855084945393));
#4497 = CARTESIAN_POINT('',(-46.20853922566,-19.27969876231,
    80.855079353481));
#4498 = CARTESIAN_POINT('',(-46.20853444518,-19.27969680696,
    80.855074034735));
#4499 = CARTESIAN_POINT('',(-46.20852991021,-19.27969495203,
    80.855068989156));
#4500 = CARTESIAN_POINT('',(-46.20852562077,-19.27969319753,
    80.855064216743));
#4501 = CARTESIAN_POINT('',(-42.15481289917,-17.62161046914,
    76.344920712223));
#4502 = CARTESIAN_POINT('',(-38.11534679277,-15.96302891914,
    71.859911964464));
#4503 = CARTESIAN_POINT('',(-34.09012490701,-14.30394660088,
    67.400035197719));
#4504 = CARTESIAN_POINT('',(-30.07914280823,-12.64436425632,
    62.965285581922));
#4505 = CARTESIAN_POINT('',(-26.082409574,-10.98428043707,
    58.555673435423));
#4506 = CARTESIAN_POINT('',(-22.09991037178,-9.323697450576,
    54.171181225571));
#4507 = CARTESIAN_POINT('',(-18.13166501801,-7.662612208307,
    49.811833150366));
#4508 = CARTESIAN_POINT('',(-14.1776515553,-6.001028235777,
    45.477601769689));
#4509 = CARTESIAN_POINT('',(-10.23789032743,-4.338942074447,
    41.168512807974));
#4510 = CARTESIAN_POINT('',(-6.3123655242,-2.676356649198,
    36.884546283523));
#4511 = CARTESIAN_POINT('',(-2.401087424025,-1.013269829143,
    32.625715037406));
#4512 = CARTESIAN_POINT('',(1.495949497932,0.650317052619,
    28.392012286407));
#4513 = CARTESIAN_POINT('',(5.378742857202,2.314404710474,
    24.183440925428));
#4514 = CARTESIAN_POINT('',(14.436885906731,6.212008457726,
    14.38798764068));
#4515 = CARTESIAN_POINT('',(19.647423101571,8.444288350306,
    8.739020022391));
#4516 = CARTESIAN_POINT('',(24.655452738044,10.683683774532,
    3.447361532726));
#4517 = CARTESIAN_POINT('',(30.592010835808,12.890450949219,
    -3.482615842029));
#4518 = CARTESIAN_POINT('',(33.961980607048,15.187409803272,
    -5.88403914194));
#4519 = CARTESIAN_POINT('',(41.902815707675,17.323744371987,
    -16.35041443508));
#4520 = CARTESIAN_POINT('',(44.387892365788,19.651797328124,
    -17.19051114127));
#4521 = CARTESIAN_POINT('',(51.756301236217,21.808250922141,
    -26.64688061823));
#4522 = CARTESIAN_POINT('',(55.899652464887,24.078027392651,
    -30.41288111544));
#4523 = CARTESIAN_POINT('',(61.715889611555,26.289026137415,
    -37.13055951297));
#4524 = CARTESIAN_POINT('',(66.936741428541,28.520940120391,
    -42.79772801455));
#4525 = CARTESIAN_POINT('',(72.349845580817,30.74610227284,
    -48.8041100547));
#4526 = CARTESIAN_POINT('',(77.759716393153,32.971376190518,
    -54.80478759794));
#4527 = CARTESIAN_POINT('',(83.197699328471,35.195664486612,
    -60.85506421746));
#4528 = CARTESIAN_POINT('',(83.197703617911,35.195666241114,
    -60.85506898987));
#4529 = CARTESIAN_POINT('',(83.197708152872,35.195668096041,
    -60.85507403545));
#4530 = CARTESIAN_POINT('',(83.197712933356,35.195670051394,
    -60.8550793542));
#4531 = CARTESIAN_POINT('',(83.197717959361,35.195672107172,
    -60.85508494611));
#4532 = CARTESIAN_POINT('',(83.197723230889,35.195674263375,
    -60.85509081119));
#4533 = CARTESIAN_POINT('',(83.197728747938,35.195676520004,
    -60.85509694943));
#4534 = CARTESIAN_POINT('',(83.197734510509,35.195678877058,
    -60.85510336085));
#4535 = CARTESIAN_POINT('',(83.197740518602,35.195681334537,
    -60.85511004543));
#4536 = CARTESIAN_POINT('',(83.197746772217,35.195683892442,
    -60.85511700317));
#4537 = CARTESIAN_POINT('',(83.197753271354,35.195686550772,
    -60.85512423408));
#4538 = CARTESIAN_POINT('',(83.197760016013,35.195689309527,
    -60.85513173816));
#4539 = CARTESIAN_POINT('',(83.197767006193,35.195692168708,
    -60.85513951541));
#4540 = CARTESIAN_POINT('',(83.197774241896,35.195695128315,
    -60.85514756582));
#4541 = CARTESIAN_POINT('',(-47.42341429496,-16.09170999496,
    80.683270539119));
#4542 = CARTESIAN_POINT('',(-47.42340683054,-16.09170755585,
    80.683262500869));
#4543 = CARTESIAN_POINT('',(-47.42339962067,-16.09170519992,
    80.683254736734));
#4544 = CARTESIAN_POINT('',(-47.42339266534,-16.09170292717,
    80.683247246714));
#4545 = CARTESIAN_POINT('',(-47.42338596457,-16.0917007376,
    80.68324003081));
#4546 = CARTESIAN_POINT('',(-47.42337951833,-16.0916986312,
    80.68323308902));
#4547 = CARTESIAN_POINT('',(-47.42337332665,-16.09169660798,
    80.683226421347));
#4548 = CARTESIAN_POINT('',(-47.42336738951,-16.09169466793,
    80.683220027788));
#4549 = CARTESIAN_POINT('',(-47.42336170692,-16.09169281107,
    80.683213908345));
#4550 = CARTESIAN_POINT('',(-47.42335627888,-16.09169103738,
    80.683208063017));
#4551 = CARTESIAN_POINT('',(-47.42335110538,-16.09168934686,
    80.683202491804));
#4552 = CARTESIAN_POINT('',(-47.42334618643,-16.09168773953,
    80.683197194707));
#4553 = CARTESIAN_POINT('',(-47.42334152203,-16.09168621537,
    80.683192171725));
#4554 = CARTESIAN_POINT('',(-47.42333711218,-16.09168477438,
    80.683187422858));
#4555 = CARTESIAN_POINT('',(-43.25796335295,-14.73058948134,
    76.197597662447));
#4556 = CARTESIAN_POINT('',(-39.10819755854,-13.36465784856,
    71.735254593084));
#4557 = CARTESIAN_POINT('',(-34.97403393198,-11.99388880308,
    67.296152134186));
#4558 = CARTESIAN_POINT('',(-30.8554768874,-10.61828162456,
    62.880294790723));
#4559 = CARTESIAN_POINT('',(-26.75251738302,-9.237837714223,
    58.487672941274));
#4560 = CARTESIAN_POINT('',(-22.66517020152,-7.852554847994,
    54.118302904096));
#4561 = CARTESIAN_POINT('',(-18.59341558065,-6.462435993738,
    49.772162235939));
#4562 = CARTESIAN_POINT('',(-14.53727543048,-5.067477769167,
    45.449276257512));
#4563 = CARTESIAN_POINT('',(-10.49672944307,-3.667683493581,
    41.149621387302));
#4564 = CARTESIAN_POINT('',(-6.471793400957,-2.263050352452,
    36.873215799319));
#4565 = CARTESIAN_POINT('',(-2.462457050473,-0.853580406281,
    32.62004791351));
#4566 = CARTESIAN_POINT('',(1.531274107105,0.560727643118,
    28.390123798783));
#4567 = CARTESIAN_POINT('',(5.509402435717,1.979873093498,
    24.183440875918));
#4568 = CARTESIAN_POINT('',(14.787584381785,5.314104640528,
    14.387987704163));
#4569 = CARTESIAN_POINT('',(20.126186982631,7.217238780325,
    8.741797204968));
#4570 = CARTESIAN_POINT('',(25.242938318727,9.189156137328,3.42606285814
    ));
#4571 = CARTESIAN_POINT('',(31.376912073369,10.845694329183,
    -3.40486228904));
#4572 = CARTESIAN_POINT('',(34.699134231233,13.373984120884,
    -6.047580266605));
#4573 = CARTESIAN_POINT('',(43.028835657504,14.349762897239,
    -16.14912170019));
#4574 = CARTESIAN_POINT('',(45.381639290869,17.178611646492,
    -17.34785369372));
#4575 = CARTESIAN_POINT('',(53.08423515321,18.348813599647,
    -26.51530117181));
#4576 = CARTESIAN_POINT('',(57.25371357817,20.614426703873,
    -30.42003459376));
#4577 = CARTESIAN_POINT('',(63.255873309491,22.311828832909,
    -37.05461990868));
#4578 = CARTESIAN_POINT('',(68.605775581094,24.211463173867,
    -42.71763964733));
#4579 = CARTESIAN_POINT('',(74.166294972182,26.045793975228,
    -48.69438329841));
#4580 = CARTESIAN_POINT('',(79.72327171801,27.881224991461,
    -54.66584926721));
#4581 = CARTESIAN_POINT('',(85.311045818945,29.707109835029,
    -60.68318742214));
#4582 = CARTESIAN_POINT('',(85.311050228801,29.707111276012,
    -60.68319217101));
#4583 = CARTESIAN_POINT('',(85.311054893203,29.707112800172,
    -60.68319719399));
#4584 = CARTESIAN_POINT('',(85.311059812153,29.707114407509,
    -60.68320249109));
#4585 = CARTESIAN_POINT('',(85.311064985649,29.707116098023,
    -60.6832080623));
#4586 = CARTESIAN_POINT('',(85.311070413693,29.707117871714,
    -60.68321390763));
#4587 = CARTESIAN_POINT('',(85.311076096283,29.707119728581,
    -60.68322002707));
#4588 = CARTESIAN_POINT('',(85.31108203342,29.707121668625,
    -60.68322642063));
#4589 = CARTESIAN_POINT('',(85.311088225104,29.707123691846,
    -60.6832330883));
#4590 = CARTESIAN_POINT('',(85.311094671334,29.707125798244,
    -60.68324003009));
#4591 = CARTESIAN_POINT('',(85.311101372112,29.707127987818,
    -60.683247246));
#4592 = CARTESIAN_POINT('',(85.311108327436,29.70713026057,
    -60.68325473602));
#4593 = CARTESIAN_POINT('',(85.311115537308,29.707132616498,
    -60.68326250015));
#4594 = CARTESIAN_POINT('',(85.311123001726,29.707135055603,
    -60.6832705384));
#4595 = CARTESIAN_POINT('',(-48.43764401033,-12.93578827022,
    80.566981302849));
#4596 = CARTESIAN_POINT('',(-48.43763636746,-12.93578635058,
    80.566973284699));
#4597 = CARTESIAN_POINT('',(-48.43762898562,-12.9357844965,
    80.566965540392));
#4598 = CARTESIAN_POINT('',(-48.4376218648,-12.93578270798,
    80.566958069929));
#4599 = CARTESIAN_POINT('',(-48.43761500501,-12.93578098502,
    80.56695087331));
#4600 = CARTESIAN_POINT('',(-48.43760840625,-12.93577932763,
    80.566943950535));
#4601 = CARTESIAN_POINT('',(-48.43760206851,-12.93577773579,
    80.566937301605));
#4602 = CARTESIAN_POINT('',(-48.4375959918,-12.93577620952,
    80.566930926518));
#4603 = CARTESIAN_POINT('',(-48.43759017612,-12.93577474881,
    80.566924825275));
#4604 = CARTESIAN_POINT('',(-48.43758462147,-12.93577335366,
    80.566918997876));
#4605 = CARTESIAN_POINT('',(-48.43757932784,-12.93577202407,
    80.566913444322));
#4606 = CARTESIAN_POINT('',(-48.43757429524,-12.93577076005,
    80.566908164611));
#4607 = CARTESIAN_POINT('',(-48.43756952366,-12.93576956158,
    80.566903158744));
#4608 = CARTESIAN_POINT('',(-48.43756501312,-12.93576842868,
    80.566898426721));
#4609 = CARTESIAN_POINT('',(-44.17775308999,-11.86584167313,
    76.0979214828));
#4610 = CARTESIAN_POINT('',(-39.934919677,-10.78733309956,
    71.650912706688));
#4611 = CARTESIAN_POINT('',(-35.70906184361,-9.700241421443,
    67.225868860247));
#4612 = CARTESIAN_POINT('',(-31.50017604288,-8.604567190789,
    62.822786520551));
#4613 = CARTESIAN_POINT('',(-27.3082695427,-7.500309339412,
    58.441672988189));
#4614 = CARTESIAN_POINT('',(-23.13333045453,-6.387469553554,
    54.082515918383));
#4615 = CARTESIAN_POINT('',(-18.97537468157,-5.266045593487,
    49.745332209642));
#4616 = CARTESIAN_POINT('',(-14.83438458046,-4.136040004449,
    45.430102918349));
#4617 = CARTESIAN_POINT('',(-10.71037651385,-2.997450289144,
    41.136845546118));
#4618 = CARTESIAN_POINT('',(-6.603337761499,-1.850278571211,
    36.865546731619));
#4619 = CARTESIAN_POINT('',(-2.513276585535,-0.694523286376,
    32.6162149006));
#4620 = CARTESIAN_POINT('',(1.559811441222,0.469814570418,
    28.388845680455));
#4621 = CARTESIAN_POINT('',(5.615924422879,1.642735544546,
    24.183440918832));
#4622 = CARTESIAN_POINT('',(15.073496201686,4.409205971766,
    14.387987643293));
#4623 = CARTESIAN_POINT('',(20.516891138257,5.981551326989,
    8.743676704206));
#4624 = CARTESIAN_POINT('',(25.718939958153,7.675928702542,
    3.411651020197));
#4625 = CARTESIAN_POINT('',(32.027597669203,8.810768393144,
    -3.352252168587));
#4626 = CARTESIAN_POINT('',(35.277427086841,11.492254031884,
    -6.158235348961));
#4627 = CARTESIAN_POINT('',(43.974757157174,11.419300184692,
    -16.01292212462));
#4628 = CARTESIAN_POINT('',(46.169981966006,14.634027699995,
    -17.45431846135));
#4629 = CARTESIAN_POINT('',(54.185101651948,14.906025464398,
    -26.42626797258));
#4630 = CARTESIAN_POINT('',(58.356637325099,17.121460928796,
    -30.42488108686));
#4631 = CARTESIAN_POINT('',(64.521898135072,18.328809798395,
    -37.00323644895));
#4632 = CARTESIAN_POINT('',(69.977585639413,19.894936662165,
    -42.66345507429));
#4633 = CARTESIAN_POINT('',(75.662397410195,21.345214010033,
    -48.62014332767));
#4634 = CARTESIAN_POINT('',(81.343355556621,22.797438358013,
    -54.57184603284));
#4635 = CARTESIAN_POINT('',(87.057816864031,24.232725961258,
    -60.56689842728));
#4636 = CARTESIAN_POINT('',(87.057821374577,24.232727094161,
    -60.5669031593));
#4637 = CARTESIAN_POINT('',(87.05782614615,24.232728292626,
    -60.56690816517));
#4638 = CARTESIAN_POINT('',(87.057831178751,24.232729556652,
    -60.56691344488));
#4639 = CARTESIAN_POINT('',(87.057836472378,24.23273088624,
    -60.56691899843));
#4640 = CARTESIAN_POINT('',(87.057842027033,24.232732281389,
    -60.56692482583));
#4641 = CARTESIAN_POINT('',(87.057847842714,24.2327337421,
    -60.56693092707));
#4642 = CARTESIAN_POINT('',(87.057853919423,24.232735268373,
    -60.56693730216));
#4643 = CARTESIAN_POINT('',(87.057860257158,24.232736860207,
    -60.56694395109));
#4644 = CARTESIAN_POINT('',(87.057866855921,24.232738517602,
    -60.56695087387));
#4645 = CARTESIAN_POINT('',(87.057873715711,24.232740240559,
    -60.56695807048));
#4646 = CARTESIAN_POINT('',(87.057880836528,24.232742029078,
    -60.56696554095));
#4647 = CARTESIAN_POINT('',(87.057888218372,24.232743883158,
    -60.56697328525));
#4648 = CARTESIAN_POINT('',(87.057895861243,24.232745802799,
    -60.5669813034));
#4649 = CARTESIAN_POINT('',(-49.25500123034,-9.833193320215,
    80.504049760778));
#4650 = CARTESIAN_POINT('',(-49.25499345761,-9.833191910972,
    80.504041768179));
#4651 = CARTESIAN_POINT('',(-49.25498594996,-9.833190549788,
    80.504034048148));
#4652 = CARTESIAN_POINT('',(-49.25497870738,-9.833189236663,
    80.504026600685));
#4653 = CARTESIAN_POINT('',(-49.25497172987,-9.833187971597,
    80.504019425791));
#4654 = CARTESIAN_POINT('',(-49.25496501742,-9.83318675459,
    80.504012523465));
#4655 = CARTESIAN_POINT('',(-49.25495857005,-9.833185585641,
    80.504005893707));
#4656 = CARTESIAN_POINT('',(-49.25495238775,-9.833184464752,
    80.503999536518));
#4657 = CARTESIAN_POINT('',(-49.25494647051,-9.833183391921,
    80.503993451897));
#4658 = CARTESIAN_POINT('',(-49.25494081835,-9.833182367149,
    80.503987639845));
#4659 = CARTESIAN_POINT('',(-49.25493543126,-9.833181390436,
    80.503982100361));
#4660 = CARTESIAN_POINT('',(-49.25493030923,-9.833180461781,
    80.503976833446));
#4661 = CARTESIAN_POINT('',(-49.25492545228,-9.833179581186,
    80.503971839098));
#4662 = CARTESIAN_POINT('',(-49.2549208604,-9.833178748649,
    80.50396711732));
#4663 = CARTESIAN_POINT('',(-44.9176282071,-9.046800830811,
    76.043980306132));
#4664 = CARTESIAN_POINT('',(-40.59868574268,-8.248681747401,
    71.605270525544));
#4665 = CARTESIAN_POINT('',(-36.29808829271,-7.43882084733,
    67.18783256578));
#4666 = CARTESIAN_POINT('',(-32.01583813682,-6.617217796167,
    62.791668557133));
#4667 = CARTESIAN_POINT('',(-27.75193060209,-5.783873237402,
    58.416773969234));
#4668 = CARTESIAN_POINT('',(-23.50637333725,-4.938786161249,
    54.063156430033));
#4669 = CARTESIAN_POINT('',(-19.27915610186,-4.081957902089,
    49.730805556221));
#4670 = CARTESIAN_POINT('',(-15.07029026827,-3.213386948308,
    45.419732906902));
#4671 = CARTESIAN_POINT('',(-10.87976527876,-2.333074782688,
    41.129927891414));
#4672 = CARTESIAN_POINT('',(-6.707589348248,-1.44102014022,
    36.861398517957));
#4673 = CARTESIAN_POINT('',(-2.553757137982,-0.537223959127,
    32.614139788716));
#4674 = CARTESIAN_POINT('',(1.58172849175,0.378314363631,28.388154271737
    ));
#4675 = CARTESIAN_POINT('',(5.698868763837,1.305594492734,
    24.183440888539));
#4676 = CARTESIAN_POINT('',(15.296124009874,3.504298204753,
    14.387987689968));
#4677 = CARTESIAN_POINT('',(20.821562651507,4.746712747258,
    8.744693416067));
#4678 = CARTESIAN_POINT('',(26.086160757033,6.156075785418,
    3.403853084808));
#4679 = CARTESIAN_POINT('',(32.546753193111,6.79995555793,
    -3.323784226985));
#4680 = CARTESIAN_POINT('',(35.701442284504,9.559741573958,
    -6.218113061002));
#4681 = CARTESIAN_POINT('',(44.743650987979,8.551287497705,
    -15.9392225755));
#4682 = CARTESIAN_POINT('',(46.758550735273,12.040583852889,
    -17.51192571973));
#4683 = CARTESIAN_POINT('',(55.06344327633,11.504038551936,
    -26.37809347655));
#4684 = CARTESIAN_POINT('',(59.21428964721,13.626248393827,
    -30.42749857873));
#4685 = CARTESIAN_POINT('',(65.519902383274,14.369319285677,
    -36.9754327986));
#4686 = CARTESIAN_POINT('',(71.058626637653,15.603232470709,
    -42.63413087232));
#4687 = CARTESIAN_POINT('',(76.844982766868,16.678649459425,
    -48.57996792785));
#4688 = CARTESIAN_POINT('',(82.6271737849,17.756733266162,
    -54.52097484052));
#4689 = CARTESIAN_POINT('',(88.445574024889,18.811645094071,
    -60.50396711697));
#4690 = CARTESIAN_POINT('',(88.445578616772,18.811645926607,
    -60.50397183875));
#4691 = CARTESIAN_POINT('',(88.445583473725,18.811646807203,
    -60.50397683309));
#4692 = CARTESIAN_POINT('',(88.445588595748,18.811647735857,
    -60.50398210001));
#4693 = CARTESIAN_POINT('',(88.44559398284,18.81164871257,
    -60.50398763949));
#4694 = CARTESIAN_POINT('',(88.445599635003,18.811649737342,
    -60.50399345155));
#4695 = CARTESIAN_POINT('',(88.445605552236,18.811650810173,
    -60.50399953617));
#4696 = CARTESIAN_POINT('',(88.445611734539,18.811651931063,
    -60.50400589336));
#4697 = CARTESIAN_POINT('',(88.445618181912,18.811653100011,
    -60.50401252311));
#4698 = CARTESIAN_POINT('',(88.445624894355,18.811654317018,
    -60.50401942544));
#4699 = CARTESIAN_POINT('',(88.445631871868,18.811655582085,
    -60.50402660033));
#4700 = CARTESIAN_POINT('',(88.445639114451,18.81165689521,
    -60.5040340478));
#4701 = CARTESIAN_POINT('',(88.445646622105,18.811658256393,
    -60.50404176783));
#4702 = CARTESIAN_POINT('',(88.445654394828,18.811659665636,
    -60.50404976043));
#4703 = CARTESIAN_POINT('',(-49.88217692496,-6.802317104824,
    80.491550355842));
#4704 = CARTESIAN_POINT('',(-49.88216906788,-6.80231619028,
    80.49154239184));
#4705 = CARTESIAN_POINT('',(-49.88216147768,-6.802315306799,
    80.491534698344));
#4706 = CARTESIAN_POINT('',(-49.88215415436,-6.802314454382,
    80.491527275353));
#4707 = CARTESIAN_POINT('',(-49.88214709791,-6.802313633028,
    80.491520122867));
#4708 = CARTESIAN_POINT('',(-49.88214030833,-6.802312842737,
    80.491513240888));
#4709 = CARTESIAN_POINT('',(-49.88213378563,-6.802312083511,
    80.491506629414));
#4710 = CARTESIAN_POINT('',(-49.8821275298,-6.802311355347,
    80.491500288445));
#4711 = CARTESIAN_POINT('',(-49.88212154084,-6.802310658247,
    80.491494217982));
#4712 = CARTESIAN_POINT('',(-49.88211581876,-6.80230999221,
    80.491488418025));
#4713 = CARTESIAN_POINT('',(-49.88211036355,-6.802309357237,
    80.491482888574));
#4714 = CARTESIAN_POINT('',(-49.88210517521,-6.802308753327,
    80.491477629628));
#4715 = CARTESIAN_POINT('',(-49.88210025375,-6.802308180481,
    80.491472641187));
#4716 = CARTESIAN_POINT('',(-49.88209559916,-6.802307638698,
    80.491467923253));
#4717 = CARTESIAN_POINT('',(-45.48375323979,-6.290351234837,
    76.033266748418));
#4718 = CARTESIAN_POINT('',(-41.10512236877,-5.76406593359,
    71.596205004564));
#4719 = CARTESIAN_POINT('',(-36.74619901777,-5.223451160688,
    67.180278621079));
#4720 = CARTESIAN_POINT('',(-32.40698205875,-4.668507075053,
    62.785486546495));
#4721 = CARTESIAN_POINT('',(-28.08747380498,-4.099233371944,
    58.411831006274));
#4722 = CARTESIAN_POINT('',(-23.78767046744,-3.515630527796,
    54.059308274615));
#4723 = CARTESIAN_POINT('',(-19.50757712375,-2.91769791502,
    49.727923389597));
#4724 = CARTESIAN_POINT('',(-15.24718812873,-2.305436243343,
    45.417670785474));
#4725 = CARTESIAN_POINT('',(-11.00650872968,-1.678844816241,
    41.12855551688));
#4726 = CARTESIAN_POINT('',(-6.785534838522,-1.037924229725,
    36.860573799865));
#4727 = CARTESIAN_POINT('',(-2.584269115145,-0.38267403936,
    32.613727970078));
#4728 = CARTESIAN_POINT('',(1.597289866792,0.286905467064,
    28.388016840578));
#4729 = CARTESIAN_POINT('',(5.759141497278,0.970814451041,
    24.183440905681));
#4730 = CARTESIAN_POINT('',(15.457899861785,2.605727333426,
    14.387987661933));
#4731 = CARTESIAN_POINT('',(21.043493880278,3.521330005948,
    8.744895547586));
#4732 = CARTESIAN_POINT('',(26.348888917794,4.640669546432,
    3.402303691426));
#4733 = CARTESIAN_POINT('',(32.939039366035,4.825843462687,
    -3.318128700904));
#4734 = CARTESIAN_POINT('',(35.977938329685,7.593188295882,
    -6.230008065961));
#4735 = CARTESIAN_POINT('',(45.341299861568,5.761916419431,
    -15.92458140858));
#4736 = CARTESIAN_POINT('',(47.15581968244,9.419526132617,
    -17.52337112666));
#4737 = CARTESIAN_POINT('',(55.727145381384,8.164157058273,
    -26.36852184983));
#4738 = CARTESIAN_POINT('',(59.836131174486,10.153423360268,
    -30.42802099213));
#4739 = CARTESIAN_POINT('',(66.259800030393,10.459649593184,
    -36.96990900168));
#4740 = CARTESIAN_POINT('',(71.859665585857,11.364874241351,
    -42.62830733231));
#4741 = CARTESIAN_POINT('',(77.725540890803,12.076680086959,
    -48.57198817634));
#4742 = CARTESIAN_POINT('',(83.586942106739,12.791738632019,
    -54.51087103921));
#4743 = CARTESIAN_POINT('',(89.48723947617,13.478518981245,
    -60.49146792341));
#4744 = CARTESIAN_POINT('',(89.487244130758,13.478519523027,
    -60.49147264135));
#4745 = CARTESIAN_POINT('',(89.48724905222,13.478520095874,
    -60.49147762979));
#4746 = CARTESIAN_POINT('',(89.487254240556,13.478520699783,
    -60.49148288873));
#4747 = CARTESIAN_POINT('',(89.487259695766,13.478521334757,
    -60.49148841818));
#4748 = CARTESIAN_POINT('',(89.487265417849,13.478522000793,
    -60.49149421814));
#4749 = CARTESIAN_POINT('',(89.487271406805,13.478522697893,
    -60.4915002886));
#4750 = CARTESIAN_POINT('',(89.487277662636,13.478523426057,
    -60.49150662957));
#4751 = CARTESIAN_POINT('',(89.48728418534,13.478524185284,
    -60.49151324105));
#4752 = CARTESIAN_POINT('',(89.487290974917,13.478524975574,
    -60.49152012303));
#4753 = CARTESIAN_POINT('',(89.487298031368,13.478525796928,
    -60.49152727551));
#4754 = CARTESIAN_POINT('',(89.487305354693,13.478526649345,
    -60.4915346985));
#4755 = CARTESIAN_POINT('',(89.487312944892,13.478527532826,
    -60.491542392));
#4756 = CARTESIAN_POINT('',(89.487320801964,13.47852844737,-60.491550356
    ));
#4757 = CARTESIAN_POINT('',(-50.32819911125,-3.85853018542,
    80.526055601905));
#4758 = CARTESIAN_POINT('',(-50.32819121126,-3.858529744757,
    80.526047667364));
#4759 = CARTESIAN_POINT('',(-50.32818357797,-3.85852931897,
    80.526040000684));
#4760 = CARTESIAN_POINT('',(-50.32817621137,-3.858528908059,
    80.526032601865));
#4761 = CARTESIAN_POINT('',(-50.32816911146,-3.858528512024,
    80.526025470908));
#4762 = CARTESIAN_POINT('',(-50.32816227825,-3.858528130866,
    80.526018607811));
#4763 = CARTESIAN_POINT('',(-50.32815571174,-3.858527764584,
    80.526012012576));
#4764 = CARTESIAN_POINT('',(-50.32814941192,-3.858527413178,
    80.526005685201));
#4765 = CARTESIAN_POINT('',(-50.32814337879,-3.858527076649,
    80.525999625688));
#4766 = CARTESIAN_POINT('',(-50.32813761236,-3.858526754996,
    80.525993834036));
#4767 = CARTESIAN_POINT('',(-50.32813211262,-3.858526448219,
    80.525988310245));
#4768 = CARTESIAN_POINT('',(-50.32812687958,-3.858526156319,
    80.525983054315));
#4769 = CARTESIAN_POINT('',(-50.32812191324,-3.858525879295,
    80.525978066247));
#4770 = CARTESIAN_POINT('',(-50.32811721358,-3.858525617147,
    80.525973346039));
#4771 = CARTESIAN_POINT('',(-45.88442213484,-3.610655137173,
    76.06284280458));
#4772 = CARTESIAN_POINT('',(-41.46178215293,-3.346417044717,
    71.621230990671));
#4773 = CARTESIAN_POINT('',(-37.06019269027,-3.065811114644,
    67.20113331211));
#4774 = CARTESIAN_POINT('',(-32.67965413585,-2.768837291498,
    62.802550156088));
#4775 = CARTESIAN_POINT('',(-28.32016569193,-2.455495681807,
    58.42548070994));
#4776 = CARTESIAN_POINT('',(-23.98172866535,-2.125786118735,
    54.069926322566));
#4777 = CARTESIAN_POINT('',(-19.66434130442,-1.779708822473,
    49.73588518611));
#4778 = CARTESIAN_POINT('',(-15.36800555729,-1.41726354342,
    45.423359278892));
#4779 = CARTESIAN_POINT('',(-11.09271961222,-1.038450527213,
    41.132346823103));
#4780 = CARTESIAN_POINT('',(-6.838484881755,-0.643269563098,
    36.862849133714));
#4781 = CARTESIAN_POINT('',(-2.605300445817,-0.231720808502,
    32.614865410243));
#4782 = CARTESIAN_POINT('',(1.606833201421,0.196195838477,
    28.388396053142));
#4783 = CARTESIAN_POINT('',(5.797916271832,0.640480320879,
    24.183440898338));
#4784 = CARTESIAN_POINT('',(15.561973796703,1.719089678978,
    14.387987674392));
#4785 = CARTESIAN_POINT('',(21.186954574852,2.312977164923,
    8.744337882899));
#4786 = CARTESIAN_POINT('',(26.512635329228,3.139584605595,
    3.406579925277));
#4787 = CARTESIAN_POINT('',(33.210652892747,2.899135386635,-3.333739099)
  );
#4788 = CARTESIAN_POINT('',(36.115330983302,5.608186436241,
    -6.197174602992));
#4789 = CARTESIAN_POINT('',(45.775608907697,3.064440243742,
    -15.96499435652));
#4790 = CARTESIAN_POINT('',(47.372442253759,6.790402400817,
    -17.49178118874));
#4791 = CARTESIAN_POINT('',(56.186691317034,4.904483175221,
    -26.39493949424));
#4792 = CARTESIAN_POINT('',(60.234403944438,6.724771498691,
    -30.42658324202));
#4793 = CARTESIAN_POINT('',(66.754590972374,6.622593598522,
    -36.98515538036));
#4794 = CARTESIAN_POINT('',(72.394816175801,7.204628145046,
    -42.64438513999));
#4795 = CARTESIAN_POINT('',(78.319185069801,7.565727222109,
    -48.59401672564));
#4796 = CARTESIAN_POINT('',(84.238774796028,7.930542485077,
    -54.53876380856));
#4797 = CARTESIAN_POINT('',(90.199912005972,8.263056279641,
    -60.52597334598));
#4798 = CARTESIAN_POINT('',(90.199916705624,8.263056541789,
    -60.52597806619));
#4799 = CARTESIAN_POINT('',(90.199921671972,8.263056818813,
    -60.52598305426));
#4800 = CARTESIAN_POINT('',(90.199926905014,8.263057110714,
    -60.52598831019));
#4801 = CARTESIAN_POINT('',(90.19993240475,8.263057417491,
    -60.52599383398));
#4802 = CARTESIAN_POINT('',(90.199938171182,8.263057739144,
    -60.52599962563));
#4803 = CARTESIAN_POINT('',(90.199944204308,8.263058075673,
    -60.52600568515));
#4804 = CARTESIAN_POINT('',(90.199950504128,8.263058427079,
    -60.52601201252));
#4805 = CARTESIAN_POINT('',(90.199957070644,8.263058793361,
    -60.52601860776));
#4806 = CARTESIAN_POINT('',(90.199963903854,8.263059174519,
    -60.52602547085));
#4807 = CARTESIAN_POINT('',(90.199971003758,8.263059570553,
    -60.52603260181));
#4808 = CARTESIAN_POINT('',(90.199978370358,8.263059981464,
    -60.52604000063));
#4809 = CARTESIAN_POINT('',(90.199986003652,8.263060407251,
    -60.52604766731));
#4810 = CARTESIAN_POINT('',(90.19999390364,8.263060847915,
    -60.52605560185));
#4811 = CARTESIAN_POINT('',(-50.60381283302,-1.014191240993,
    80.603812833013));
#4812 = CARTESIAN_POINT('',(-50.60380492693,-1.014191249759,
    80.60380492693));
#4813 = CARTESIAN_POINT('',(-50.60379728567,-1.014191258231,
    80.603797285666));
#4814 = CARTESIAN_POINT('',(-50.60378990922,-1.014191266409,
    80.603789909222));
#4815 = CARTESIAN_POINT('',(-50.6037827976,-1.014191274294,
    80.603782797597));
#4816 = CARTESIAN_POINT('',(-50.60377595079,-1.014191281885,
    80.603775950792));
#4817 = CARTESIAN_POINT('',(-50.60376936881,-1.014191289183,
    80.603769368807));
#4818 = CARTESIAN_POINT('',(-50.60376305164,-1.014191296187,
    80.603763051642));
#4819 = CARTESIAN_POINT('',(-50.6037569993,-1.014191302897,
    80.603756999296));
#4820 = CARTESIAN_POINT('',(-50.60375121177,-1.014191309314,
    80.60375121177));
#4821 = CARTESIAN_POINT('',(-50.60374568907,-1.014191315437,
    80.603745689063));
#4822 = CARTESIAN_POINT('',(-50.60374043118,-1.014191321266,
    80.603740431176));
#4823 = CARTESIAN_POINT('',(-50.60373543811,-1.014191326802,
    80.603735438109));
#4824 = CARTESIAN_POINT('',(-50.60373070986,-1.014191332045,
    80.603730709862));
#4825 = CARTESIAN_POINT('',(-46.12949196923,-1.01915200509,
    76.129491969568));
#4826 = CARTESIAN_POINT('',(-41.67762640865,-1.006227300757,
    71.677626407041));
#4827 = CARTESIAN_POINT('',(-37.24812958605,-0.97541721949,
    67.248129590777));
#4828 = CARTESIAN_POINT('',(-32.84100144421,-0.926721772782,
    62.841001434414));
#4829 = CARTESIAN_POINT('',(-28.45624209982,-0.860140938089,
    58.456242115009));
#4830 = CARTESIAN_POINT('',(-24.0938513631,-0.775674751474,
    54.093851345294));
#4831 = CARTESIAN_POINT('',(-19.75382948618,-0.67332316439,
    49.753829501729));
#4832 = CARTESIAN_POINT('',(-15.43617619149,-0.553086232786,
    45.436176181891));
#4833 = CARTESIAN_POINT('',(-11.14089173448,-0.414963901005,
    41.140891738017));
#4834 = CARTESIAN_POINT('',(-6.867975917823,-0.258956216893,
    36.867975917744));
#4835 = CARTESIAN_POINT('',(-2.61742886925,-8.506314507752E-02,
    32.617428868534));
#4836 = CARTESIAN_POINT('',(1.610749479791,0.106715292158,
    28.389250520555));
#4837 = CARTESIAN_POINT('',(5.81655909964,0.316379106645,24.183440900354
    ));
#4838 = CARTESIAN_POINT('',(15.612012328855,0.849181521396,
    14.387987670958));
#4839 = CARTESIAN_POINT('',(21.256918637254,1.128133692355,
    8.743081364156));
#4840 = CARTESIAN_POINT('',(26.583784167359,1.661381924608,
    3.416215827964));
#4841 = CARTESIAN_POINT('',(33.368915720665,1.028643462892,
    -3.368915709912));
#4842 = CARTESIAN_POINT('',(36.123186946921,3.618862593557,
    -6.123186965683));
#4843 = CARTESIAN_POINT('',(46.056061467263,0.469281245835,
    -16.05606144191));
#4844 = CARTESIAN_POINT('',(47.42059694116,4.170692265398,
    -17.42059696752));
#4845 = CARTESIAN_POINT('',(56.454468312024,1.739927492351,
    -26.45446829159));
#4846 = CARTESIAN_POINT('',(60.423345456342,3.358983319279,
    -30.42334546723));
#4847 = CARTESIAN_POINT('',(67.019511521737,2.8773361544,-37.0195115187)
  );
#4848 = CARTESIAN_POINT('',(72.680616817281,3.143336051223,
    -42.68061681677));
#4849 = CARTESIAN_POINT('',(78.643657456759,3.167917354007,
    -48.6436574576));
#4850 = CARTESIAN_POINT('',(84.601619720792,3.196559157766,
    -54.60161972048));
#4851 = CARTESIAN_POINT('',(90.603730709867,3.189904504926,
    -60.60373070986));
#4852 = CARTESIAN_POINT('',(90.603735438115,3.189904499684,
    -60.60373543811));
#4853 = CARTESIAN_POINT('',(90.603740431182,3.189904494148,
    -60.60374043118));
#4854 = CARTESIAN_POINT('',(90.603745689068,3.189904488318,
    -60.60374568906));
#4855 = CARTESIAN_POINT('',(90.603751211775,3.189904482195,
    -60.60375121177));
#4856 = CARTESIAN_POINT('',(90.603756999301,3.189904475779,
    -60.6037569993));
#4857 = CARTESIAN_POINT('',(90.603763051647,3.189904469068,
    -60.60376305164));
#4858 = CARTESIAN_POINT('',(90.603769368812,3.189904462064,
    -60.60376936881));
#4859 = CARTESIAN_POINT('',(90.603775950798,3.189904454767,
    -60.60377595079));
#4860 = CARTESIAN_POINT('',(90.603782797603,3.189904447175,
    -60.6037827976));
#4861 = CARTESIAN_POINT('',(90.603789909227,3.189904439291,
    -60.60378990922));
#4862 = CARTESIAN_POINT('',(90.603797285671,3.189904431112,
    -60.60379728567));
#4863 = CARTESIAN_POINT('',(90.603804926935,3.18990442264,
    -60.60380492693));
#4864 = CARTESIAN_POINT('',(90.603812833019,3.189904413875,
    -60.60381283301));
#4865 = CARTESIAN_POINT('',(-50.91886388325,6.345957810942,
    80.918863883255));
#4866 = CARTESIAN_POINT('',(-50.91885608616,6.34595668394,
    80.918856086171));
#4867 = CARTESIAN_POINT('',(-50.91884854206,6.345955593505,
    80.918848542068));
#4868 = CARTESIAN_POINT('',(-50.91884125094,6.345954539635,
    80.918841250947));
#4869 = CARTESIAN_POINT('',(-50.9188342128,6.345953522332,
    80.918834212807));
#4870 = CARTESIAN_POINT('',(-50.91882742764,6.345952541595,
    80.918827427649));
#4871 = CARTESIAN_POINT('',(-50.91882089547,6.345951597425,
    80.918820895472));
#4872 = CARTESIAN_POINT('',(-50.91881461627,6.345950689821,
    80.918814616276));
#4873 = CARTESIAN_POINT('',(-50.91880859006,6.345949818783,
    80.918808590062));
#4874 = CARTESIAN_POINT('',(-50.91880281682,6.345948984311,
    80.918802816828));
#4875 = CARTESIAN_POINT('',(-50.91879729657,6.345948186406,
    80.918797296577));
#4876 = CARTESIAN_POINT('',(-50.9187920293,6.345947425067,
    80.918792029306));
#4877 = CARTESIAN_POINT('',(-50.91878701501,6.345946700294,
    80.918787015017));
#4878 = CARTESIAN_POINT('',(-50.9187822537,6.345946012088,
    80.918782253709));
#4879 = CARTESIAN_POINT('',(-46.39953610997,5.692727547808,
    76.399536108423));
#4880 = CARTESIAN_POINT('',(-41.9061253036,5.060163307339,
    71.906125310724));
#4881 = CARTESIAN_POINT('',(-37.43854531167,4.448252632048,
    67.438545292085));
#4882 = CARTESIAN_POINT('',(-32.99679617246,3.856995540268,
    62.996796211405));
#4883 = CARTESIAN_POINT('',(-28.58087781022,3.286391994926,
    58.580877750805));
#4884 = CARTESIAN_POINT('',(-24.19079034318,2.736442057115,
    54.190790414332));
#4885 = CARTESIAN_POINT('',(-19.82653362249,2.207145642407,
    49.82653355545));
#4886 = CARTESIAN_POINT('',(-15.48810780157,1.698502850113,
    45.488107850869));
#4887 = CARTESIAN_POINT('',(-11.17551274924,1.210513580248,
    41.175512721623));
#4888 = CARTESIAN_POINT('',(-6.888748559856,0.743177918808,
    36.888748571122));
#4889 = CARTESIAN_POINT('',(-2.627815175525,0.296495803154,
    32.627815172611));
#4890 = CARTESIAN_POINT('',(1.607287373111,-0.129532728691,
    28.392712627059));
#4891 = CARTESIAN_POINT('',(5.816559100129,-0.534907695462,
    24.183440900142));
#4892 = CARTESIAN_POINT('',(15.612012328172,-1.435726068744,
    14.387987671066));
#4893 = CARTESIAN_POINT('',(21.262009785019,-1.982194841527,
    8.737990219575));
#4894 = CARTESIAN_POINT('',(26.54474189111,-2.235009015024,
    3.455258095172));
#4895 = CARTESIAN_POINT('',(33.511442242662,-3.834274797763,
    -3.511442213503));
#4896 = CARTESIAN_POINT('',(35.823408385698,-1.711751647733,
    -5.823408434452));
#4897 = CARTESIAN_POINT('',(46.425041635648,-6.217403159518,
    -16.42504156833));
#4898 = CARTESIAN_POINT('',(47.132176525423,-2.811704001625,
    -17.13217660415));
#4899 = CARTESIAN_POINT('',(56.695664030425,-6.48728463896,
    -26.69566395183));
#4900 = CARTESIAN_POINT('',(60.41022587702,-5.486235856441,
    -30.41022594325));
#4901 = CARTESIAN_POINT('',(67.158713794427,-6.911025388235,
    -37.15871374857));
#4902 = CARTESIAN_POINT('',(72.827417358397,-7.4724510137,
    -42.82741738329));
#4903 = CARTESIAN_POINT('',(78.844788210812,-8.312660777991,
    -48.84478820101));
#4904 = CARTESIAN_POINT('',(84.856294640354,-9.148181522321,
    -54.85629464265));
#4905 = CARTESIAN_POINT('',(90.918782253714,-10.02446237214,
    -60.91878225371));
#4906 = CARTESIAN_POINT('',(90.918787015022,-10.02446306035,
    -60.91878701502));
#4907 = CARTESIAN_POINT('',(90.918792029311,-10.02446378512,
    -60.9187920293));
#4908 = CARTESIAN_POINT('',(90.918797296582,-10.02446454646,
    -60.91879729658));
#4909 = CARTESIAN_POINT('',(90.918802816833,-10.02446534437,
    -60.91880281683));
#4910 = CARTESIAN_POINT('',(90.918808590067,-10.02446617884,
    -60.91880859006));
#4911 = CARTESIAN_POINT('',(90.918814616281,-10.02446704988,
    -60.91881461627));
#4912 = CARTESIAN_POINT('',(90.918820895477,-10.02446795748,
    -60.91882089547));
#4913 = CARTESIAN_POINT('',(90.918827427654,-10.02446890165,
    -60.91882742765));
#4914 = CARTESIAN_POINT('',(90.918834212812,-10.02446988239,
    -60.91883421281));
#4915 = CARTESIAN_POINT('',(90.918841250952,-10.02447089969,
    -60.91884125095));
#4916 = CARTESIAN_POINT('',(90.918848542073,-10.02447195356,
    -60.91884854207));
#4917 = CARTESIAN_POINT('',(90.918856086176,-10.024473044,
    -60.91885608617));
#4918 = CARTESIAN_POINT('',(90.91886388326,-10.024474171,-60.91886388325
    ));
#4919 = CARTESIAN_POINT('',(-51.11928032423,9.872973105534,
    81.119280324254));
#4920 = CARTESIAN_POINT('',(-51.11927263622,9.872971428255,
    81.11927263624));
#4921 = CARTESIAN_POINT('',(-51.1192651906,9.872969803859,81.11926519062
    ));
#4922 = CARTESIAN_POINT('',(-51.11925798737,9.872968232345,
    81.119257987394));
#4923 = CARTESIAN_POINT('',(-51.11925102654,9.872966713715,
    81.119251026563));
#4924 = CARTESIAN_POINT('',(-51.11924430811,9.872965247967,
    81.119244308126));
#4925 = CARTESIAN_POINT('',(-51.11923783206,9.872963835101,
    81.119237832084));
#4926 = CARTESIAN_POINT('',(-51.11923159842,9.872962475119,
    81.119231598435));
#4927 = CARTESIAN_POINT('',(-51.11922560716,9.872961168019,
    81.119225607181));
#4928 = CARTESIAN_POINT('',(-51.1192198583,9.872959913801,
    81.119219858321));
#4929 = CARTESIAN_POINT('',(-51.11921435184,9.872958712467,
    81.119214351856));
#4930 = CARTESIAN_POINT('',(-51.11920908776,9.872957564015,
    81.119209087785));
#4931 = CARTESIAN_POINT('',(-51.11920406609,9.872956468446,
    81.119204066108));
#4932 = CARTESIAN_POINT('',(-51.11919928681,9.872955425759,
    81.119199286825));
#4933 = CARTESIAN_POINT('',(-46.57132211493,8.880754123286,
    76.571322124068));
#4934 = CARTESIAN_POINT('',(-42.05148268686,7.910597649637,
    72.051482645293));
#4935 = CARTESIAN_POINT('',(-37.55967648003,6.962485043411,
    67.559676593156));
#4936 = CARTESIAN_POINT('',(-33.09590346231,6.036416226645,
    63.095903239288));
#4937 = CARTESIAN_POINT('',(-28.66016368155,5.132391357488,
    58.660164020375));
#4938 = CARTESIAN_POINT('',(-24.25245709744,4.250410169572,
    54.252456691161));
#4939 = CARTESIAN_POINT('',(-19.87278370232,3.390473034448,
    49.872784088867));
#4940 = CARTESIAN_POINT('',(-15.52114358164,2.552579508774,
    45.521143291492));
#4941 = CARTESIAN_POINT('',(-11.19753658315,1.736730040882,
    41.197536751949));
#4942 = CARTESIAN_POINT('',(-6.901962876174,0.942924243049,
    36.901962802788));
#4943 = CARTESIAN_POINT('',(-2.6344223268,0.171162395211,32.634422348187
    ));
#4944 = CARTESIAN_POINT('',(1.605084988959,-0.578555670951,
    28.394915008879));
#4945 = CARTESIAN_POINT('',(5.81655909888,-1.306229876489,
    24.183440899265));
#4946 = CARTESIAN_POINT('',(15.612012331836,-2.958450974812,
    14.387987674048));
#4947 = CARTESIAN_POINT('',(21.265248445869,-3.937457935454,
    8.734751517686));
#4948 = CARTESIAN_POINT('',(26.519905591758,-4.603043296934,
    3.48009451866));
#4949 = CARTESIAN_POINT('',(33.602108976752,-6.705715050784,
    -3.602109214195));
#4950 = CARTESIAN_POINT('',(35.632707367675,-4.836070088481,
    -5.632706968353));
#4951 = CARTESIAN_POINT('',(46.659764505206,-10.04076744057,
    -16.65976505344));
#4952 = CARTESIAN_POINT('',(46.94870102385,-6.801571109106,
    -16.94870039626));
#4953 = CARTESIAN_POINT('',(56.849097999476,-11.12032221112,
    -26.84909860239));
#4954 = CARTESIAN_POINT('',(60.401880302326,-10.44764254443,
    -30.40187981905));
#4955 = CARTESIAN_POINT('',(67.247265771681,-12.36409320747,
    -37.24726608874));
#4956 = CARTESIAN_POINT('',(72.920803240291,-13.35906396274,
    -42.92080307644));
#4957 = CARTESIAN_POINT('',(78.972735574392,-14.65158469161,
    -48.97273563637));
#4958 = CARTESIAN_POINT('',(85.018303670779,-15.93910084427,
    -55.01830365662));
#4959 = CARTESIAN_POINT('',(91.11919928677,-17.27012108707,
    -61.11919928678));
#4960 = CARTESIAN_POINT('',(91.119204066052,-17.27012212976,
    -61.11920406606));
#4961 = CARTESIAN_POINT('',(91.119209087729,-17.27012322533,
    -61.11920908774));
#4962 = CARTESIAN_POINT('',(91.1192143518,-17.27012437378,
    -61.11921435181));
#4963 = CARTESIAN_POINT('',(91.119219858266,-17.27012557511,
    -61.11921985828));
#4964 = CARTESIAN_POINT('',(91.119225607126,-17.27012682933,
    -61.11922560714));
#4965 = CARTESIAN_POINT('',(91.11923159838,-17.27012813643,
    -61.11923159839));
#4966 = CARTESIAN_POINT('',(91.119237832028,-17.27012949641,
    -61.11923783204));
#4967 = CARTESIAN_POINT('',(91.119244308071,-17.27013090928,
    -61.11924430808));
#4968 = CARTESIAN_POINT('',(91.119251026508,-17.27013237503,
    -61.11925102652));
#4969 = CARTESIAN_POINT('',(91.119257987339,-17.27013389366,
    -61.11925798735));
#4970 = CARTESIAN_POINT('',(91.119265190565,-17.27013546517,
    -61.11926519058));
#4971 = CARTESIAN_POINT('',(91.119272636184,-17.27013708957,
    -61.1192726362));
#4972 = CARTESIAN_POINT('',(91.119280324199,-17.27013876685,
    -61.11928032421));
#4973 = CARTESIAN_POINT('',(-51.32404706742,12.502542465838,
    81.324047067368));
#4974 = CARTESIAN_POINT('',(-51.32403949775,12.502540354514,
    81.324039497699));
#4975 = CARTESIAN_POINT('',(-51.32403215913,12.502538307633,
    81.324032159075));
#4976 = CARTESIAN_POINT('',(-51.32402505155,12.502536325195,
    81.324025051498));
#4977 = CARTESIAN_POINT('',(-51.32401817502,12.5025344072,
    81.324018174967));
#4978 = CARTESIAN_POINT('',(-51.32401152953,12.502532553648,
    81.324011529482));
#4979 = CARTESIAN_POINT('',(-51.32400511509,12.502530764539,
    81.324005115043));
#4980 = CARTESIAN_POINT('',(-51.3239989317,12.502529039874,
    81.323998931651));
#4981 = CARTESIAN_POINT('',(-51.32399297935,12.502527379651,
    81.323992979304));
#4982 = CARTESIAN_POINT('',(-51.32398725805,12.502525783872,
    81.323987258003));
#4983 = CARTESIAN_POINT('',(-51.3239817678,12.502524252536,
    81.323981767749));
#4984 = CARTESIAN_POINT('',(-51.32397650859,12.502522785643,
    81.32397650854));
#4985 = CARTESIAN_POINT('',(-51.32397148043,12.502521383193,
    81.323971480378));
#4986 = CARTESIAN_POINT('',(-51.32396668331,12.502520045187,
    81.323966683262));
#4987 = CARTESIAN_POINT('',(-46.74683700032,11.225871792995,
    76.746836973439));
#4988 = CARTESIAN_POINT('',(-42.19999528573,9.972376519707,
    72.199995407964));
#4989 = CARTESIAN_POINT('',(-37.68343697356,8.742032881787,
    67.683436641778));
#4990 = CARTESIAN_POINT('',(-33.19716204279,7.534841078251,
    63.197162695752));
#4991 = CARTESIAN_POINT('',(-28.74117059392,6.350800708014,
    58.741169602685));
#4992 = CARTESIAN_POINT('',(-24.31546234305,5.189912454916,
    54.315463532929));
#4993 = CARTESIAN_POINT('',(-19.92003786148,4.052175363125,
    49.92003672538));
#4994 = CARTESIAN_POINT('',(-15.55489627832,2.937590583177,
    45.554897137222));
#4995 = CARTESIAN_POINT('',(-11.22003862489,1.846156948961,
    41.220038119013));
#4996 = CARTESIAN_POINT('',(-6.915463943357,0.777875475403,
    36.915464167955));
#4997 = CARTESIAN_POINT('',(-2.641172930004,-0.267254568576,
    32.641172861934));
#4998 = CARTESIAN_POINT('',(1.602834802913,-1.289232741912,
    28.397165205242));
#4999 = CARTESIAN_POINT('',(5.816559102233,-2.288059247255,
    24.183440903096));
#5000 = CARTESIAN_POINT('',(15.612012319777,-4.572584533707,
    14.387987662534));
#5001 = CARTESIAN_POINT('',(21.268557504957,-5.915480421686,
    8.731442605597));
#5002 = CARTESIAN_POINT('',(26.494529887141,-6.929202946082,
    3.505469777004));
#5003 = CARTESIAN_POINT('',(33.694744398991,-9.452236078379,
    -3.694743675725));
#5004 = CARTESIAN_POINT('',(35.437865853278,-7.803314068831,
    -5.437867069816));
#5005 = CARTESIAN_POINT('',(46.899583795711,-13.58427273261,
    -16.89958212844));
#5006 = CARTESIAN_POINT('',(46.761241319096,-10.49696897468,
    -16.76124321952));
#5007 = CARTESIAN_POINT('',(57.005864015109,-15.34745629184,
    -27.00586220182));
#5008 = CARTESIAN_POINT('',(60.393352334121,-14.95565553189,
    -30.39335377475));
#5009 = CARTESIAN_POINT('',(67.337740739589,-17.28310898087,
    -37.33773980348));
#5010 = CARTESIAN_POINT('',(73.016215769149,-18.64277067343,
    -43.01621624839));
#5011 = CARTESIAN_POINT('',(79.103460402728,-20.31493684029,
    -49.1034602228));
#5012 = CARTESIAN_POINT('',(85.183829320705,-21.98184676148,
    -55.18382936157));
#5013 = CARTESIAN_POINT('',(91.32396668344,-23.69444748671,
    -61.32396668338));
#5014 = CARTESIAN_POINT('',(91.323971480556,-23.69444882472,
    -61.3239714805));
#5015 = CARTESIAN_POINT('',(91.323976508718,-23.69445022717,
    -61.32397650866));
#5016 = CARTESIAN_POINT('',(91.323981767927,-23.69445169406,
    -61.32398176787));
#5017 = CARTESIAN_POINT('',(91.323987258181,-23.6944532254,
    -61.32398725812));
#5018 = CARTESIAN_POINT('',(91.323992979482,-23.69445482118,
    -61.32399297942));
#5019 = CARTESIAN_POINT('',(91.323998931829,-23.6944564814,
    -61.32399893177));
#5020 = CARTESIAN_POINT('',(91.324005115221,-23.69445820607,
    -61.32400511516));
#5021 = CARTESIAN_POINT('',(91.32401152966,-23.69445999518,
    -61.3240115296));
#5022 = CARTESIAN_POINT('',(91.324018175145,-23.69446184873,
    -61.32401817509));
#5023 = CARTESIAN_POINT('',(91.324025051676,-23.69446376672,
    -61.32402505162));
#5024 = CARTESIAN_POINT('',(91.324032159253,-23.69446574916,
    -61.32403215919));
#5025 = CARTESIAN_POINT('',(91.324039497877,-23.69446779604,
    -61.32403949782));
#5026 = CARTESIAN_POINT('',(91.324047067546,-23.69446990737,
    -61.32404706749));
#5027 = CARTESIAN_POINT('',(-51.53475145784,14.36565794531,
    81.534751457955));
#5028 = CARTESIAN_POINT('',(-51.53474400615,14.365655493681,
    81.534744006265));
#5029 = CARTESIAN_POINT('',(-51.53473677412,14.365653114321,
    81.534736774235));
#5030 = CARTESIAN_POINT('',(-51.53472976175,14.365650807231,
    81.534729761867));
#5031 = CARTESIAN_POINT('',(-51.53472296905,14.365648572409,
    81.534722969159));
#5032 = CARTESIAN_POINT('',(-51.534716396,14.365646409856,
    81.534716396113));
#5033 = CARTESIAN_POINT('',(-51.53471004261,14.365644319573,
    81.534710042727));
#5034 = CARTESIAN_POINT('',(-51.53470390889,14.365642301559,
    81.534703909002));
#5035 = CARTESIAN_POINT('',(-51.53469799482,14.365640355814,
    81.534697994938));
#5036 = CARTESIAN_POINT('',(-51.53469230042,14.365638482338,
    81.534692300535));
#5037 = CARTESIAN_POINT('',(-51.53468682568,14.365636681131,
    81.534686825794));
#5038 = CARTESIAN_POINT('',(-51.5346815706,14.365634952193,
    81.534681570713));
#5039 = CARTESIAN_POINT('',(-51.53467653518,14.365633295524,
    81.534676535293));
#5040 = CARTESIAN_POINT('',(-51.53467171942,14.365631711125,
    81.534671719534));
#5041 = CARTESIAN_POINT('',(-46.9274412913,12.849838766481,
    76.927441346618));
#5042 = CARTESIAN_POINT('',(-42.35281430436,11.358068606178,
    72.352814052982));
#5043 = CARTESIAN_POINT('',(-37.81078613221,9.890319839689,
    67.810786814097));
#5044 = CARTESIAN_POINT('',(-33.3013569039,8.446592113687,
    63.301355562343));
#5045 = CARTESIAN_POINT('',(-28.82452622606,7.026886137882,
    58.824528263873));
#5046 = CARTESIAN_POINT('',(-24.38029500589,5.631200691485,
    54.380292554707));
#5047 = CARTESIAN_POINT('',(-19.96866161301,4.259537487751,
    49.968663962827));
#5048 = CARTESIAN_POINT('',(-15.58962836646,2.911894446077,
    45.589626577999));
#5049 = CARTESIAN_POINT('',(-11.24319263803,1.588273687775,
    41.243193702899));
#5050 = CARTESIAN_POINT('',(-6.929356802846,0.288673350923,
    36.929356321659));
#5051 = CARTESIAN_POINT('',(-2.648119159805,-0.98690521808,
    32.648119310534));
#5052 = CARTESIAN_POINT('',(1.600519346337,-2.238462836864,
    28.399480632932));
#5053 = CARTESIAN_POINT('',(5.816559095496,-3.465999131826,
    24.183440894186));
#5054 = CARTESIAN_POINT('',(15.612012346629,-6.284008568721,
    14.387987689329));
#5055 = CARTESIAN_POINT('',(21.271962268688,-7.933827048549,
    8.728037504631));
#5056 = CARTESIAN_POINT('',(26.468419111093,-9.242108804604,
    3.531581578301));
#5057 = CARTESIAN_POINT('',(33.79006438345,-12.11638916036,
    -3.79006586757));
#5058 = CARTESIAN_POINT('',(35.23737713776,-10.66202092352,
    -5.237374644688));
#5059 = CARTESIAN_POINT('',(47.146353604617,-16.9165901953,
    -17.14635701414));
#5060 = CARTESIAN_POINT('',(46.568349814208,-13.96981687603,
    -16.56834593919));
#5061 = CARTESIAN_POINT('',(57.167171980091,-19.25896695651,
    -27.16717566453));
#5062 = CARTESIAN_POINT('',(60.38458014215,-19.10893667881,
    -30.38457722583));
#5063 = CARTESIAN_POINT('',(67.430837172169,-21.7802908641,
    -37.43083906031));
#5064 = CARTESIAN_POINT('',(73.114396040653,-23.44750538093,
    -43.11439507724));
#5065 = CARTESIAN_POINT('',(79.237975452471,-25.43896090093,
    -49.23797581322));
#5066 = CARTESIAN_POINT('',(85.354154809911,-27.42496301368,
    -55.35415472809));
#5067 = CARTESIAN_POINT('',(91.534671719155,-29.45837204755,
    -61.53467171927));
#5068 = CARTESIAN_POINT('',(91.534676534914,-29.45837363195,
    -61.53467653503));
#5069 = CARTESIAN_POINT('',(91.534681570334,-29.45837528862,
    -61.53468157045));
#5070 = CARTESIAN_POINT('',(91.534686825415,-29.45837701755,
    -61.53468682554));
#5071 = CARTESIAN_POINT('',(91.534692300157,-29.45837881876,
    -61.53469230028));
#5072 = CARTESIAN_POINT('',(91.53469799456,-29.45838069224,
    -61.53469799468));
#5073 = CARTESIAN_POINT('',(91.534703908623,-29.45838263798,
    -61.53470390874));
#5074 = CARTESIAN_POINT('',(91.534710042348,-29.458384656,
    -61.53471004247));
#5075 = CARTESIAN_POINT('',(91.534716395734,-29.45838674628,
    -61.53471639585));
#5076 = CARTESIAN_POINT('',(91.534722968781,-29.45838890883,
    -61.5347229689));
#5077 = CARTESIAN_POINT('',(91.534729761488,-29.45839114365,
    -61.53472976161));
#5078 = CARTESIAN_POINT('',(91.534736773857,-29.45839345074,
    -61.53473677398));
#5079 = CARTESIAN_POINT('',(91.534744005886,-29.4583958301,
    -61.53474400601));
#5080 = CARTESIAN_POINT('',(91.534751457576,-29.45839828173,
    -61.5347514577));
#5081 = CARTESIAN_POINT('',(-51.7528605382,15.554018675864,
    81.752860538056));
#5082 = CARTESIAN_POINT('',(-51.7528531987,15.55401596009,
    81.752853198549));
#5083 = CARTESIAN_POINT('',(-51.75284606783,15.554013321517,
    81.752846067683));
#5084 = CARTESIAN_POINT('',(-51.75283914561,15.554010760145,
    81.752839145457));
#5085 = CARTESIAN_POINT('',(-51.75283243202,15.554008275975,
    81.752832431872));
#5086 = CARTESIAN_POINT('',(-51.75282592708,15.554005869006,
    81.752825926927));
#5087 = CARTESIAN_POINT('',(-51.75281963077,15.554003539239,
    81.752819630622));
#5088 = CARTESIAN_POINT('',(-51.75281354311,15.554001286673,
    81.752813542958));
#5089 = CARTESIAN_POINT('',(-51.75280766408,15.553999111308,
    81.752807663934));
#5090 = CARTESIAN_POINT('',(-51.7528019937,15.553997013145,
    81.752801993551));
#5091 = CARTESIAN_POINT('',(-51.75279653196,15.553994992183,
    81.752796531808));
#5092 = CARTESIAN_POINT('',(-51.75279127885,15.553993048423,
    81.752791278705));
#5093 = CARTESIAN_POINT('',(-51.75278623439,15.553991181864,
    81.752786234243));
#5094 = CARTESIAN_POINT('',(-51.75278139857,15.553989392506,
    81.752781398421));
#5095 = CARTESIAN_POINT('',(-47.11439241919,13.837686170486,
    77.114392332178));
#5096 = CARTESIAN_POINT('',(-42.51100370816,12.146068447008,
    72.511004103767));
#5097 = CARTESIAN_POINT('',(-37.9426106992,10.479134353686,
    67.94260962629));
#5098 = CARTESIAN_POINT('',(-33.409213146,8.836884343806,63.409215257971
    ));
#5099 = CARTESIAN_POINT('',(-28.91081177289,7.219317501186,
    58.910808559907));
#5100 = CARTESIAN_POINT('',(-24.44740495272,5.62643541166,
    54.447408829635));
#5101 = CARTESIAN_POINT('',(-20.01899555201,4.058235826625,
    50.018991816245));
#5102 = CARTESIAN_POINT('',(-15.62557955529,2.514721506881,
    45.625582421148));
#5103 = CARTESIAN_POINT('',(-11.26716146143,0.995889600688,
    41.267159734827));
#5104 = CARTESIAN_POINT('',(-6.943737237536,-0.498257359898,
    36.943738032153));
#5105 = CARTESIAN_POINT('',(-2.655309758455,-1.967721228428,
    32.655309501238));
#5106 = CARTESIAN_POINT('',(1.598122571743,-3.41250087047,
    28.401877468257));
#5107 = CARTESIAN_POINT('',(5.816559106147,-4.83259680996,
    24.183440908725));
#5108 = CARTESIAN_POINT('',(15.612012301333,-8.099929559001,
    14.38798764348));
#5109 = CARTESIAN_POINT('',(21.275487149711,-10.00814857063,
    8.724513201636));
#5110 = CARTESIAN_POINT('',(26.441389338748,-11.56541078255,
    3.558609592083));
#5111 = CARTESIAN_POINT('',(33.888737101221,-14.73186404954,
    -3.888734802156));
#5112 = CARTESIAN_POINT('',(35.029837907347,-13.45027770238,
    -5.029841761278));
#5113 = CARTESIAN_POINT('',(47.401802011514,-20.0902540887,
    -17.40179675453));
#5114 = CARTESIAN_POINT('',(46.368672315928,-17.27509893565,
    -16.36867827414));
#5115 = CARTESIAN_POINT('',(57.334155665659,-22.9230291172,
    -27.33415001469));
#5116 = CARTESIAN_POINT('',(60.375494053394,-22.98175518565,
    -30.37549851723));
#5117 = CARTESIAN_POINT('',(67.52720894735,-25.93968648431,
    -37.52720606127));
#5118 = CARTESIAN_POINT('',(73.216024642476,-27.86578052035,
    -43.21602611352));
#5119 = CARTESIAN_POINT('',(79.377218398208,-30.12505983635,
    -49.37721784766));
#5120 = CARTESIAN_POINT('',(85.530465747207,-32.37873492312,
    -55.53046587207));
#5121 = CARTESIAN_POINT('',(91.752781399025,-34.68112490596,
    -61.75278139881));
#5122 = CARTESIAN_POINT('',(91.752786234847,-34.68112669532,
    -61.75278623463));
#5123 = CARTESIAN_POINT('',(91.752791279309,-34.68112856188,
    -61.75279127909));
#5124 = CARTESIAN_POINT('',(91.752796532412,-34.68113050564,
    -61.75279653219));
#5125 = CARTESIAN_POINT('',(91.752801994155,-34.6811325266,
    -61.75280199394));
#5126 = CARTESIAN_POINT('',(91.752807664538,-34.68113462477,
    -61.75280766432));
#5127 = CARTESIAN_POINT('',(91.752813543562,-34.68113680013,
    -61.75281354334));
#5128 = CARTESIAN_POINT('',(91.752819631226,-34.6811390527,
    -61.75281963101));
#5129 = CARTESIAN_POINT('',(91.752825927531,-34.68114138247,
    -61.75282592731));
#5130 = CARTESIAN_POINT('',(91.752832432476,-34.68114378943,
    -61.75283243226));
#5131 = CARTESIAN_POINT('',(91.752839146061,-34.6811462736,
    -61.75283914584));
#5132 = CARTESIAN_POINT('',(91.752846068287,-34.68114883498,
    -61.75284606807));
#5133 = CARTESIAN_POINT('',(91.752853199153,-34.68115147355,
    -61.75285319893));
#5134 = CARTESIAN_POINT('',(91.75286053866,-34.68115418932,
    -61.75286053844));
#5135 = CARTESIAN_POINT('',(-51.97980948701,16.132007464212,
    81.979809487176));
#5136 = CARTESIAN_POINT('',(-51.97980225096,16.13200454691,
    81.97980225112));
#5137 = CARTESIAN_POINT('',(-51.97979521309,16.132001709512,
    81.979795213258));
#5138 = CARTESIAN_POINT('',(-51.97978837343,16.131998952019,
    81.979788373592));
#5139 = CARTESIAN_POINT('',(-51.97978173195,16.131996274431,
    81.97978173212));
#5140 = CARTESIAN_POINT('',(-51.97977528868,16.131993676747,
    81.979775288842));
#5141 = CARTESIAN_POINT('',(-51.97976904359,16.131991158967,
    81.97976904376));
#5142 = CARTESIAN_POINT('',(-51.97976299671,16.131988721093,
    81.979762996872));
#5143 = CARTESIAN_POINT('',(-51.97975714801,16.131986363122,
    81.979757148179));
#5144 = CARTESIAN_POINT('',(-51.97975149752,16.131984085057,
    81.979751497681));
#5145 = CARTESIAN_POINT('',(-51.97974604521,16.131981886896,
    81.979746045378));
#5146 = CARTESIAN_POINT('',(-51.9797407911,16.131979768639,
    81.979740791269));
#5147 = CARTESIAN_POINT('',(-51.97973573519,16.131977730287,
    81.979735735355));
#5148 = CARTESIAN_POINT('',(-51.97973087747,16.13197577184,
    81.979730877636));
#5149 = CARTESIAN_POINT('',(-47.30892051462,14.248882999375,
    77.308920623096));
#5150 = CARTESIAN_POINT('',(-42.67560442348,12.390953962743,
    72.675603930111));
#5151 = CARTESIAN_POINT('',(-38.07977786263,10.558186927472,
    68.079779200812));
#5152 = CARTESIAN_POINT('',(-33.52144116457,8.750581489529,
    63.521438528281));
#5153 = CARTESIAN_POINT('',(-29.00059335346,6.968138484032,
    59.000597372191));
#5154 = CARTESIAN_POINT('',(-24.51723661155,5.210856457421,
    54.517231744141));
#5155 = CARTESIAN_POINT('',(-20.07136711505,3.47873751903,
    50.071371832843));
#5156 = CARTESIAN_POINT('',(-15.66299019204,1.771779031132,
    45.662986541807));
#5157 = CARTESIAN_POINT('',(-11.29209990025,8.998379294489E-02,
    41.29210212638));
#5158 = CARTESIAN_POINT('',(-6.958701548907,-1.566650730131,
    36.958700505855));
#5159 = CARTESIAN_POINT('',(-2.662791358807,-3.198122633955,
    32.662791706967));
#5160 = CARTESIAN_POINT('',(1.595628568732,-4.804433097624,
    28.404371371307));
#5161 = CARTESIAN_POINT('',(5.816559092836,-6.385581559767,
    24.18344089061));
#5162 = CARTESIAN_POINT('',(15.61201236141,-10.0288969299,
    14.387987705055));
#5163 = CARTESIAN_POINT('',(21.279154202968,-12.1532270863,8.7208453693)
  );
#5164 = CARTESIAN_POINT('',(26.413266144309,-13.91980317181,
    3.58673515747));
#5165 = CARTESIAN_POINT('',(33.991404566497,-17.32673670548,
    -3.991407360489));
#5166 = CARTESIAN_POINT('',(34.8138944488,-16.19948302243,
    -4.813889778612));
#5167 = CARTESIAN_POINT('',(47.667593981408,-23.1472126367,
    -17.66760033171));
#5168 = CARTESIAN_POINT('',(46.160912711262,-20.45668977756,
    -16.16090553487));
#5169 = CARTESIAN_POINT('',(57.507896962808,-26.39315858976,
    -27.50790375446));
#5170 = CARTESIAN_POINT('',(60.366047799612,-26.63217760866,
    -30.36604244077));
#5171 = CARTESIAN_POINT('',(67.627481235069,-29.82654891364,
    -37.62748469943));
#5172 = CARTESIAN_POINT('',(73.321774952944,-31.96910135015,
    -43.32177318649));
#5173 = CARTESIAN_POINT('',(79.522103682295,-34.45129044417,
    -49.52210434391));
#5174 = CARTESIAN_POINT('',(85.713922658107,-36.92776737723,
    -55.71392250784));
#5175 = CARTESIAN_POINT('',(91.979730876883,-39.45390253202,
    -61.97973087716));
#5176 = CARTESIAN_POINT('',(91.979735734602,-39.45390449047,
    -61.97973573488));
#5177 = CARTESIAN_POINT('',(91.979740790516,-39.45390652882,
    -61.9797407908));
#5178 = CARTESIAN_POINT('',(91.979746044624,-39.45390864708,
    -61.97974604491));
#5179 = CARTESIAN_POINT('',(91.979751496928,-39.45391084524,
    -61.97975149721));
#5180 = CARTESIAN_POINT('',(91.979757147426,-39.45391312331,
    -61.97975714771));
#5181 = CARTESIAN_POINT('',(91.979762996119,-39.45391548128,
    -61.9797629964));
#5182 = CARTESIAN_POINT('',(91.979769043007,-39.45391791915,
    -61.97976904329));
#5183 = CARTESIAN_POINT('',(91.979775288089,-39.45392043693,
    -61.97977528837));
#5184 = CARTESIAN_POINT('',(91.979781731366,-39.45392303462,
    -61.97978173165));
#5185 = CARTESIAN_POINT('',(91.979788372838,-39.4539257122,
    -61.97978837312));
#5186 = CARTESIAN_POINT('',(91.979795212505,-39.4539284697,
    -61.97979521279));
#5187 = CARTESIAN_POINT('',(91.979802250366,-39.45393130709,
    -61.97980225065));
#5188 = CARTESIAN_POINT('',(91.979809486422,-39.4539342244,
    -61.97980948671));
#5189 = CARTESIAN_POINT('',(-52.2170695817,16.144316682351,
    82.217069581581));
#5190 = CARTESIAN_POINT('',(-52.21706243891,16.144313615777,
    82.217062438792));
#5191 = CARTESIAN_POINT('',(-52.21705548454,16.144310630096,
    82.217055484422));
#5192 = CARTESIAN_POINT('',(-52.21704871859,16.144307725308,
    82.217048718471));
#5193 = CARTESIAN_POINT('',(-52.21704214106,16.144304901413,
    82.21704214094));
#5194 = CARTESIAN_POINT('',(-52.21703575195,16.144302158411,
    82.217035751828));
#5195 = CARTESIAN_POINT('',(-52.21702955126,16.144299496302,
    82.217029551136));
#5196 = CARTESIAN_POINT('',(-52.21702353899,16.144296915087,
    82.217023538863));
#5197 = CARTESIAN_POINT('',(-52.21701771513,16.144294414764,
    82.217017715009));
#5198 = CARTESIAN_POINT('',(-52.2170120797,16.144291995334,
    82.217012079575));
#5199 = CARTESIAN_POINT('',(-52.21700663268,16.144289656798,
    82.21700663256));
#5200 = CARTESIAN_POINT('',(-52.21700137409,16.144287399154,
    82.217001373965));
#5201 = CARTESIAN_POINT('',(-52.21699630391,16.144285222404,
    82.216996303789));
#5202 = CARTESIAN_POINT('',(-52.21699142216,16.144283126546,
    82.216991422033));
#5203 = CARTESIAN_POINT('',(-47.51228666866,14.124438321344,
    77.51228656001));
#5204 = CARTESIAN_POINT('',(-42.84768345423,12.130067250937,
    72.847683948574));
#5205 = CARTESIAN_POINT('',(-38.22317717336,10.161167820782,
    68.223175832533));
#5206 = CARTESIAN_POINT('',(-33.63876746904,8.217740230855,
    63.638770112663));
#5207 = CARTESIAN_POINT('',(-29.09445538686,6.299784038625,
    59.09445134883));
#5208 = CARTESIAN_POINT('',(-24.59023859654,4.407300025729,
    54.590243506112));
#5209 = CARTESIAN_POINT('',(-20.12612116614,2.540286980609,
    50.126116379157));
#5210 = CARTESIAN_POINT('',(-15.70209744651,0.698746495727,
    45.702101181772));
#5211 = CARTESIAN_POINT('',(-11.31817372153,-1.117323238563,
    41.318171416823));
#5212 = CARTESIAN_POINT('',(-6.974344384248,-2.907920504354,
    36.974345482146));
#5213 = CARTESIAN_POINT('',(-2.670613428233,-4.673046668771,
    32.670613051621));
#5214 = CARTESIAN_POINT('',(1.593021375951,-6.412700862475,
    28.406978694534));
#5215 = CARTESIAN_POINT('',(5.816559105643,-8.126883525074,
    24.183440908661));
#5216 = CARTESIAN_POINT('',(15.612012298343,-12.0809705651,
    14.387987638206));
#5217 = CARTESIAN_POINT('',(21.282988675545,-14.38380361797,
    8.717011737625));
#5218 = CARTESIAN_POINT('',(26.383862778565,-16.3244778365,
    3.616135964286));
#5219 = CARTESIAN_POINT('',(34.09874168595,-19.92570645738,
    -4.098738994575));
#5220 = CARTESIAN_POINT('',(34.588131613443,-18.93691992676,
    -4.588136096175));
#5221 = CARTESIAN_POINT('',(47.945472821013,-26.12254201349,
    -17.9454667481));
#5222 = CARTESIAN_POINT('',(45.943701621212,-23.55123710675,
    -15.94370846249));
#5223 = CARTESIAN_POINT('',(57.689543498318,-29.71314838597,
    -27.68953703666));
#5224 = CARTESIAN_POINT('',(60.356163091701,-30.10745502248,
    -30.35616818746));
#5225 = CARTESIAN_POINT('',(67.732315374937,-33.49350617376,
    -37.73231207784));
#5226 = CARTESIAN_POINT('',(73.432326641624,-35.81478474284,
    -43.43232832532));
#5227 = CARTESIAN_POINT('',(79.673572806938,-38.47988359665,
    -49.67357217506));
#5228 = CARTESIAN_POINT('',(85.905714344323,-41.13919917262,
    -55.90571448818));
#5229 = CARTESIAN_POINT('',(92.21699142278,-43.84878475163,
    -62.21699142248));
#5230 = CARTESIAN_POINT('',(92.216996304536,-43.84878684749,
    -62.21699630423));
#5231 = CARTESIAN_POINT('',(92.217001374712,-43.84878902424,
    -62.21700137441));
#5232 = CARTESIAN_POINT('',(92.217006633308,-43.84879128188,
    -62.217006633));
#5233 = CARTESIAN_POINT('',(92.217012080322,-43.84879362042,
    -62.21701208002));
#5234 = CARTESIAN_POINT('',(92.217017715756,-43.84879603985,
    -62.21701771545));
#5235 = CARTESIAN_POINT('',(92.21702353961,-43.84879854017,
    -62.2170235393));
#5236 = CARTESIAN_POINT('',(92.217029551883,-43.84880112139,
    -62.21702955158));
#5237 = CARTESIAN_POINT('',(92.217035752575,-43.8488037835,
    -62.21703575227));
#5238 = CARTESIAN_POINT('',(92.217042141687,-43.8488065265,
    -62.21704214138));
#5239 = CARTESIAN_POINT('',(92.217048719218,-43.8488093504,
    -62.21704871891));
#5240 = CARTESIAN_POINT('',(92.217055485169,-43.84881225518,
    -62.21705548486));
#5241 = CARTESIAN_POINT('',(92.217062439539,-43.84881524086,
    -62.21706243923));
#5242 = CARTESIAN_POINT('',(92.217069582329,-43.84881830744,
    -62.21706958202));
#5243 = CARTESIAN_POINT('',(-52.46620345794,15.620274706786,
    82.466203458012));
#5244 = CARTESIAN_POINT('',(-52.46619639767,15.620271535346,
    82.466196397743));
#5245 = CARTESIAN_POINT('',(-52.46618951674,15.620268444465,
    82.466189516814));
#5246 = CARTESIAN_POINT('',(-52.46618281515,15.620265434143,
    82.466182815226));
#5247 = CARTESIAN_POINT('',(-52.4661762929,15.620262504379,
    82.466176292978));
#5248 = CARTESIAN_POINT('',(-52.46616994999,15.620259655175,
    82.466169950071));
#5249 = CARTESIAN_POINT('',(-52.46616378643,15.62025688653,
    82.466163786504));
#5250 = CARTESIAN_POINT('',(-52.4661578022,15.620254198444,
    82.466157802278));
#5251 = CARTESIAN_POINT('',(-52.46615199732,15.620251590916,
    82.466151997393));
#5252 = CARTESIAN_POINT('',(-52.46614637177,15.620249063948,
    82.466146371849));
#5253 = CARTESIAN_POINT('',(-52.46614092557,15.620246617539,
    82.466140925645));
#5254 = CARTESIAN_POINT('',(-52.4661356587,15.620244251688,
    82.466135658781));
#5255 = CARTESIAN_POINT('',(-52.46613057118,15.620241966397,
    82.466130571258));
#5256 = CARTESIAN_POINT('',(-52.466125663,15.620239761664,
    82.466125663076));
#5257 = CARTESIAN_POINT('',(-47.72583027115,13.490921254692,
    77.725830358453));
#5258 = CARTESIAN_POINT('',(-43.02837421816,11.38722948965,
    73.028373821025));
#5259 = CARTESIAN_POINT('',(-38.37375269115,9.3091623322,68.373753768005
    ));
#5260 = CARTESIAN_POINT('',(-33.76196601868,7.256719842141,
    63.761963894753));
#5261 = CARTESIAN_POINT('',(-29.1930132617,5.229901936702,
    59.193016511086));
#5262 = CARTESIAN_POINT('',(-24.66689647973,3.228708734161,
    54.666892515516));
#5263 = CARTESIAN_POINT('',(-20.18361211597,1.253140192249,
    50.18361600267));
#5264 = CARTESIAN_POINT('',(-15.74316507454,-0.696803783027,
    45.74316201761));
#5265 = CARTESIAN_POINT('',(-11.34554992295,-2.621122879317,
    41.345551829582));
#5266 = CARTESIAN_POINT('',(-6.990771501951,-4.519817532719,
    36.990770580012));
#5267 = CARTESIAN_POINT('',(-2.678826357233,-6.392887279589,
    32.678826681242));
#5268 = CARTESIAN_POINT('',(1.59028356973,-8.24033245479,28.409716365246
    ));
#5269 = CARTESIAN_POINT('',(5.816559096816,-10.06215285672,
    24.183440893816));
#5270 = CARTESIAN_POINT('',(15.612012349998,-14.26791345575,
    14.387987697579));
#5271 = CARTESIAN_POINT('',(21.287014275745,-16.71516027269,
    8.712985410211));
#5272 = CARTESIAN_POINT('',(26.352990223386,-18.79807285977,
    3.647010731502));
#5273 = CARTESIAN_POINT('',(34.211445681159,-22.55151377245,
    -4.211447718504));
#5274 = CARTESIAN_POINT('',(34.351078245595,-21.68737033326,
    -4.351074867472));
#5275 = CARTESIAN_POINT('',(48.237247900384,-29.04673314404,
    -18.23725245622));
#5276 = CARTESIAN_POINT('',(45.715631457649,-26.59056722527,
    -15.71562634386));
#5277 = CARTESIAN_POINT('',(57.880269937269,-32.92006919088,
    -27.88027475791));
#5278 = CARTESIAN_POINT('',(60.345792187383,-33.44732813998,
    -30.34578838549));
#5279 = CARTESIAN_POINT('',(67.842390290076,-36.98429731051,
    -37.84239275478));
#5280 = CARTESIAN_POINT('',(73.548413845345,-39.45010142803,
    -43.54841258308));
#5281 = CARTESIAN_POINT('',(79.83262106496,-42.26178928756,
    -49.83262154031));
#5282 = CARTESIAN_POINT('',(86.107104499516,-45.0676599462,
    -56.10710439085));
#5283 = CARTESIAN_POINT('',(92.466125662487,-47.92410250039,
    -62.46612566273));
#5284 = CARTESIAN_POINT('',(92.466130570669,-47.92410470512,
    -62.46613057091));
#5285 = CARTESIAN_POINT('',(92.466135658192,-47.92410699041,
    -62.46613565844));
#5286 = CARTESIAN_POINT('',(92.466140925055,-47.92410935626,
    -62.4661409253));
#5287 = CARTESIAN_POINT('',(92.466146371259,-47.92411180267,
    -62.4661463715));
#5288 = CARTESIAN_POINT('',(92.466151996804,-47.92411432964,
    -62.46615199705));
#5289 = CARTESIAN_POINT('',(92.466157801689,-47.92411693717,
    -62.46615780193));
#5290 = CARTESIAN_POINT('',(92.466163785915,-47.92411962525,
    -62.46616378616));
#5291 = CARTESIAN_POINT('',(92.466169949481,-47.9241223939,
    -62.46616994973));
#5292 = CARTESIAN_POINT('',(92.466176292388,-47.9241252431,
    -62.46617629263));
#5293 = CARTESIAN_POINT('',(92.466182814636,-47.92412817287,
    -62.46618281488));
#5294 = CARTESIAN_POINT('',(92.466189516224,-47.92413118319,
    -62.46618951647));
#5295 = CARTESIAN_POINT('',(92.466196397153,-47.92413427407,
    -62.4661963974));
#5296 = CARTESIAN_POINT('',(92.466203457423,-47.92413744551,
    -62.46620345767));
#5297 = CARTESIAN_POINT('',(-52.72891837521,14.576357006927,
    82.72891837519));
#5298 = CARTESIAN_POINT('',(-52.72891138667,14.576353769178,
    82.728911386652));
#5299 = CARTESIAN_POINT('',(-52.72890456908,14.576350610626,
    82.728904569057));
#5300 = CARTESIAN_POINT('',(-52.72889792243,14.576347531271,
    82.728897922405));
#5301 = CARTESIAN_POINT('',(-52.72889144672,14.576344531112,
    82.728891446696));
#5302 = CARTESIAN_POINT('',(-52.72888514195,14.57634161015,
    82.728885141929));
#5303 = CARTESIAN_POINT('',(-52.72887900813,14.576338768385,
    82.728879008106));
#5304 = CARTESIAN_POINT('',(-52.72887304525,14.576336005817,
    82.728873045225));
#5305 = CARTESIAN_POINT('',(-52.72886725331,14.576333322445,
    82.728867253286));
#5306 = CARTESIAN_POINT('',(-52.72886163231,14.576330718271,
    82.728861632291));
#5307 = CARTESIAN_POINT('',(-52.72885618226,14.576328193293,
    82.728856182238));
#5308 = CARTESIAN_POINT('',(-52.72885090315,14.576325747512,
    82.728850903128));
#5309 = CARTESIAN_POINT('',(-52.72884579498,14.576323380927,
    82.728845794961));
#5310 = CARTESIAN_POINT('',(-52.72884085776,14.57632109354,
    82.728840857736));
#5311 = CARTESIAN_POINT('',(-47.95101469401,12.362781863057,
    77.951014638401));
#5312 = CARTESIAN_POINT('',(-43.218914862,10.174873192443,
    73.218915114945));
#5313 = CARTESIAN_POINT('',(-38.53253666354,8.012592955106,
    68.532535978064));
#5314 = CARTESIAN_POINT('',(-33.89187984774,5.875940903422,
    63.891881199844));
#5315 = CARTESIAN_POINT('',(-29.29694510453,3.764917521462,
    59.296943033237));
#5316 = CARTESIAN_POINT('',(-24.74773095815,1.679522003759,
    54.747733493471));
#5317 = CARTESIAN_POINT('',(-20.24423991665,-0.380244610333,
    50.244237416811));
#5318 = CARTESIAN_POINT('',(-15.78646855582,-2.414383445318,
    45.786470538328));
#5319 = CARTESIAN_POINT('',(-11.37442064927,-4.422893540179,
    41.374419398716));
#5320 = CARTESIAN_POINT('',(-7.008092838221,-6.40577557881,
    37.008093452474));
#5321 = CARTESIAN_POINT('',(-2.687487526927,-8.363029195615,
    32.687487305501));
#5322 = CARTESIAN_POINT('',(1.587396648319,-10.29465455413,
    28.412603399321));
#5323 = CARTESIAN_POINT('',(5.81655910027,-12.20065161658,
    24.183440903905));
#5324 = CARTESIAN_POINT('',(15.612012318176,-16.60350201782,
    14.387987654679));
#5325 = CARTESIAN_POINT('',(21.291259893897,-19.16367102823,
    8.708740288924));
#5326 = CARTESIAN_POINT('',(26.320433018487,-21.35945387897,
    3.679566426076));
#5327 = CARTESIAN_POINT('',(34.330296997791,-25.22600366376,
    -4.330295818279));
#5328 = CARTESIAN_POINT('',(34.101096842321,-24.47430965451,
    -4.101098785882));
#5329 = CARTESIAN_POINT('',(48.544935722872,-31.94729673972,
    -18.54493311789));
#5330 = CARTESIAN_POINT('',(45.475120586961,-29.60335216274,
    -15.47512349702));
#5331 = CARTESIAN_POINT('',(58.081400890122,-36.04633231903,
    -28.08139815309));
#5332 = CARTESIAN_POINT('',(60.334849892349,-36.68623796987,
    -30.33485205249));
#5333 = CARTESIAN_POINT('',(67.958469732861,-40.33628646214,
    -37.95846832758));
#5334 = CARTESIAN_POINT('',(73.670827116001,-42.91501469708,
    -43.67082783921));
#5335 = CARTESIAN_POINT('',(80.00034028739,-45.83967728381,
    -50.00034001346));
#5336 = CARTESIAN_POINT('',(86.319472762024,-48.7585211912,
    -56.31947282505));
#5337 = CARTESIAN_POINT('',(92.728840858103,-51.72794436508,
    -62.72884085794));
#5338 = CARTESIAN_POINT('',(92.728845795327,-51.72794665246,
    -62.72884579516));
#5339 = CARTESIAN_POINT('',(92.728850903494,-51.72794901905,
    -62.72885090333));
#5340 = CARTESIAN_POINT('',(92.728856182604,-51.72795146483,
    -62.72885618244));
#5341 = CARTESIAN_POINT('',(92.728861632657,-51.72795398981,
    -62.72886163249));
#5342 = CARTESIAN_POINT('',(92.728867253653,-51.72795659398,
    -62.72886725349));
#5343 = CARTESIAN_POINT('',(92.728873045591,-51.72795927735,
    -62.72887304543));
#5344 = CARTESIAN_POINT('',(92.728879008472,-51.72796203992,
    -62.72887900831));
#5345 = CARTESIAN_POINT('',(92.728885142296,-51.72796488169,
    -62.72888514213));
#5346 = CARTESIAN_POINT('',(92.728891447062,-51.72796780265,
    -62.7288914469));
#5347 = CARTESIAN_POINT('',(92.728897922772,-51.72797080281,
    -62.72889792261));
#5348 = CARTESIAN_POINT('',(92.728904569424,-51.72797388216,
    -62.72890456926));
#5349 = CARTESIAN_POINT('',(92.728911387018,-51.72797704072,
    -62.72891138685));
#5350 = CARTESIAN_POINT('',(92.728918375556,-51.72798027846,
    -62.72891837539));
#5351 = CARTESIAN_POINT('',(-53.00712656783,13.017843062888,
    83.007126567839));
#5352 = CARTESIAN_POINT('',(-53.00711964051,13.017839793129,
    83.007119640522));
#5353 = CARTESIAN_POINT('',(-53.00711287638,13.017836600395,
    83.00711287639));
#5354 = CARTESIAN_POINT('',(-53.00710627543,13.017833484685,
    83.00710627544));
#5355 = CARTESIAN_POINT('',(-53.00709983767,13.017830446,83.007099837675
    ));
#5356 = CARTESIAN_POINT('',(-53.00709356308,13.017827484338,
    83.007093563093));
#5357 = CARTESIAN_POINT('',(-53.00708745169,13.017824599701,
    83.007087451695));
#5358 = CARTESIAN_POINT('',(-53.00708150347,13.017821792088,
    83.00708150348));
#5359 = CARTESIAN_POINT('',(-53.00707571844,13.017819061498,
    83.007075718449));
#5360 = CARTESIAN_POINT('',(-53.00707009659,13.017816407934,
    83.007070096601));
#5361 = CARTESIAN_POINT('',(-53.00706463793,13.017813831393,
    83.007064637937));
#5362 = CARTESIAN_POINT('',(-53.00705934245,13.017811331877,
    83.007059342456));
#5363 = CARTESIAN_POINT('',(-53.00705421015,13.017808909384,
    83.007054210159));
#5364 = CARTESIAN_POINT('',(-53.00704924104,13.017806563916,
    83.007049241046));
#5365 = CARTESIAN_POINT('',(-48.18947898641,10.74386821881,
    78.189479013777));
#5366 = CARTESIAN_POINT('',(-43.42069235728,8.495418957878,
    73.420692232836));
#5367 = CARTESIAN_POINT('',(-38.70068450236,6.272456405214,
    68.700684839487));
#5368 = CARTESIAN_POINT('',(-34.0294555771,4.074980864223,64.0294549119)
  );
#5369 = CARTESIAN_POINT('',(-29.40700517542,1.90299171502,
    59.407006196318));
#5370 = CARTESIAN_POINT('',(-24.83333413604,-0.243510000612,
    54.833332881141));
#5371 = CARTESIAN_POINT('',(-20.30844106598,-2.364525700191,
    50.30844231229));
#5372 = CARTESIAN_POINT('',(-15.83232784023,-4.460053766517,
    45.832326841297));
#5373 = CARTESIAN_POINT('',(-11.40499240793,-6.530095726205,
    41.40499304735));
#5374 = CARTESIAN_POINT('',(-7.02643659092,-8.574650365777,
    37.026436270392));
#5375 = CARTESIAN_POINT('',(-2.696659080591,-10.59371847616,
    32.696659199976));
#5376 = CARTESIAN_POINT('',(1.584339372924,-12.58729962821,
    28.415660599189));
#5377 = CARTESIAN_POINT('',(5.816559100703,-14.55539399903,
    24.183440898593));
#5378 = CARTESIAN_POINT('',(15.612012331747,-19.10397533783,
    14.387987679154));
#5379 = CARTESIAN_POINT('',(21.295755566606,-21.74742836143,
    8.704244356903));
#5380 = CARTESIAN_POINT('',(26.285956767192,-24.02850729615,
    3.714043465055));
#5381 = CARTESIAN_POINT('',(34.456155412305,-27.9711272612,
    -4.456155901538));
#5382 = CARTESIAN_POINT('',(33.836376269828,-27.32100500871,
    -3.83637547258));
#5383 = CARTESIAN_POINT('',(48.870765021164,-34.85014761525,
    -18.87076607783));
#5384 = CARTESIAN_POINT('',(45.220430185044,-32.61656748225,
    -15.22042901481));
#5385 = CARTESIAN_POINT('',(58.294389284628,-39.12139016933,
    -28.29439038083));
#5386 = CARTESIAN_POINT('',(60.323265470113,-39.85518414708,
    -30.32326460366));
#5387 = CARTESIAN_POINT('',(68.081392596522,-43.58249753315,
    -38.08139316386));
#5388 = CARTESIAN_POINT('',(73.800460674238,-46.24440774687,
    -43.80046037962));
#5389 = CARTESIAN_POINT('',(80.177950008743,-49.25034136924,
    -50.1779501215));
#5390 = CARTESIAN_POINT('',(86.544365195747,-52.2504888347,
    -56.54436516949));
#5391 = CARTESIAN_POINT('',(93.007049240871,-55.30093631311,
    -63.00704924095));
#5392 = CARTESIAN_POINT('',(93.007054209984,-55.30093865858,
    -63.00705421006));
#5393 = CARTESIAN_POINT('',(93.007059342281,-55.30094108107,
    -63.00705934236));
#5394 = CARTESIAN_POINT('',(93.007064637762,-55.30094358059,
    -63.00706463784));
#5395 = CARTESIAN_POINT('',(93.007070096426,-55.30094615713,
    -63.0070700965));
#5396 = CARTESIAN_POINT('',(93.007075718273,-55.3009488107,
    -63.00707571835));
#5397 = CARTESIAN_POINT('',(93.007081503305,-55.30095154128,
    -63.00708150338));
#5398 = CARTESIAN_POINT('',(93.00708745152,-55.3009543489,
    -63.00708745159));
#5399 = CARTESIAN_POINT('',(93.007093562918,-55.30095723353,
    -63.00709356299));
#5400 = CARTESIAN_POINT('',(93.0070998375,-55.3009601952,-63.00709983758
    ));
#5401 = CARTESIAN_POINT('',(93.007106275266,-55.30096323388,
    -63.00710627534));
#5402 = CARTESIAN_POINT('',(93.007112876215,-55.30096634959,
    -63.00711287629));
#5403 = CARTESIAN_POINT('',(93.007119640347,-55.30096954233,
    -63.00711964042));
#5404 = CARTESIAN_POINT('',(93.007126567664,-55.30097281208,
    -63.00712656774));
#5405 = CARTESIAN_POINT('',(-53.30301597963,10.939230282361,
    83.303015979632));
#5406 = CARTESIAN_POINT('',(-53.30300910349,10.939227011957,
    83.303009103495));
#5407 = CARTESIAN_POINT('',(-53.30300238335,10.93922381575,
    83.303002383361));
#5408 = CARTESIAN_POINT('',(-53.30299581922,10.939220693741,
    83.30299581923));
#5409 = CARTESIAN_POINT('',(-53.30298941109,10.93921764593,
    83.302989411102));
#5410 = CARTESIAN_POINT('',(-53.30298315897,10.939214672317,
    83.302983158976));
#5411 = CARTESIAN_POINT('',(-53.30297706285,10.939211772901,
    83.302977062854));
#5412 = CARTESIAN_POINT('',(-53.30297112273,10.939208947682,
    83.302971122735));
#5413 = CARTESIAN_POINT('',(-53.30296533861,10.939206196661,
    83.30296533862));
#5414 = CARTESIAN_POINT('',(-53.3029597105,10.939203519838,
    83.302959710507));
#5415 = CARTESIAN_POINT('',(-53.30295423839,10.939200917213,
    83.302954238397));
#5416 = CARTESIAN_POINT('',(-53.30294892228,10.939198388785,
    83.30294892229));
#5417 = CARTESIAN_POINT('',(-53.30294376218,10.939195934555,
    83.302943762186));
#5418 = CARTESIAN_POINT('',(-53.30293875808,10.939193554522,
    83.302938758086));
#5419 = CARTESIAN_POINT('',(-48.44309853787,8.627773523597,
    78.443098527995));
#5420 = CARTESIAN_POINT('',(-43.63529350528,6.341556958411,
    73.635293550259));
#5421 = CARTESIAN_POINT('',(-38.87951883527,4.080541644906,
    68.879518713239));
#5422 = CARTESIAN_POINT('',(-34.17577445487,1.844727330992,
    64.175774696409));
#5423 = CARTESIAN_POINT('',(-29.52406054296,-0.365885458154,
    59.524060170241));
#5424 = CARTESIAN_POINT('',(-24.92437674707,-2.55129760984,
    54.92437720942));
#5425 = CARTESIAN_POINT('',(-20.3767236338,-4.711507891033,
    50.37672316824));
#5426 = CARTESIAN_POINT('',(-15.88110045622,-6.846517735829,
    45.881100836703));
#5427 = CARTESIAN_POINT('',(-11.43750802203,-8.9563257468,
    41.437507771976));
#5428 = CARTESIAN_POINT('',(-7.045945616388,-11.04093306909,
    37.045945746361));
#5429 = CARTESIAN_POINT('',(-2.706413754561,-13.10033892201,
    32.706413703408));
#5430 = CARTESIAN_POINT('',(1.581087862504,-15.13454374402,
    28.418912150933));
#5431 = CARTESIAN_POINT('',(5.816559098998,-17.14354734139,
    24.183440900277));
#5432 = CARTESIAN_POINT('',(15.612012328838,-21.788585826,
    14.387987668937));
#5433 = CARTESIAN_POINT('',(21.300537083224,-24.48688108449,
    8.699462935196));
#5434 = CARTESIAN_POINT('',(26.249289052522,-26.8268634096,
    3.750710891329));
#5435 = CARTESIAN_POINT('',(34.59001331692,-30.80976578296,
    -4.590013201146));
#5436 = CARTESIAN_POINT('',(33.554830660445,-30.25139717719,
    -3.554830843012));
#5437 = CARTESIAN_POINT('',(49.217303256845,-37.78062778232,
    -19.21730302334));
#5438 = CARTESIAN_POINT('',(44.949551939943,-35.65654705354,
    -14.94955219096));
#5439 = CARTESIAN_POINT('',(58.520915101762,-42.17293768514,
    -28.52091487023));
#5440 = CARTESIAN_POINT('',(60.310943780531,-42.98297520029,
    -30.31094396401));
#5441 = CARTESIAN_POINT('',(68.212128387562,-46.75298432122,
    -38.21212826511));
#5442 = CARTESIAN_POINT('',(73.938332487592,-49.46952967156,
    -43.93833255288));
#5443 = CARTESIAN_POINT('',(80.36684763333,-52.52624329252,
    -50.36684760756));
#5444 = CARTESIAN_POINT('',(86.783550302451,-55.57723541503,
    -56.78355030864));
#5445 = CARTESIAN_POINT('',(93.302938758145,-58.67796391884,
    -63.30293875811));
#5446 = CARTESIAN_POINT('',(93.302943762246,-58.67796629887,
    -63.30294376221));
#5447 = CARTESIAN_POINT('',(93.30294892235,-58.6779687531,
    -63.30294892232));
#5448 = CARTESIAN_POINT('',(93.302954238456,-58.67797128153,
    -63.30295423842));
#5449 = CARTESIAN_POINT('',(93.302959710566,-58.67797388416,
    -63.30295971053));
#5450 = CARTESIAN_POINT('',(93.302965338679,-58.67797656098,
    -63.30296533865));
#5451 = CARTESIAN_POINT('',(93.302971122795,-58.677979312,
    -63.30297112276));
#5452 = CARTESIAN_POINT('',(93.302977062914,-58.67798213722,
    -63.30297706288));
#5453 = CARTESIAN_POINT('',(93.302983159036,-58.67798503663,
    -63.302983159));
#5454 = CARTESIAN_POINT('',(93.302989411161,-58.67798801025,
    -63.30298941113));
#5455 = CARTESIAN_POINT('',(93.302995819289,-58.67799105806,
    -63.30299581926));
#5456 = CARTESIAN_POINT('',(93.30300238342,-58.67799418007,
    -63.30300238339));
#5457 = CARTESIAN_POINT('',(93.303009103555,-58.67799737628,
    -63.30300910352));
#5458 = CARTESIAN_POINT('',(93.303015979692,-58.67800064668,
    -63.30301597966));
#5459 = CARTESIAN_POINT('',(-53.61914416334,8.324074146055,
    83.619144163341));
#5460 = CARTESIAN_POINT('',(-53.61913732894,8.324070904551,
    83.619137328943));
#5461 = CARTESIAN_POINT('',(-53.61913064387,8.324067733873,
    83.619130643871));
#5462 = CARTESIAN_POINT('',(-53.61912410812,8.324064634018,
    83.619124108126));
#5463 = CARTESIAN_POINT('',(-53.61911772171,8.324061604989,
    83.619117721708));
#5464 = CARTESIAN_POINT('',(-53.61911148461,8.324058646784,
    83.619111484617));
#5465 = CARTESIAN_POINT('',(-53.61910539685,8.324055759403,
    83.619105396853));
#5466 = CARTESIAN_POINT('',(-53.61909945841,8.324052942847,
    83.619099458415));
#5467 = CARTESIAN_POINT('',(-53.6190936693,8.324050197116,
    83.619093669305));
#5468 = CARTESIAN_POINT('',(-53.61908802952,8.324047522209,
    83.619088029521));
#5469 = CARTESIAN_POINT('',(-53.61908253906,8.324044918127,
    83.619082539064));
#5470 = CARTESIAN_POINT('',(-53.61907719793,8.324042384869,
    83.619077197934));
#5471 = CARTESIAN_POINT('',(-53.61907200613,8.324039922436,
    83.61907200613));
#5472 = CARTESIAN_POINT('',(-53.61906696365,8.324037530828,
    83.619066963654));
#5473 = CARTESIAN_POINT('',(-48.71406553169,5.997632510751,
    78.714065533889));
#5474 = CARTESIAN_POINT('',(-43.86457327488,3.695999266684,
    73.864573264833));
#5475 = CARTESIAN_POINT('',(-39.07058529021,1.41913541959,
    69.070585317804));
#5476 = CARTESIAN_POINT('',(-34.33210160548,-0.832958871692,
    64.332101550029));
#5477 = CARTESIAN_POINT('',(-29.64912215973,-3.060283940847,
    59.649122247202));
#5478 = CARTESIAN_POINT('',(-25.02164706188,-5.262839221426,
    55.021646950076));
#5479 = CARTESIAN_POINT('',(-20.44967615004,-7.4406255088,
    50.449676267249));
#5480 = CARTESIAN_POINT('',(-15.93320962583,-9.593641868158,
    45.933209524967));
#5481 = CARTESIAN_POINT('',(-11.47224727896,-11.72188922377,
    41.472247349699));
#5482 = CARTESIAN_POINT('',(-7.066789292315,-13.82536680728,
    37.066789252443));
#5483 = CARTESIAN_POINT('',(-2.716835534114,-15.90407515204,
    32.716835551575));
#5484 = CARTESIAN_POINT('',(1.577613917736,-17.95801395405,
    28.422386076808));
#5485 = CARTESIAN_POINT('',(5.816559100317,-19.98718335056,
    24.183440900507));
#5486 = CARTESIAN_POINT('',(15.612012328064,-24.68045054174,
    14.38798767135));
#5487 = CARTESIAN_POINT('',(21.30564562819,-27.40574210834,
    8.694354373346));
#5488 = CARTESIAN_POINT('',(26.210113354151,-29.7788592127,
    3.789886641555));
#5489 = CARTESIAN_POINT('',(34.733026918123,-33.76675056701,
    -4.733026907253));
#5490 = CARTESIAN_POINT('',(33.254027599353,-33.29116996283,
    -3.254027621797));
#5491 = CARTESIAN_POINT('',(49.587544453085,-40.76463545751,
    -19.5875444166));
#5492 = CARTESIAN_POINT('',(44.660145773933,-38.75016588448,
    -14.6601458205));
#5493 = CARTESIAN_POINT('',(58.762935182405,-45.22814278038,
    -28.76293513558));
#5494 = CARTESIAN_POINT('',(60.297779299812,-46.09752559016,
    -30.29777933681));
#5495 = CARTESIAN_POINT('',(68.351806401869,-49.87617073073,
    -38.35180637915));
#5496 = CARTESIAN_POINT('',(74.085634699817,-52.61939986742,
    -44.08563471043));
#5497 = CARTESIAN_POINT('',(80.568665734115,-55.69696949663,
    -50.5686657306));
#5498 = CARTESIAN_POINT('',(87.039095552534,-58.76891572572,
    -57.0390955532));
#5499 = CARTESIAN_POINT('',(93.619066963643,-61.88974631358,
    -63.61906696364));
#5500 = CARTESIAN_POINT('',(93.61907200612,-61.88974870519,
    -63.61907200612));
#5501 = CARTESIAN_POINT('',(93.619077197923,-61.88975116762,
    -63.61907719792));
#5502 = CARTESIAN_POINT('',(93.619082539053,-61.88975370088,
    -63.61908253905));
#5503 = CARTESIAN_POINT('',(93.61908802951,-61.88975630496,
    -63.61908802951));
#5504 = CARTESIAN_POINT('',(93.619093669294,-61.88975897987,
    -63.61909366929));
#5505 = CARTESIAN_POINT('',(93.619099458405,-61.8897617256,
    -63.61909945841));
#5506 = CARTESIAN_POINT('',(93.619105396842,-61.88976454215,
    -63.61910539684));
#5507 = CARTESIAN_POINT('',(93.619111484607,-61.88976742953,
    -63.61911148461));
#5508 = CARTESIAN_POINT('',(93.619117721698,-61.88977038774,
    -63.6191177217));
#5509 = CARTESIAN_POINT('',(93.619124108116,-61.88977341677,
    -63.61912410812));
#5510 = CARTESIAN_POINT('',(93.61913064386,-61.88977651662,
    -63.61913064386));
#5511 = CARTESIAN_POINT('',(93.619137328932,-61.8897796873,
    -63.61913732893));
#5512 = CARTESIAN_POINT('',(93.619144163331,-61.88978292881,
    -63.61914416333));
#5513 = CARTESIAN_POINT('',(-54.29800198756,1.963291144572,
    84.298001987565));
#5514 = CARTESIAN_POINT('',(-54.29799521961,1.963288017337,
    84.297995219623));
#5515 = CARTESIAN_POINT('',(-54.29798858844,1.963284953301,
    84.297988588454));
#5516 = CARTESIAN_POINT('',(-54.29798209405,1.963281952462,
    84.297982094058));
#5517 = CARTESIAN_POINT('',(-54.29797573643,1.963279014822,
    84.297975736434));
#5518 = CARTESIAN_POINT('',(-54.29796951557,1.963276140379,
    84.297969515584));
#5519 = CARTESIAN_POINT('',(-54.2979634315,1.963273329135,
    84.297963431506));
#5520 = CARTESIAN_POINT('',(-54.29795748419,1.963270581088,
    84.297957484201));
#5521 = CARTESIAN_POINT('',(-54.29795167366,1.96326789624,
    84.297951673669));
#5522 = CARTESIAN_POINT('',(-54.2979459999,1.96326527459,84.297945999909
    ));
#5523 = CARTESIAN_POINT('',(-54.29794046291,1.963262716138,
    84.297940462923));
#5524 = CARTESIAN_POINT('',(-54.2979350627,1.963260220883,
    84.297935062709));
#5525 = CARTESIAN_POINT('',(-54.29792979926,1.963257788827,
    84.297929799269));
#5526 = CARTESIAN_POINT('',(-54.29792467259,1.963255419969,
    84.297924672601));
#5527 = CARTESIAN_POINT('',(-49.29594348585,-0.347989134439,
    79.295943483541));
#5528 = CARTESIAN_POINT('',(-44.35693153912,-2.635628154257,
    74.356931549875));
#5529 = CARTESIAN_POINT('',(-39.48088385818,-4.899663829923,
    69.480883828109));
#5530 = CARTESIAN_POINT('',(-34.66780040134,-7.140096475847,
    64.667800463282));
#5531 = CARTESIAN_POINT('',(-29.917681254,-9.356925430705,
    59.917681153275));
#5532 = CARTESIAN_POINT('',(-25.23052627402,-11.55015181912,
    55.230526407685));
#5533 = CARTESIAN_POINT('',(-20.60633565919,-13.71977405831,
    50.606335512713));
#5534 = CARTESIAN_POINT('',(-16.04510917609,-15.86579401382,
    46.045109308759));
#5535 = CARTESIAN_POINT('',(-11.54684705929,-17.98820983511,
    41.546846960754));
#5536 = CARTESIAN_POINT('',(-7.111549108617,-20.08702306605,
    37.111549167751));
#5537 = CARTESIAN_POINT('',(-2.739215468213,-22.16223263097,
    32.739215440446));
#5538 = CARTESIAN_POINT('',(1.570153948765,-24.21383914525,
    28.429846060706));
#5539 = CARTESIAN_POINT('',(5.816559099066,-26.24184233013,
    24.183440899113));
#5540 = CARTESIAN_POINT('',(15.612012330142,-30.93510952395,
    14.387987671954));
#5541 = CARTESIAN_POINT('',(21.316615766823,-33.65868617902,
    8.683384224029));
#5542 = CARTESIAN_POINT('',(26.12598701635,-36.04666930522,
    3.874013010402));
#5543 = CARTESIAN_POINT('',(35.04013599449,-39.97340046609,
    -5.04013605414));
#5544 = CARTESIAN_POINT('',(32.608079592466,-39.64680733124,
    -2.608079486231));
#5545 = CARTESIAN_POINT('',(50.382604607739,-46.895005978,
    -20.38260476159));
#5546 = CARTESIAN_POINT('',(44.038671914961,-45.10197725847,
    -14.03867173242));
#5547 = CARTESIAN_POINT('',(59.282651563158,-51.40155670037,
    -29.28265174064));
#5548 = CARTESIAN_POINT('',(60.269510199289,-52.35660366635,
    -30.26951005866));
#5549 = CARTESIAN_POINT('',(68.651752451043,-56.08394040132,
    -38.65175254047));
#5550 = CARTESIAN_POINT('',(74.401953466734,-58.82460996319,
    -44.40195342242));
#5551 = CARTESIAN_POINT('',(81.0020524341,-61.88387886824,
    -51.00205245005));
#5552 = CARTESIAN_POINT('',(87.587856664604,-64.93778906101,
    -57.58785666116));
#5553 = CARTESIAN_POINT('',(94.297924672607,-68.03828216696,
    -64.2979246726));
#5554 = CARTESIAN_POINT('',(94.297929799275,-68.03828453582,
    -64.29792979927));
#5555 = CARTESIAN_POINT('',(94.297935062715,-68.03828696787,
    -64.29793506271));
#5556 = CARTESIAN_POINT('',(94.297940462929,-68.03828946313,
    -64.29794046292));
#5557 = CARTESIAN_POINT('',(94.297945999915,-68.03829202158,
    -64.29794599991));
#5558 = CARTESIAN_POINT('',(94.297951673675,-68.03829464323,
    -64.29795167367));
#5559 = CARTESIAN_POINT('',(94.297957484207,-68.03829732808,
    -64.2979574842));
#5560 = CARTESIAN_POINT('',(94.297963431512,-68.03830007612,
    -64.2979634315));
#5561 = CARTESIAN_POINT('',(94.29796951559,-68.03830288737,
    -64.29796951558));
#5562 = CARTESIAN_POINT('',(94.29797573644,-68.03830576181,
    -64.29797573643));
#5563 = CARTESIAN_POINT('',(94.297982094064,-68.03830869945,
    -64.29798209406));
#5564 = CARTESIAN_POINT('',(94.29798858846,-68.03831170029,
    -64.29798858845));
#5565 = CARTESIAN_POINT('',(94.297995219629,-68.03831476433,
    -64.29799521962));
#5566 = CARTESIAN_POINT('',(94.298001987571,-68.03831789156,
    -64.29800198756));
#5567 = CARTESIAN_POINT('',(-54.66073161685,-1.782335409668,
    84.660731616824));
#5568 = CARTESIAN_POINT('',(-54.66072487455,-1.782338452894,
    84.660724874524));
#5569 = CARTESIAN_POINT('',(-54.66071826307,-1.78234143707,
    84.660718263049));
#5570 = CARTESIAN_POINT('',(-54.66071178242,-1.782344362198,
    84.660711782397));
#5571 = CARTESIAN_POINT('',(-54.66070543259,-1.782347228276,
    84.660705432569));
#5572 = CARTESIAN_POINT('',(-54.66069921359,-1.782350035306,
    84.660699213565));
#5573 = CARTESIAN_POINT('',(-54.66069312541,-1.782352783286,
    84.660693125385));
#5574 = CARTESIAN_POINT('',(-54.66068716805,-1.782355472217,
    84.660687168029));
#5575 = CARTESIAN_POINT('',(-54.66068134152,-1.782358102099,
    84.660681341497));
#5576 = CARTESIAN_POINT('',(-54.66067564581,-1.782360672932,
    84.660675645789));
#5577 = CARTESIAN_POINT('',(-54.66067008093,-1.782363184716,
    84.660670080905));
#5578 = CARTESIAN_POINT('',(-54.66066464687,-1.782365637451,
    84.660664646845));
#5579 = CARTESIAN_POINT('',(-54.66065934363,-1.782368031136,
    84.660659343608));
#5580 = CARTESIAN_POINT('',(-54.66065417122,-1.782370365773,
    84.660654171196));
#5581 = CARTESIAN_POINT('',(-49.60685443149,-4.063469502381,
    79.606854441947));
#5582 = CARTESIAN_POINT('',(-44.62001004705,-6.32169741639,
    74.620009998103));
#5583 = CARTESIAN_POINT('',(-39.70011588551,-8.557057082579,
    69.700116024154));
#5584 = CARTESIAN_POINT('',(-34.84717218316,-10.76954658786,
    64.847171893086));
#5585 = CARTESIAN_POINT('',(-30.06117846644,-12.95916995419,
    60.06117894756));
#5586 = CARTESIAN_POINT('',(-25.3421355023,-15.12592033389,
    55.342134849042));
#5587 = CARTESIAN_POINT('',(-20.69004225234,-17.26980736992,
    50.690042986735));
#5588 = CARTESIAN_POINT('',(-16.10489991073,-19.3908196819,
    46.10489922749));
#5589 = CARTESIAN_POINT('',(-11.58670730038,-21.4889685693,
    41.586707821975));
#5590 = CARTESIAN_POINT('',(-7.135465414055,-23.56424459151,
    37.135465092388));
#5591 = CARTESIAN_POINT('',(-2.75117353793,-25.61665433183,
    32.751173693158));
#5592 = CARTESIAN_POINT('',(1.566167894715,-27.64619401783,
    28.433832050695));
#5593 = CARTESIAN_POINT('',(5.816559104425,-29.65286535832,
    24.183440906785));
#5594 = CARTESIAN_POINT('',(15.612012319946,-34.29790383099,
    14.387987665999));
#5595 = CARTESIAN_POINT('',(21.322477431658,-36.99276921833,
    8.677522632903));
#5596 = CARTESIAN_POINT('',(26.08103615264,-39.3624838667,3.918963657662
    ));
#5597 = CARTESIAN_POINT('',(35.204231995188,-43.22306519011,
    -5.204231575707));
#5598 = CARTESIAN_POINT('',(32.262933682076,-42.96267283918,
    -2.262934420393));
#5599 = CARTESIAN_POINT('',(50.807425008587,-50.04136783519,
    -20.80742395069));
#5600 = CARTESIAN_POINT('',(43.706602481351,-48.36017123465,
    -13.70660372705));
#5601 = CARTESIAN_POINT('',(59.56034959358,-54.51976453251,
    -29.56034838659));
#5602 = CARTESIAN_POINT('',(60.254404209931,-55.50113248304,
    -30.25440516662));
#5603 = CARTESIAN_POINT('',(68.812021377344,-59.16852334041,
    -38.81202076659));
#5604 = CARTESIAN_POINT('',(74.570969602744,-61.87995040099,
    -44.57096990715));
#5605 = CARTESIAN_POINT('',(81.233621208443,-64.90006221724,
    -51.23362109798));
#5606 = CARTESIAN_POINT('',(87.881072518999,-67.91498239176,
    -57.88107254307));
#5607 = CARTESIAN_POINT('',(94.660654207278,-70.97503591028,
    -64.66065420728));
#5608 = CARTESIAN_POINT('',(94.66065937969,-70.97503824491,
    -64.66065937969));
#5609 = CARTESIAN_POINT('',(94.660664682927,-70.9750406386,
    -64.66066468293));
#5610 = CARTESIAN_POINT('',(94.660670116987,-70.97504309133,
    -64.66067011699));
#5611 = CARTESIAN_POINT('',(94.660675681871,-70.97504560312,
    -64.66067568187));
#5612 = CARTESIAN_POINT('',(94.660681377579,-70.97504817395,
    -64.66068137758));
#5613 = CARTESIAN_POINT('',(94.660687204111,-70.97505080383,
    -64.66068720411));
#5614 = CARTESIAN_POINT('',(94.660693161467,-70.97505349276,
    -64.66069316147));
#5615 = CARTESIAN_POINT('',(94.660699249647,-70.97505624074,
    -64.66069924965));
#5616 = CARTESIAN_POINT('',(94.660705468651,-70.97505904777,
    -64.66070546865));
#5617 = CARTESIAN_POINT('',(94.660711818479,-70.97506191385,
    -64.66071181848));
#5618 = CARTESIAN_POINT('',(94.660718299131,-70.97506483898,
    -64.66071829913));
#5619 = CARTESIAN_POINT('',(94.660724910606,-70.97506782315,
    -64.66072491061));
#5620 = CARTESIAN_POINT('',(94.660731652906,-70.97507086638,
    -64.66073165291));
#5621 = CARTESIAN_POINT('',(-55.04982399284,-6.121888213329,
    85.049823992931));
#5622 = CARTESIAN_POINT('',(-55.04981726966,-6.121891145462,
    85.049817269752));
#5623 = CARTESIAN_POINT('',(-55.04981067157,-6.121894023042,
    85.049810671661));
#5624 = CARTESIAN_POINT('',(-55.04980419857,-6.121896846067,
    85.049804198658));
#5625 = CARTESIAN_POINT('',(-55.04979785065,-6.121899614539,
    85.049797850742));
#5626 = CARTESIAN_POINT('',(-55.04979162782,-6.121902328458,
    85.049791627914));
#5627 = CARTESIAN_POINT('',(-55.04978553008,-6.121904987823,
    85.049785530174));
#5628 = CARTESIAN_POINT('',(-55.04977955743,-6.121907592634,
    85.049779557522));
#5629 = CARTESIAN_POINT('',(-55.04977370986,-6.121910142892,
    85.049773709957));
#5630 = CARTESIAN_POINT('',(-55.04976798739,-6.121912638596,
    85.04976798748));
#5631 = CARTESIAN_POINT('',(-55.04976239,-6.121915079746,85.04976239009)
  );
#5632 = CARTESIAN_POINT('',(-55.0497569177,-6.121917466343,
    85.049756917788));
#5633 = CARTESIAN_POINT('',(-55.04975157048,-6.121919798386,
    85.049751570574));
#5634 = CARTESIAN_POINT('',(-55.04974634836,-6.121922075875,
    85.049746348448));
#5635 = CARTESIAN_POINT('',(-49.9403620149,-8.350242210776,
    79.940361986449));
#5636 = CARTESIAN_POINT('',(-44.90220873742,-10.55658280934,
    74.902208871214));
#5637 = CARTESIAN_POINT('',(-39.93528168381,-12.74094400847,
    69.935281302987));
#5638 = CARTESIAN_POINT('',(-35.03958016911,-14.90333153262,
    65.039580971064));
#5639 = CARTESIAN_POINT('',(-30.21510556241,-17.04373335708,
    60.215104221856));
#5640 = CARTESIAN_POINT('',(-25.46185566002,-19.16216997369,
    55.461857496165));
#5641 = CARTESIAN_POINT('',(-20.77983342927,-21.25861252297,
    50.779831346352));
#5642 = CARTESIAN_POINT('',(-16.16903547942,-23.33309509029,
    46.169037434741));
#5643 = CARTESIAN_POINT('',(-11.62946513785,-25.38558382417,
    41.629463632145));
#5644 = CARTESIAN_POINT('',(-7.161119608029,-27.41610702787,
    37.161120544272));
#5645 = CARTESIAN_POINT('',(-2.764000900377,-29.42464496407,
    32.764000445093));
#5646 = CARTESIAN_POINT('',(1.561892206328,-31.411208953,28.438107954986
    ));
#5647 = CARTESIAN_POINT('',(5.816559086532,-33.37579387164,
    24.183440879947));
#5648 = CARTESIAN_POINT('',(15.612012354572,-37.92437524355,
    14.387987687964));
#5649 = CARTESIAN_POINT('',(21.328764853866,-40.56266809016,
    8.671234949563));
#5650 = CARTESIAN_POINT('',(26.032819131747,-42.88847869311,
    3.967181445688));
#5651 = CARTESIAN_POINT('',(35.380252396572,-46.64706723174,
    -5.38025367075));
#5652 = CARTESIAN_POINT('',(31.892706383266,-46.44524929867,
    -1.892704146301));
#5653 = CARTESIAN_POINT('',(51.263115837753,-53.29656195804,
    -21.26311903586));
#5654 = CARTESIAN_POINT('',(43.350404533862,-51.72929816437,
    -13.3504007738));
#5655 = CARTESIAN_POINT('',(59.85822448938,-57.69732273676,
    -29.8582281296));
#5656 = CARTESIAN_POINT('',(60.238204894958,-58.68887851803,
    -30.23820200996));
#5657 = CARTESIAN_POINT('',(68.983935318306,-62.26180596838,
    -38.98393716074));
#5658 = CARTESIAN_POINT('',(74.752270943236,-64.91601290998,
    -44.75227002441));
#5659 = CARTESIAN_POINT('',(81.482019342346,-67.86687975004,
    -51.48201967602));
#5660 = CARTESIAN_POINT('',(88.195598766944,-70.81275616651,
    -58.1955986941));
#5661 = CARTESIAN_POINT('',(95.049746118118,-73.8020077739,
    -65.0497461181));
#5662 = CARTESIAN_POINT('',(95.049751340244,-73.80201005139,
    -65.04975134022));
#5663 = CARTESIAN_POINT('',(95.049756687458,-73.80201238343,
    -65.04975668744));
#5664 = CARTESIAN_POINT('',(95.04976215976,-73.80201477003,
    -65.04976215974));
#5665 = CARTESIAN_POINT('',(95.049767757149,-73.80201721118,
    -65.04976775713));
#5666 = CARTESIAN_POINT('',(95.049773479626,-73.80201970688,
    -65.0497734796));
#5667 = CARTESIAN_POINT('',(95.049779327191,-73.80202225714,
    -65.04977932717));
#5668 = CARTESIAN_POINT('',(95.049785299844,-73.80202486195,
    -65.04978529982));
#5669 = CARTESIAN_POINT('',(95.049791397584,-73.80202752131,
    -65.04979139756));
#5670 = CARTESIAN_POINT('',(95.049797620412,-73.80203023523,
    -65.04979762039));
#5671 = CARTESIAN_POINT('',(95.049803968327,-73.80203300371,
    -65.04980396831));
#5672 = CARTESIAN_POINT('',(95.04981044133,-73.80203582673,
    -65.04981044131));
#5673 = CARTESIAN_POINT('',(95.049817039421,-73.80203870431,
    -65.0498170394));
#5674 = CARTESIAN_POINT('',(95.0498237626,-73.80204163644,
    -65.04982376258));
#5675 = CARTESIAN_POINT('',(-55.46884521319,-11.09628942875,
    85.468845213008));
#5676 = CARTESIAN_POINT('',(-55.46883850404,-11.09629222228,
    85.468838503856));
#5677 = CARTESIAN_POINT('',(-55.4688319143,-11.09629496609,
    85.468831914119));
#5678 = CARTESIAN_POINT('',(-55.46882544398,-11.09629766018,
    85.468825443797));
#5679 = CARTESIAN_POINT('',(-55.46881909307,-11.09630030455,
    85.468819092891));
#5680 = CARTESIAN_POINT('',(-55.46881286158,-11.09630289919,
    85.4688128614));
#5681 = CARTESIAN_POINT('',(-55.4688067495,-11.09630544411,
    85.468806749323));
#5682 = CARTESIAN_POINT('',(-55.46880075684,-11.09630793932,
    85.468800756663));
#5683 = CARTESIAN_POINT('',(-55.4687948836,-11.0963103848,
    85.468794883417));
#5684 = CARTESIAN_POINT('',(-55.46878912977,-11.09631278055,
    85.468789129586));
#5685 = CARTESIAN_POINT('',(-55.46878349535,-11.09631512659,
    85.468783495171));
#5686 = CARTESIAN_POINT('',(-55.46877798035,-11.09631742291,
    85.468777980171));
#5687 = CARTESIAN_POINT('',(-55.46877258477,-11.0963196695,
    85.468772584586));
#5688 = CARTESIAN_POINT('',(-55.4687673086,-11.09632186637,
    85.468767308417));
#5689 = CARTESIAN_POINT('',(-50.29952261985,-13.24867234615,
    80.299522676635));
#5690 = CARTESIAN_POINT('',(-45.20611390031,-15.38009836559,
    75.206113632729));
#5691 = CARTESIAN_POINT('',(-40.18853543716,-17.49060646562,
    70.188536201336));
#5692 = CARTESIAN_POINT('',(-35.24678866367,-19.58018455372,
    65.246787047427));
#5693 = CARTESIAN_POINT('',(-30.38087071073,-21.64885801269,
    60.380873426978));
#5694 = CARTESIAN_POINT('',(-25.5907861901,-23.6965835441,
    55.590782447887));
#5695 = CARTESIAN_POINT('',(-20.87652889668,-25.72342213815,
    50.876533166961));
#5696 = CARTESIAN_POINT('',(-16.23810590468,-27.72930170043,
    46.238101873116));
#5697 = CARTESIAN_POINT('',(-11.67551028401,-29.71429385336,
    41.675513405338));
#5698 = CARTESIAN_POINT('',(-7.188747844973,-31.67833866822,
    37.188745894377));
#5699 = CARTESIAN_POINT('',(-2.777814414717,-33.62147793771,
    32.77781536746));
#5700 = CARTESIAN_POINT('',(1.557287477046,-35.54368767175,
    28.442712184169));
#5701 = CARTESIAN_POINT('',(5.816559127447,-37.44497871679,
    24.183440943141));
#5702 = CARTESIAN_POINT('',(15.612012275129,-41.84782904991,
    14.387987635261));
#5703 = CARTESIAN_POINT('',(21.335536570656,-44.40107647457,
    8.664463843093));
#5704 = CARTESIAN_POINT('',(25.980891213881,-46.65686142754,
    4.019107572208));
#5705 = CARTESIAN_POINT('',(35.569816995126,-50.27656091104,
    -5.56981432072));
#5706 = CARTESIAN_POINT('',(31.493992885609,-50.12619934291,
    -1.493997573375));
#5707 = CARTESIAN_POINT('',(51.753870788271,-56.6899822613,
    -21.75386409555));
#5708 = CARTESIAN_POINT('',(42.966793238564,-55.23980342437,
    -12.96680109905));
#5709 = CARTESIAN_POINT('',(60.179026729834,-60.96274558555,
    -30.17901912545));
#5710 = CARTESIAN_POINT('',(60.220748092438,-61.94840966303,
    -30.22075411633));
#5711 = CARTESIAN_POINT('',(69.169080881435,-65.3913666036,
    -39.16907703566));
#5712 = CARTESIAN_POINT('',(74.947514716128,-67.9597687552,
    -44.94751663337));
#5713 = CARTESIAN_POINT('',(81.749526327209,-70.81056664252,
    -51.74952563111));
#5714 = CARTESIAN_POINT('',(88.534318938261,-73.65661635681,
    -58.53431909025));
#5715 = CARTESIAN_POINT('',(95.468768045515,-76.54395563146,
    -65.46876804555));
#5716 = CARTESIAN_POINT('',(95.468773321684,-76.54395782834,
    -65.46877332172));
#5717 = CARTESIAN_POINT('',(95.468778717269,-76.54396007493,
    -65.46877871731));
#5718 = CARTESIAN_POINT('',(95.468784232269,-76.54396237124,
    -65.46878423231));
#5719 = CARTESIAN_POINT('',(95.468789866685,-76.54396471728,
    -65.46878986672));
#5720 = CARTESIAN_POINT('',(95.468795620515,-76.54396711304,
    -65.46879562055));
#5721 = CARTESIAN_POINT('',(95.468801493761,-76.54396955852,
    -65.4688014938));
#5722 = CARTESIAN_POINT('',(95.468807486422,-76.54397205372,
    -65.46880748646));
#5723 = CARTESIAN_POINT('',(95.468813598498,-76.54397459864,
    -65.46881359854));
#5724 = CARTESIAN_POINT('',(95.46881982999,-76.54397719328,
    -65.46881983003));
#5725 = CARTESIAN_POINT('',(95.468826180897,-76.54397983765,
    -65.46882618093));
#5726 = CARTESIAN_POINT('',(95.468832651219,-76.54398253174,
    -65.46883265126));
#5727 = CARTESIAN_POINT('',(95.468839240956,-76.54398527555,
    -65.46883924099));
#5728 = CARTESIAN_POINT('',(95.468845950108,-76.54398806908,
    -65.46884595015));
#5729 = CARTESIAN_POINT('',(-55.92200236972,-16.75998863502,
    85.922002370031));
#5730 = CARTESIAN_POINT('',(-55.92199567117,-16.7599912614,
    85.921995671473));
#5731 = CARTESIAN_POINT('',(-55.92198908624,-16.75999384322,
    85.921989086548));
#5732 = CARTESIAN_POINT('',(-55.92198261495,-16.75999638049,
    85.921982615255));
#5733 = CARTESIAN_POINT('',(-55.92197625729,-16.7599988732,
    85.921976257595));
#5734 = CARTESIAN_POINT('',(-55.92197001326,-16.76000132137,
    85.921970013567));
#5735 = CARTESIAN_POINT('',(-55.92196388287,-16.76000372497,
    85.921963883172));
#5736 = CARTESIAN_POINT('',(-55.9219578661,-16.76000608403,
    85.92195786641));
#5737 = CARTESIAN_POINT('',(-55.92195196297,-16.76000839853,
    85.92195196328));
#5738 = CARTESIAN_POINT('',(-55.92194617348,-16.76001066848,
    85.921946173783));
#5739 = CARTESIAN_POINT('',(-55.92194049761,-16.76001289388,
    85.921940497918));
#5740 = CARTESIAN_POINT('',(-55.92193493538,-16.76001507472,
    85.921934935686));
#5741 = CARTESIAN_POINT('',(-55.92192948678,-16.76001721101,
    85.921929487086));
#5742 = CARTESIAN_POINT('',(-55.92192415181,-16.76001930275,
    85.921924152119));
#5743 = CARTESIAN_POINT('',(-50.68794308629,-18.81216164555,
    80.687942997431));
#5744 = CARTESIAN_POINT('',(-45.53477737321,-20.84461515282,
    75.534777792609));
#5745 = CARTESIAN_POINT('',(-40.46242268822,-22.85737471294,
    70.462421487581));
#5746 = CARTESIAN_POINT('',(-35.47087672258,-24.8504600728,
    65.470879270634));
#5747 = CARTESIAN_POINT('',(-30.56014410805,-26.82382979777,
    60.560139807696));
#5748 = CARTESIAN_POINT('',(-25.73021739938,-28.77755463346,
    55.730223351313));
#5749 = CARTESIAN_POINT('',(-20.98110661843,-30.71153488904,
    50.981099795567));
#5750 = CARTESIAN_POINT('',(-16.31280035007,-32.62588850869,
    46.312806819739));
#5751 = CARTESIAN_POINT('',(-11.72530976827,-34.5204982623,
    41.725304738604));
#5752 = CARTESIAN_POINT('',(-7.21862552012,-36.39546231676,
    37.218628675218));
#5753 = CARTESIAN_POINT('',(-2.792754316476,-38.25071219813,
    32.792752770579));
#5754 = CARTESIAN_POINT('',(1.55230790267,-40.08628724171,
    28.447692648134));
#5755 = CARTESIAN_POINT('',(5.816559055805,-41.90216967329,
    24.183440829556));
#5756 = CARTESIAN_POINT('',(15.612012414173,-46.10793038336,
    14.387987730717));
#5757 = CARTESIAN_POINT('',(21.342858659773,-48.54644713032,
    8.65714067384));
#5758 = CARTESIAN_POINT('',(25.924736908161,-50.70503448374,
    4.075265043014));
#5759 = CARTESIAN_POINT('',(35.774815407677,-54.1471355674,
    -5.774819698532));
#5760 = CARTESIAN_POINT('',(31.062814086192,-54.04142029196,
    -1.06280657781));
#5761 = CARTESIAN_POINT('',(52.284581318503,-60.25404751441,
    -22.28459202211));
#5762 = CARTESIAN_POINT('',(42.551958813748,-58.92513459151,
    -12.55194625828));
#5763 = CARTESIAN_POINT('',(60.525934699993,-64.34649818644,
    -30.52594683379));
#5764 = CARTESIAN_POINT('',(60.201890701159,-65.30982549938,
    -30.20188109742));
#5765 = CARTESIAN_POINT('',(69.369293748565,-68.58561148127,
    -39.36929987501));
#5766 = CARTESIAN_POINT('',(75.1586697787,-71.03837947505,
    -45.15866672685));
#5767 = CARTESIAN_POINT('',(82.038821251479,-73.75690704389,
    -52.03882235877));
#5768 = CARTESIAN_POINT('',(88.900631135205,-76.47096216251,
    -58.9006308935));
#5769 = CARTESIAN_POINT('',(95.921922650597,-79.22387474276,
    -65.92192265051));
#5770 = CARTESIAN_POINT('',(95.921927985564,-79.22387683449,
    -65.92192798547));
#5771 = CARTESIAN_POINT('',(95.921933434163,-79.22387897078,
    -65.92193343407));
#5772 = CARTESIAN_POINT('',(95.921938996395,-79.22388115163,
    -65.92193899631));
#5773 = CARTESIAN_POINT('',(95.92194467226,-79.22388337702,
    -65.92194467217));
#5774 = CARTESIAN_POINT('',(95.921950461757,-79.22388564697,
    -65.92195046167));
#5775 = CARTESIAN_POINT('',(95.921956364886,-79.22388796148,
    -65.9219563648));
#5776 = CARTESIAN_POINT('',(95.921962381649,-79.22389032053,
    -65.92196238156));
#5777 = CARTESIAN_POINT('',(95.921968512044,-79.22389272414,
    -65.92196851196));
#5778 = CARTESIAN_POINT('',(95.921974756071,-79.2238951723,
    -65.92197475598));
#5779 = CARTESIAN_POINT('',(95.921981113731,-79.22389766502,
    -65.92198111364));
#5780 = CARTESIAN_POINT('',(95.921987585023,-79.22390020229,
    -65.92198758494));
#5781 = CARTESIAN_POINT('',(95.921994169948,-79.22390278411,
    -65.92199416986));
#5782 = CARTESIAN_POINT('',(95.922000868506,-79.22390541049,
    -65.92200086842));
#5783 = CARTESIAN_POINT('',(-56.41431469818,-23.18314743495,
    86.414314697805));
#5784 = CARTESIAN_POINT('',(-56.4143080088,-23.18314986401,
    86.414308008423));
#5785 = CARTESIAN_POINT('',(-56.41430142695,-23.18315225402,
    86.414301426572));
#5786 = CARTESIAN_POINT('',(-56.41429495263,-23.18315460499,
    86.41429495225));
#5787 = CARTESIAN_POINT('',(-56.41428858584,-23.18315691691,
    86.414288585458));
#5788 = CARTESIAN_POINT('',(-56.41428232657,-23.18315918979,
    86.414282326195));
#5789 = CARTESIAN_POINT('',(-56.41427617484,-23.18316142361,
    86.414276174462));
#5790 = CARTESIAN_POINT('',(-56.41427013064,-23.1831636184,
    86.414270130259));
#5791 = CARTESIAN_POINT('',(-56.41426419396,-23.18316577413,
    86.414264193586));
#5792 = CARTESIAN_POINT('',(-56.41425836482,-23.18316789082,
    86.414258364442));
#5793 = CARTESIAN_POINT('',(-56.41425264321,-23.18316996846,
    86.414252642828));
#5794 = CARTESIAN_POINT('',(-56.41424702912,-23.18317200706,
    86.414247028743));
#5795 = CARTESIAN_POINT('',(-56.41424152257,-23.18317400661,
    86.414241522189));
#5796 = CARTESIAN_POINT('',(-56.41423612354,-23.18317596711,
    86.414236123164));
#5797 = CARTESIAN_POINT('',(-51.10992412918,-25.10928686916,
    81.109924240961));
#5798 = CARTESIAN_POINT('',(-45.89183819603,-27.01713285563,
    75.891837667988));
#5799 = CARTESIAN_POINT('',(-40.75997189056,-28.90672518492,
    70.75997340504));
#5800 = CARTESIAN_POINT('',(-35.7143281521,-30.77803807375,
    65.714324929399));
#5801 = CARTESIAN_POINT('',(-30.75490107446,-32.63112563125,
    60.754906532043));
#5802 = CARTESIAN_POINT('',(-25.88170015374,-34.46589540283,
    55.881692571834));
#5803 = CARTESIAN_POINT('',(-21.09471260557,-36.28247774923,
    51.094721329461));
#5804 = CARTESIAN_POINT('',(-16.39395298047,-38.08071831204,
    46.393944678464));
#5805 = CARTESIAN_POINT('',(-11.77940704774,-39.86077062145,
    41.779413523882));
#5806 = CARTESIAN_POINT('',(-7.251086702275,-41.62250601555,
    37.251082627297));
#5807 = CARTESIAN_POINT('',(-2.808983417829,-43.36601428238,
    32.808985419246));
#5808 = CARTESIAN_POINT('',(1.546897654773,-45.09124381192,
    28.453101631292));
#5809 = CARTESIAN_POINT('',(5.816559155649,-46.79821792597,
    24.183440992536));
#5810 = CARTESIAN_POINT('',(15.612012220425,-50.75230481957,
    14.387987593508));
#5811 = CARTESIAN_POINT('',(21.350815395294,-53.0445350723,
    8.649185456012));
#5812 = CARTESIAN_POINT('',(25.863724534978,-55.07712669742,
    4.136272978442));
#5813 = CARTESIAN_POINT('',(35.997540846289,-58.3002091776,
    -5.997535388828));
#5814 = CARTESIAN_POINT('',(30.594354556753,-58.23259707083,
    -0.594364089182));
#5815 = CARTESIAN_POINT('',(52.861184821269,-64.02542229063,
    -22.86117125476));
#5816 = CARTESIAN_POINT('',(42.101238112325,-62.8232682153,
    -12.10125400278));
#5817 = CARTESIAN_POINT('',(60.902860959927,-67.88216130901,
    -30.9028456227));
#5818 = CARTESIAN_POINT('',(60.181371689562,-68.80613573152,
    -30.18138381523));
#5819 = CARTESIAN_POINT('',(69.58683020756,-71.87494426766,
    -39.58682248033));
#5820 = CARTESIAN_POINT('',(75.388061859182,-74.18040762499,
    -45.38806570451));
#5821 = CARTESIAN_POINT('',(82.353120609999,-76.73235414063,
    -52.35311921603));
#5822 = CARTESIAN_POINT('',(89.298598660964,-79.28015824545,
    -59.29859896507));
#5823 = CARTESIAN_POINT('',(96.414238234688,-81.86400087162,
    -66.41423823481));
#5824 = CARTESIAN_POINT('',(96.414243633713,-81.86400283212,
    -66.41424363383));
#5825 = CARTESIAN_POINT('',(96.414249140268,-81.86400483167,
    -66.41424914039));
#5826 = CARTESIAN_POINT('',(96.414254754353,-81.86400687027,
    -66.41425475447));
#5827 = CARTESIAN_POINT('',(96.414260475967,-81.86400894791,
    -66.41426047608));
#5828 = CARTESIAN_POINT('',(96.414266305111,-81.8640110646,
    -66.41426630523));
#5829 = CARTESIAN_POINT('',(96.414272241785,-81.86401322033,
    -66.4142722419));
#5830 = CARTESIAN_POINT('',(96.414278285988,-81.86401541511,
    -66.4142782861));
#5831 = CARTESIAN_POINT('',(96.414284437721,-81.86401764894,
    -66.41428443784));
#5832 = CARTESIAN_POINT('',(96.414290696984,-81.86401992181,
    -66.4142906971));
#5833 = CARTESIAN_POINT('',(96.414297063777,-81.86402223373,
    -66.41429706389));
#5834 = CARTESIAN_POINT('',(96.414303538099,-81.8640245847,
    -66.41430353821));
#5835 = CARTESIAN_POINT('',(96.414310119951,-81.86402697471,
    -66.41431012007));
#5836 = CARTESIAN_POINT('',(96.414316809333,-81.86402940377,
    -66.41431680945));
#5837 = CARTESIAN_POINT('',(-56.95186516922,-30.45533222834,
    86.951865169619));
#5838 = CARTESIAN_POINT('',(-56.95185849012,-30.45533442784,
    86.951858490511));
#5839 = CARTESIAN_POINT('',(-56.95185191185,-30.45533659413,
    86.95185191225));
#5840 = CARTESIAN_POINT('',(-56.95184543444,-30.45533872721,
    86.951845434835));
#5841 = CARTESIAN_POINT('',(-56.95183905787,-30.45534082708,
    86.951839058267));
#5842 = CARTESIAN_POINT('',(-56.95183278215,-30.45534289375,
    86.951832782545));
#5843 = CARTESIAN_POINT('',(-56.95182660727,-30.4553449272,
    86.95182660767));
#5844 = CARTESIAN_POINT('',(-56.95182053325,-30.45534692744,
    86.951820533642));
#5845 = CARTESIAN_POINT('',(-56.95181456007,-30.45534889447,
    86.95181456046));
#5846 = CARTESIAN_POINT('',(-56.95180868773,-30.4553508283,
    86.951808688125));
#5847 = CARTESIAN_POINT('',(-56.95180291624,-30.45535272891,
    86.951802916636));
#5848 = CARTESIAN_POINT('',(-56.9517972456,-30.45535459631,
    86.951797245994));
#5849 = CARTESIAN_POINT('',(-56.9517916758,-30.4553564305,
    86.951791676199));
#5850 = CARTESIAN_POINT('',(-56.95178620686,-30.45535823149,
    86.95178620725));
#5851 = CARTESIAN_POINT('',(-51.5706819606,-32.22741325332,
    81.570681846196));
#5852 = CARTESIAN_POINT('',(-46.28171029417,-33.98284772397,
    76.281710835029));
#5853 = CARTESIAN_POINT('',(-41.08486698983,-35.72165354716,
    71.084865436665));
#5854 = CARTESIAN_POINT('',(-35.9801490848,-37.44385795459,
    65.980152396315));
#5855 = CARTESIAN_POINT('',(-30.96756253228,-39.14940376103,
    60.96755691006));
#5856 = CARTESIAN_POINT('',(-26.04709776642,-40.83838871787,
    56.047105598677));
#5857 = CARTESIAN_POINT('',(-21.21876764968,-42.51067489806,
    51.21875861315));
#5858 = CARTESIAN_POINT('',(-16.48255756549,-44.16642572399,
    46.482566187449));
#5859 = CARTESIAN_POINT('',(-11.83848178578,-45.80547852698,
    41.838475043505));
#5860 = CARTESIAN_POINT('',(-7.286528397841,-47.42796970789,
    37.286532649524));
#5861 = CARTESIAN_POINT('',(-2.826705932834,-49.03380401789,
    32.826703841405));
#5862 = CARTESIAN_POINT('',(1.540990762176,-50.62303622287,
    28.459009984061));
#5863 = CARTESIAN_POINT('',(5.816559043401,-52.19564155973,
    24.183440802375));
#5864 = CARTESIAN_POINT('',(15.61201243883,-55.83895708624,
    14.387987753193));
#5865 = CARTESIAN_POINT('',(21.35950080006,-57.9507266678,8.640498326997
    ));
#5866 = CARTESIAN_POINT('',(25.797113293615,-59.82618035351,
    4.202889249067));
#5867 = CARTESIAN_POINT('',(36.240714824672,-62.78517088173,
    -6.240720393644));
#5868 = CARTESIAN_POINT('',(30.082879148524,-62.74911157404,
    -8.286943929769E-02));
#5869 = CARTESIAN_POINT('',(53.490726375672,-68.04696588713,
    -23.49074017077));
#5870 = CARTESIAN_POINT('',(41.609153274731,-66.97828711771,
    -11.60913714021));
#5871 = CARTESIAN_POINT('',(61.314368812532,-71.6081640177,
    -31.31438436532));
#5872 = CARTESIAN_POINT('',(60.159006599103,-72.4745800282,
    -30.15899431685));
#5873 = CARTESIAN_POINT('',(69.824325995919,-75.29317131605,
    -39.82433381469));
#5874 = CARTESIAN_POINT('',(75.638541849105,-77.41696802723,
    -45.63853796221));
#5875 = CARTESIAN_POINT('',(82.696290578162,-79.76512176532,
    -52.69629198592));
#5876 = CARTESIAN_POINT('',(89.733129510509,-82.10949837616,
    -59.73312920357));
#5877 = CARTESIAN_POINT('',(96.951784095736,-84.48667901494,
    -66.9517840956));
#5878 = CARTESIAN_POINT('',(96.951789564684,-84.48668081592,
    -66.95178956455));
#5879 = CARTESIAN_POINT('',(96.951795134479,-84.48668265012,
    -66.95179513434));
#5880 = CARTESIAN_POINT('',(96.951800805121,-84.48668451752,
    -66.95180080498));
#5881 = CARTESIAN_POINT('',(96.951806576609,-84.48668641813,
    -66.95180657647));
#5882 = CARTESIAN_POINT('',(96.951812448944,-84.48668835196,
    -66.95181244881));
#5883 = CARTESIAN_POINT('',(96.951818422126,-84.48669031899,
    -66.95181842199));
#5884 = CARTESIAN_POINT('',(96.951824496154,-84.48669231923,
    -66.95182449602));
#5885 = CARTESIAN_POINT('',(96.951830671029,-84.48669435269,
    -66.95183067089));
#5886 = CARTESIAN_POINT('',(96.95183694675,-84.48669641935,
    -66.95183694661));
#5887 = CARTESIAN_POINT('',(96.951843323318,-84.48669851922,
    -66.95184332318));
#5888 = CARTESIAN_POINT('',(96.951849800732,-84.4867006523,
    -66.9518498006));
#5889 = CARTESIAN_POINT('',(96.951856378993,-84.4867028186,
    -66.95185637886));
#5890 = CARTESIAN_POINT('',(96.951863058101,-84.4867050181,
    -66.95186305797));
#5891 = CARTESIAN_POINT('',(-57.54210728847,-38.69023929585,
    87.542107288156));
#5892 = CARTESIAN_POINT('',(-57.54210062395,-38.69024123106,
    87.542100623636));
#5893 = CARTESIAN_POINT('',(-57.54209405268,-38.69024313918,
    87.542094052369));
#5894 = CARTESIAN_POINT('',(-57.54208757467,-38.69024502023,
    87.542087574356));
#5895 = CARTESIAN_POINT('',(-57.54208118991,-38.69024687419,
    87.542081189597));
#5896 = CARTESIAN_POINT('',(-57.54207489841,-38.69024870108,
    87.542074898092));
#5897 = CARTESIAN_POINT('',(-57.54206870016,-38.69025050089,
    87.542068699841));
#5898 = CARTESIAN_POINT('',(-57.54206259516,-38.69025227362,
    87.542062594844));
#5899 = CARTESIAN_POINT('',(-57.54205658342,-38.69025401927,
    87.542056583101));
#5900 = CARTESIAN_POINT('',(-57.54205066493,-38.69025573785,
    87.542050664612));
#5901 = CARTESIAN_POINT('',(-57.54204483969,-38.69025742934,
    87.542044839376));
#5902 = CARTESIAN_POINT('',(-57.54203910771,-38.69025909376,
    87.542039107395));
#5903 = CARTESIAN_POINT('',(-57.54203346898,-38.6902607311,
    87.542033468668));
#5904 = CARTESIAN_POINT('',(-57.54202792351,-38.69026234136,
    87.542027923195));
#5905 = CARTESIAN_POINT('',(-52.07660277213,-40.27727856328,
    82.076602867449));
#5906 = CARTESIAN_POINT('',(-46.70979707975,-41.84955301058,
    76.70979662905));
#5907 = CARTESIAN_POINT('',(-41.4416044785,-43.40709568214,
    71.44160577372));
#5908 = CARTESIAN_POINT('',(-36.27202732947,-44.94988337857,
    66.272024564686));
#5909 = CARTESIAN_POINT('',(-31.20106089699,-46.47796486337,
    61.201065598275));
#5910 = CARTESIAN_POINT('',(-26.22871277712,-47.99125677831,
    56.228706217178));
#5911 = CARTESIAN_POINT('',(-21.35497278627,-49.48987681943,
    51.354980366549));
#5912 = CARTESIAN_POINT('',(-16.57985246509,-50.97368548819,
    46.579845222157));
#5913 = CARTESIAN_POINT('',(-11.90334057568,-52.44282173094,
    41.903346247293));
#5914 = CARTESIAN_POINT('',(-7.325446483158,-53.89716900308,
    37.325442902551));
#5915 = CARTESIAN_POINT('',(-2.846163486653,-55.33680873788,
    32.84616524904));
#5916 = CARTESIAN_POINT('',(1.534504361346,-56.7616941151,
    28.465495010235));
#5917 = CARTESIAN_POINT('',(5.816559145437,-58.1718463254,
    24.183440983687));
#5918 = CARTESIAN_POINT('',(15.61201223892,-61.43917894078,
    14.38798760195));
#5919 = CARTESIAN_POINT('',(21.369040088271,-63.33277338548,
    8.630960629683));
#5920 = CARTESIAN_POINT('',(25.723965030094,-65.01681524382,
    4.276032885129));
#5921 = CARTESIAN_POINT('',(36.507743002118,-67.6616944276,
    -6.507738445636));
#5922 = CARTESIAN_POINT('',(29.521237005365,-67.6506749488,
    0.478755064494));
#5923 = CARTESIAN_POINT('',(54.182022959553,-72.36957728576,
    -24.18201170911));
#5924 = CARTESIAN_POINT('',(41.06878051277,-71.44287667439,
    -11.06879365439));
#5925 = CARTESIAN_POINT('',(61.766267827984,-75.56942608285,
    -31.76625517368));
#5926 = CARTESIAN_POINT('',(60.134409494613,-76.35871116601,
    -30.13441947877));
#5927 = CARTESIAN_POINT('',(70.085131678996,-78.87907593095,
    -40.08512532856));
#5928 = CARTESIAN_POINT('',(75.913565034339,-80.78335149157,
    -45.91356818862));
#5929 = CARTESIAN_POINT('',(83.073108841627,-82.88656109625,
    -53.07310770006));
#5930 = CARTESIAN_POINT('',(90.210259484506,-84.98642788948,
    -60.21025973326));
#5931 = CARTESIAN_POINT('',(97.542029424693,-87.11538114328,
    -67.5420294248));
#5932 = CARTESIAN_POINT('',(97.542034970167,-87.11538275354,
    -67.54203497027));
#5933 = CARTESIAN_POINT('',(97.542040608894,-87.11538439088,
    -67.542040609));
#5934 = CARTESIAN_POINT('',(97.542046340876,-87.1153860553,
    -67.54204634098));
#5935 = CARTESIAN_POINT('',(97.542052166111,-87.11538774679,
    -67.54205216622));
#5936 = CARTESIAN_POINT('',(97.5420580846,-87.11538946537,
    -67.54205808471));
#5937 = CARTESIAN_POINT('',(97.542064096343,-87.11539121102,
    -67.54206409645));
#5938 = CARTESIAN_POINT('',(97.542070201341,-87.11539298375,
    -67.54207020145));
#5939 = CARTESIAN_POINT('',(97.542076399592,-87.11539478356,
    -67.5420763997));
#5940 = CARTESIAN_POINT('',(97.542082691097,-87.11539661045,
    -67.5420826912));
#5941 = CARTESIAN_POINT('',(97.542089075856,-87.11539846441,
    -67.54208907596));
#5942 = CARTESIAN_POINT('',(97.542095553869,-87.11540034546,
    -67.54209555397));
#5943 = CARTESIAN_POINT('',(97.542102125137,-87.11540225358,
    -67.54210212524));
#5944 = CARTESIAN_POINT('',(97.542108789658,-87.11540418878,
    -67.54210878976));
#5945 = CARTESIAN_POINT('',(-58.19438141615,-48.03396198503,
    88.194381416364));
#5946 = CARTESIAN_POINT('',(-58.19437477472,-48.0339636184,
    88.194374774929));
#5947 = CARTESIAN_POINT('',(-58.19436821761,-48.03396523104,
    88.194368217821));
#5948 = CARTESIAN_POINT('',(-58.19436174483,-48.03396682294,
    88.194361745042));
#5949 = CARTESIAN_POINT('',(-58.19435535638,-48.0339683941,
    88.19435535659));
#5950 = CARTESIAN_POINT('',(-58.19434905225,-48.03396994451,
    88.194349052465));
#5951 = CARTESIAN_POINT('',(-58.19434283246,-48.03397147419,
    88.194342832668));
#5952 = CARTESIAN_POINT('',(-58.19433669699,-48.03397298313,
    88.194336697199));
#5953 = CARTESIAN_POINT('',(-58.19433064585,-48.03397447133,
    88.194330646058));
#5954 = CARTESIAN_POINT('',(-58.19432467903,-48.03397593879,
    88.194324679244));
#5955 = CARTESIAN_POINT('',(-58.19431879655,-48.03397738552,
    88.194318796757));
#5956 = CARTESIAN_POINT('',(-58.19431299839,-48.0339788115,
    88.194312998599));
#5957 = CARTESIAN_POINT('',(-58.19430728456,-48.03398021674,
    88.194307284768));
#5958 = CARTESIAN_POINT('',(-58.19430165505,-48.03398160125,
    88.194301655264));
#5959 = CARTESIAN_POINT('',(-52.63569483375,-49.40104946532,
    82.635694769892));
#5960 = CARTESIAN_POINT('',(-47.18287497361,-50.75553618665,
    77.18287527558));
#5961 = CARTESIAN_POINT('',(-41.83583710002,-52.09743740683,
    71.835836232043));
#5962 = CARTESIAN_POINT('',(-36.59457973947,-53.42676886498,
    66.594581593096));
#5963 = CARTESIAN_POINT('',(-31.45910583716,-54.74349744403,
    61.459102683438));
#5964 = CARTESIAN_POINT('',(-26.42941068301,-56.04767973843,
    56.429415085714));
#5965 = CARTESIAN_POINT('',(-21.50550056185,-57.3392358009,
    51.505495472613));
#5966 = CARTESIAN_POINT('',(-16.68736837991,-58.6182603886,
    46.687373243917));
#5967 = CARTESIAN_POINT('',(-11.97502101824,-59.88465907865,
    41.975017208595));
#5968 = CARTESIAN_POINT('',(-7.368452753417,-61.13851106792,
    37.368455158769));
#5969 = CARTESIAN_POINT('',(-2.867667677235,-62.37976099451,
    32.867666493708));
#5970 = CARTESIAN_POINT('',(1.527336691416,-63.60844067602,
    28.472663729936));
#5971 = CARTESIAN_POINT('',(5.816559070808,-64.82453569751,
    24.18344084325));
#5972 = CARTESIAN_POINT('',(15.61201238673,-67.64254522416,
    14.387987717896));
#5973 = CARTESIAN_POINT('',(21.379579799354,-69.27554024822,
    8.620419732796));
#5974 = CARTESIAN_POINT('',(25.643135622744,-70.72965693989,4.3568657311
    ));
#5975 = CARTESIAN_POINT('',(36.802819828511,-73.00395441241,
    -6.802822781178));
#5976 = CARTESIAN_POINT('',(28.900594497065,-73.0111553151,
    1.099410633578));
#5977 = CARTESIAN_POINT('',(54.945933493434,-77.05585151902,
    -24.94594076323));
#5978 = CARTESIAN_POINT('',(40.471660895981,-76.28141405062,
    -10.47165241202));
#5979 = CARTESIAN_POINT('',(62.265614486156,-79.8204847378,
    -32.26562265002));
#5980 = CARTESIAN_POINT('',(60.107260491935,-80.51081465504,
    -30.10725405389));
#5981 = CARTESIAN_POINT('',(70.373322256659,-82.67883599464,
    -40.37332634974));
#5982 = CARTESIAN_POINT('',(76.217500037521,-84.32093670606,
    -46.21749800543));
#5983 = CARTESIAN_POINT('',(83.48952116771,-86.13286218518,
    -53.48952190279));
#5984 = CARTESIAN_POINT('',(90.737529712909,-87.94192906469,
    -60.73752955278));
#5985 = CARTESIAN_POINT('',(98.19430091819,-89.77582643663,
    -68.19430091812));
#5986 = CARTESIAN_POINT('',(98.194306547694,-89.77582782114,
    -68.19430654762));
#5987 = CARTESIAN_POINT('',(98.194312261525,-89.77582922638,
    -68.19431226145));
#5988 = CARTESIAN_POINT('',(98.194318059683,-89.77583065236,
    -68.19431805961));
#5989 = CARTESIAN_POINT('',(98.19432394217,-89.77583209909,
    -68.19432394209));
#5990 = CARTESIAN_POINT('',(98.194329908983,-89.77583356655,
    -68.19432990891));
#5991 = CARTESIAN_POINT('',(98.194335960125,-89.77583505475,
    -68.19433596005));
#5992 = CARTESIAN_POINT('',(98.194342095594,-89.77583656369,
    -68.19434209552));
#5993 = CARTESIAN_POINT('',(98.19434831539,-89.77583809337,
    -68.19434831532));
#5994 = CARTESIAN_POINT('',(98.194354619515,-89.77583964379,
    -68.19435461944));
#5995 = CARTESIAN_POINT('',(98.194361007967,-89.77584121494,
    -68.19436100789));
#5996 = CARTESIAN_POINT('',(98.194367480746,-89.77584280684,
    -68.19436748067));
#5997 = CARTESIAN_POINT('',(98.194374037853,-89.77584441948,
    -68.19437403778));
#5998 = CARTESIAN_POINT('',(98.194380679288,-89.77584605285,
    -68.19438067921));
#5999 = CARTESIAN_POINT('',(-58.92056865768,-58.67558976589,
    88.920568657577));
#6000 = CARTESIAN_POINT('',(-58.92056205336,-58.67559105705,
    88.920562053255));
#6001 = CARTESIAN_POINT('',(-58.92055552255,-58.67559233384,
    88.920555522445));
#6002 = CARTESIAN_POINT('',(-58.92054906525,-58.67559359625,
    88.920549065146));
#6003 = CARTESIAN_POINT('',(-58.92054268146,-58.67559484429,
    88.92054268136));
#6004 = CARTESIAN_POINT('',(-58.92053637119,-58.67559607797,
    88.920536371086));
#6005 = CARTESIAN_POINT('',(-58.92053013442,-58.67559729727,
    88.920530134323));
#6006 = CARTESIAN_POINT('',(-58.92052397117,-58.67559850219,
    88.920523971073));
#6007 = CARTESIAN_POINT('',(-58.92051788144,-58.67559969275,
    88.920517881335));
#6008 = CARTESIAN_POINT('',(-58.92051186521,-58.67560086893,
    88.920511865108));
#6009 = CARTESIAN_POINT('',(-58.92050592249,-58.67560203075,
    88.920505922394));
#6010 = CARTESIAN_POINT('',(-58.92050005329,-58.67560317819,
    88.920500053192));
#6011 = CARTESIAN_POINT('',(-58.9204942576,-58.67560431126,
    88.920494257501));
#6012 = CARTESIAN_POINT('',(-58.92048853542,-58.67560542995,
    88.920488535323));
#6013 = CARTESIAN_POINT('',(-53.25814047487,-59.7826059029,
    83.258140508047));
#6014 = CARTESIAN_POINT('',(-47.70955978676,-60.87950277086,
    77.709559629936));
#6015 = CARTESIAN_POINT('',(-42.27474054746,-61.96630014476,
    72.274740998228));
#6016 = CARTESIAN_POINT('',(-36.95368346852,-63.04298977486,
    66.953682505922));
#6017 = CARTESIAN_POINT('',(-31.74638713388,-64.1095890367,
    61.746388771616));
#6018 = CARTESIAN_POINT('',(-26.65285380012,-65.16606825108,
    56.652851514107));
#6019 = CARTESIAN_POINT('',(-21.6730804736,-66.21246935771,
    51.673083115392));
#6020 = CARTESIAN_POINT('',(-16.80707051664,-67.24874265867,
    46.807067992628));
#6021 = CARTESIAN_POINT('',(-12.05482068373,-68.27493768758,
    42.054822659946));
#6022 = CARTESIAN_POINT('',(-7.416333667567,-69.29101290924,
    37.416332420376));
#6023 = CARTESIAN_POINT('',(-2.891607545847,-70.29699736573,
    32.891608159015));
#6024 = CARTESIAN_POINT('',(1.519356512625,-71.29287437658,
    28.480643269515));
#6025 = CARTESIAN_POINT('',(5.816559114112,-72.27865150507,
    24.18344092997));
#6026 = CARTESIAN_POINT('',(15.61201229985,-74.56317674583,
    14.387987647185));
#6027 = CARTESIAN_POINT('',(21.391315275149,-75.88688235286,
    8.60868495944));
#6028 = CARTESIAN_POINT('',(25.553142524948,-77.06695931738,
    4.446856798568));
#6029 = CARTESIAN_POINT('',(37.1313437958,-78.9055976384,-7.131342323248
    ));
#6030 = CARTESIAN_POINT('',(28.209605437097,-78.92387446863,
    1.79039200736));
#6031 = CARTESIAN_POINT('',(55.796433575814,-82.18405390841,
    -25.7964299577));
#6032 = CARTESIAN_POINT('',(39.806847886461,-81.57471876126,
    -9.806852106987));
#6033 = CARTESIAN_POINT('',(62.821575635302,-84.42890002225,
    -32.8215715746));
#6034 = CARTESIAN_POINT('',(60.077012394322,-84.99570450622,
    -30.07701559671));
#6035 = CARTESIAN_POINT('',(70.694185916657,-86.74900235936,
    -40.69418388056));
#6036 = CARTESIAN_POINT('',(76.55587001058,-88.08002620483,
    -46.55587102141));
#6037 = CARTESIAN_POINT('',(83.953124662109,-89.54740289717,
    -53.95312429649));
#6038 = CARTESIAN_POINT('',(91.324550389413,-91.01248744728,
    -61.32455046904));
#6039 = CARTESIAN_POINT('',(98.920488765639,-92.49750852826,
    -68.92048876567));
#6040 = CARTESIAN_POINT('',(98.920494487818,-92.49750964696,
    -68.92049448785));
#6041 = CARTESIAN_POINT('',(98.920500283508,-92.49751078003,
    -68.92050028354));
#6042 = CARTESIAN_POINT('',(98.92050615271,-92.49751192747,
    -68.92050615274));
#6043 = CARTESIAN_POINT('',(98.920512095425,-92.49751308928,
    -68.92051209545));
#6044 = CARTESIAN_POINT('',(98.920518111651,-92.49751426547,
    -68.92051811168));
#6045 = CARTESIAN_POINT('',(98.92052420139,-92.49751545602,
    -68.92052420142));
#6046 = CARTESIAN_POINT('',(98.92053036464,-92.49751666095,
    -68.92053036467));
#6047 = CARTESIAN_POINT('',(98.920536601403,-92.49751788025,
    -68.92053660143));
#6048 = CARTESIAN_POINT('',(98.920542911677,-92.49751911392,
    -68.92054291171));
#6049 = CARTESIAN_POINT('',(98.920549295463,-92.49752036196,
    -68.92054929549));
#6050 = CARTESIAN_POINT('',(98.920555752762,-92.49752162438,
    -68.92055575279));
#6051 = CARTESIAN_POINT('',(98.920562283572,-92.49752290117,
    -68.9205622836));
#6052 = CARTESIAN_POINT('',(98.920568887895,-92.49752419232,
    -68.92056888792));
#6053 = CARTESIAN_POINT('',(-59.73630498113,-70.8671056745,
    89.736304981178));
#6054 = CARTESIAN_POINT('',(-59.73629843534,-70.8671065804,
    89.736298435388));
#6055 = CARTESIAN_POINT('',(-59.73629194962,-70.86710747798,
    89.736291949664));
#6056 = CARTESIAN_POINT('',(-59.73628552396,-70.86710836726,
    89.736285524008));
#6057 = CARTESIAN_POINT('',(-59.73627915837,-70.86710924822,
    89.736279158418));
#6058 = CARTESIAN_POINT('',(-59.73627285285,-70.86711012086,
    89.736272852896));
#6059 = CARTESIAN_POINT('',(-59.7362666074,-70.8671109852,
    89.736266607441));
#6060 = CARTESIAN_POINT('',(-59.73626042201,-70.86711184122,
    89.736260422053));
#6061 = CARTESIAN_POINT('',(-59.73625429669,-70.86711268893,
    89.736254296732));
#6062 = CARTESIAN_POINT('',(-59.73624823143,-70.86711352832,
    89.736248231478));
#6063 = CARTESIAN_POINT('',(-59.73624222625,-70.86711435941,
    89.736242226291));
#6064 = CARTESIAN_POINT('',(-59.73623628113,-70.86711518218,
    89.736236281171));
#6065 = CARTESIAN_POINT('',(-59.73623039608,-70.86711599663,
    89.736230396119));
#6066 = CARTESIAN_POINT('',(-59.73622457109,-70.86711680278,
    89.736224571133));
#6067 = CARTESIAN_POINT('',(-53.95734274255,-71.66688000037,
    83.957342730083));
#6068 = CARTESIAN_POINT('',(-48.30119243784,-72.45940171696,
    78.301192496804));
#6069 = CARTESIAN_POINT('',(-42.76776798889,-73.2446816051,
    72.767767819467));
#6070 = CARTESIAN_POINT('',(-37.35706914462,-74.02272280048,
    67.357069506338));
#6071 = CARTESIAN_POINT('',(-32.0690964023,-74.79351869369,
    62.069095787089));
#6072 = CARTESIAN_POINT('',(-26.90384897272,-75.5570805682,
    56.90384983113));
#6073 = CARTESIAN_POINT('',(-21.86132789618,-76.31339247726,
    51.861326904702));
#6074 = CARTESIAN_POINT('',(-16.94153201071,-77.06247331048,
    46.941532957454));
#6075 = CARTESIAN_POINT('',(-12.14446243173,-77.80430424085,
    42.144461690918));
#6076 = CARTESIAN_POINT('',(-7.470118236601,-78.53890104836,
    37.470118703805));
#6077 = CARTESIAN_POINT('',(-2.918500082707,-79.26625269935,
    32.918499853244));
#6078 = CARTESIAN_POINT('',(1.510392430597,-79.98636552623,
    28.489607650761));
#6079 = CARTESIAN_POINT('',(5.816559094781,-80.69923665636,
    24.183440888884));
#6080 = CARTESIAN_POINT('',(15.612012339107,-82.35145777113,
    14.38798768027));
#6081 = CARTESIAN_POINT('',(21.404497114495,-83.30869658388,
    8.59550280048));
#6082 = CARTESIAN_POINT('',(25.45205441636,-84.16298276239,
    4.547945828017));
#6083 = CARTESIAN_POINT('',(37.50037389996,-85.48932199525,
    -7.500374431019));
#6084 = CARTESIAN_POINT('',(27.433417305462,-85.51083832252,
    2.566583615278));
#6085 = CARTESIAN_POINT('',(56.751798209793,-87.85612772379,
    -26.75179951275));
#6086 = CARTESIAN_POINT('',(39.060070430723,-87.42777456717,
    -9.060068910889));
#6087 = CARTESIAN_POINT('',(63.44607825665,-89.48205028082,
    -33.44607971934));
#6088 = CARTESIAN_POINT('',(60.043046727736,-89.89674302644,
    -30.04304557366));
#6089 = CARTESIAN_POINT('',(71.054607914273,-91.16191353992,
    -41.05460864838));
#6090 = CARTESIAN_POINT('',(76.935969194045,-92.12439508069,
    -46.93596882946));
#6091 = CARTESIAN_POINT('',(84.473894719721,-93.1846167647,
    -54.4738948516));
#6092 = CARTESIAN_POINT('',(91.983958272384,-94.24319401895,
    -61.98395824365));
#6093 = CARTESIAN_POINT('',(99.736224535054,-95.31606207107,
    -69.73622453504));
#6094 = CARTESIAN_POINT('',(99.73623036004,-95.31606287722,
    -69.73623036002));
#6095 = CARTESIAN_POINT('',(99.736236245092,-95.31606369168,
    -69.73623624508));
#6096 = CARTESIAN_POINT('',(99.736242190212,-95.31606451444,
    -69.7362421902));
#6097 = CARTESIAN_POINT('',(99.736248195399,-95.31606534553,
    -69.73624819538));
#6098 = CARTESIAN_POINT('',(99.736254260653,-95.31606618492,
    -69.73625426064));
#6099 = CARTESIAN_POINT('',(99.736260385974,-95.31606703263,
    -69.73626038596));
#6100 = CARTESIAN_POINT('',(99.736266571362,-95.31606788865,
    -69.73626657135));
#6101 = CARTESIAN_POINT('',(99.736272816817,-95.31606875299,
    -69.7362728168));
#6102 = CARTESIAN_POINT('',(99.736279122339,-95.31606962563,
    -69.73627912232));
#6103 = CARTESIAN_POINT('',(99.736285487929,-95.31607050659,
    -69.73628548791));
#6104 = CARTESIAN_POINT('',(99.736291913585,-95.31607139587,
    -69.73629191357));
#6105 = CARTESIAN_POINT('',(99.736298399308,-95.31607229345,
    -69.73629839929));
#6106 = CARTESIAN_POINT('',(99.736304945099,-95.31607319935,
    -69.73630494508));
#6107 = CARTESIAN_POINT('',(-60.66277030873,-84.95281595221,
    90.662770308727));
#6108 = CARTESIAN_POINT('',(-60.66276385293,-84.95281642795,
    90.662763852922));
#6109 = CARTESIAN_POINT('',(-60.66275744011,-84.95281690053,
    90.662757440106));
#6110 = CARTESIAN_POINT('',(-60.66275107028,-84.95281736994,
    90.662751070279));
#6111 = CARTESIAN_POINT('',(-60.66274474344,-84.95281783618,
    90.662744743441));
#6112 = CARTESIAN_POINT('',(-60.6627384596,-84.95281829925,
    90.662738459591));
#6113 = CARTESIAN_POINT('',(-60.66273221873,-84.95281875916,
    90.66273221873));
#6114 = CARTESIAN_POINT('',(-60.66272602086,-84.9528192159,
    90.662726020858));
#6115 = CARTESIAN_POINT('',(-60.66271986598,-84.95281966947,
    90.662719865974));
#6116 = CARTESIAN_POINT('',(-60.66271375408,-84.95282011987,
    90.662713754079));
#6117 = CARTESIAN_POINT('',(-60.66270768518,-84.9528205671,
    90.662707685173));
#6118 = CARTESIAN_POINT('',(-60.66270165926,-84.95282101117,
    90.662701659256));
#6119 = CARTESIAN_POINT('',(-60.66269567633,-84.95282145207,
    90.662695676328));
#6120 = CARTESIAN_POINT('',(-60.66268973639,-84.9528218898,
    90.662689736388));
#6121 = CARTESIAN_POINT('',(-54.7514556189,-85.38843641243,
    84.751455621692));
#6122 = CARTESIAN_POINT('',(-48.97313412021,-85.82013562152,
    78.973134107056));
#6123 = CARTESIAN_POINT('',(-43.32771932157,-86.24792021096,
    73.327719359398));
#6124 = CARTESIAN_POINT('',(-37.81521127965,-86.67178947177,
    67.815211198908));
#6125 = CARTESIAN_POINT('',(-32.43560988242,-87.09174489918,
    62.435610019774));
#6126 = CARTESIAN_POINT('',(-27.18891530752,-87.50778394137,
    57.188915115856));
#6127 = CARTESIAN_POINT('',(-22.07512732148,-87.91991020546,
    52.075127542882));
#6128 = CARTESIAN_POINT('',(-17.0942461843,-88.32811941924,
    47.094245972911));
#6129 = CARTESIAN_POINT('',(-12.24627164746,-88.73241584137,
    42.246271812852));
#6130 = CARTESIAN_POINT('',(-7.531203915775,-89.13279590296,
    37.531203811504));
#6131 = CARTESIAN_POINT('',(-2.949042843942,-89.52926209983,
    32.949042895124));
#6132 = CARTESIAN_POINT('',(1.500211479713,-89.92181300017,
    28.499788502165));
#6133 = CARTESIAN_POINT('',(5.816559100963,-90.31044925377,
    24.183440902657));
#6134 = CARTESIAN_POINT('',(15.612012326447,-91.21126762382,
    14.387987669297));
#6135 = CARTESIAN_POINT('',(21.419468604338,-91.7331214691,
    8.580531414213));
#6136 = CARTESIAN_POINT('',(25.337243452306,-92.19931405911,
    4.662756494486));
#6137 = CARTESIAN_POINT('',(37.919498972069,-92.92072222817,
    -7.919498856547));
#6138 = CARTESIAN_POINT('',(26.551864255353,-92.93667708429,
    3.448135544431));
#6139 = CARTESIAN_POINT('',(57.836851274241,-94.20898154256,
    -27.83685099092));
#6140 = CARTESIAN_POINT('',(38.211917463197,-93.98171456547,
    -8.211917793766));
#6141 = CARTESIAN_POINT('',(64.155358551268,-95.09668145968,
    -34.15535823295));
#6142 = CARTESIAN_POINT('',(60.004465243966,-95.32520860711,
    -30.00446549529));
#6143 = CARTESIAN_POINT('',(71.463957641435,-96.01354512252,
    -41.46395748145));
#6144 = CARTESIAN_POINT('',(77.367662034447,-96.53823422884,
    -47.36766211394));
#6145 = CARTESIAN_POINT('',(85.065355647815,-97.11576571152,
    -55.06535561904));
#6146 = CARTESIAN_POINT('',(92.732875229551,-97.6924085302,
    -62.73287523581));
#6147 = CARTESIAN_POINT('',(100.66268973638,-98.2767775795,
    -70.66268973638));
#6148 = CARTESIAN_POINT('',(100.66269567632,-98.27677801723,
    -70.66269567632));
#6149 = CARTESIAN_POINT('',(100.66270165925,-98.27677845812,
    -70.66270165925));
#6150 = CARTESIAN_POINT('',(100.66270768516,-98.27677890219,
    -70.66270768517));
#6151 = CARTESIAN_POINT('',(100.66271375407,-98.27677934942,
    -70.66271375407));
#6152 = CARTESIAN_POINT('',(100.66271986597,-98.27677979983,
    -70.66271986597));
#6153 = CARTESIAN_POINT('',(100.66272602085,-98.27678025339,
    -70.66272602085));
#6154 = CARTESIAN_POINT('',(100.66273221872,-98.27678071013,
    -70.66273221872));
#6155 = CARTESIAN_POINT('',(100.66273845958,-98.27678117004,
    -70.66273845958));
#6156 = CARTESIAN_POINT('',(100.66274474343,-98.27678163311,
    -70.66274474343));
#6157 = CARTESIAN_POINT('',(100.66275107027,-98.27678209935,
    -70.66275107027));
#6158 = CARTESIAN_POINT('',(100.6627574401,-98.27678256876,
    -70.6627574401));
#6159 = CARTESIAN_POINT('',(100.66276385291,-98.27678304134,
    -70.66276385292));
#6160 = CARTESIAN_POINT('',(100.66277030872,-98.27678351709,
    -70.66277030872));
#6161 = CARTESIAN_POINT('',(-61.73115560774,-101.4430506532,
    91.731155607749));
#6162 = CARTESIAN_POINT('',(-61.73114928744,-101.4430506532,
    91.731149287443));
#6163 = CARTESIAN_POINT('',(-61.73114298799,-101.4430506532,
    91.73114298799));
#6164 = CARTESIAN_POINT('',(-61.73113670939,-101.4430506532,
    91.731136709391));
#6165 = CARTESIAN_POINT('',(-61.73113045164,-101.4430506532,
    91.731130451646));
#6166 = CARTESIAN_POINT('',(-61.73112421475,-101.4430506532,
    91.731124214754));
#6167 = CARTESIAN_POINT('',(-61.73111799871,-101.4430506532,
    91.731117998716));
#6168 = CARTESIAN_POINT('',(-61.73111180353,-101.4430506532,
    91.731111803532));
#6169 = CARTESIAN_POINT('',(-61.7311056292,-101.4430506532,
    91.731105629201));
#6170 = CARTESIAN_POINT('',(-61.73109947572,-101.4430506532,
    91.731099475724));
#6171 = CARTESIAN_POINT('',(-61.7310933431,-101.4430506532,91.7310933431
    ));
#6172 = CARTESIAN_POINT('',(-61.73108723133,-101.4430506532,
    91.731087231331));
#6173 = CARTESIAN_POINT('',(-61.73108114041,-101.4430506532,
    91.731081140414));
#6174 = CARTESIAN_POINT('',(-61.73107507035,-101.4430506532,
    91.731075070352));
#6175 = CARTESIAN_POINT('',(-55.66721434683,-101.4430506531,
    85.667214346821));
#6176 = CARTESIAN_POINT('',(-49.74800688597,-101.4430506533,
    79.748006886026));
#6177 = CARTESIAN_POINT('',(-43.97344663831,-101.4430506528,
    73.973446638162));
#6178 = CARTESIAN_POINT('',(-38.34353360455,-101.4430506538,
    68.343533604878));
#6179 = CARTESIAN_POINT('',(-32.85826778319,-101.4430506521,
    62.858267782654));
#6180 = CARTESIAN_POINT('',(-27.51764917682,-101.4430506545,
    57.51764917754));
#6181 = CARTESIAN_POINT('',(-22.32167778176,-101.4430506518,
    52.321677780983));
#6182 = CARTESIAN_POINT('',(-17.27035360235,-101.4430506543,
    47.270353603048));
#6183 = CARTESIAN_POINT('',(-12.36367663432,-101.4430506524,
    42.363676633814));
#6184 = CARTESIAN_POINT('',(-7.601646881188,-101.4430506536,
    37.601646881486));
#6185 = CARTESIAN_POINT('',(-2.984264340527,-101.443050653,
    32.984264340393));
#6186 = CARTESIAN_POINT('',(1.488470986275,-101.4430506532,
    28.511529013767));
#6187 = CARTESIAN_POINT('',(5.816559099861,-101.4430506532,
    24.183440900134));
#6188 = CARTESIAN_POINT('',(15.612012328709,-101.4430506532,
    14.387987671292));
#6189 = CARTESIAN_POINT('',(21.436733398375,-101.4430506532,
    8.563266601642));
#6190 = CARTESIAN_POINT('',(25.20484552088,-101.4430506532,
    4.795154479047));
#6191 = CARTESIAN_POINT('',(38.402826856857,-101.4430506532,
    -8.402826856669));
#6192 = CARTESIAN_POINT('',(25.535272085404,-101.443050653,4.46472791424
    ));
#6193 = CARTESIAN_POINT('',(59.08811598457,-101.4430506535,
    -29.08811598404));
#6194 = CARTESIAN_POINT('',(37.233842594732,-101.4430506527,
    -7.233842595341));
#6195 = CARTESIAN_POINT('',(64.97328764125,-101.4430506537,
    -34.97328764068));
#6196 = CARTESIAN_POINT('',(59.959975242609,-101.4430506528,
    -29.95997524303));
#6197 = CARTESIAN_POINT('',(71.936012405913,-101.4430506534,
    -41.93601240566));
#6198 = CARTESIAN_POINT('',(77.865484036765,-101.4430506531,
    -47.86548403688));
#6199 = CARTESIAN_POINT('',(85.747419057844,-101.4430506532,
    -55.7474190578));
#6200 = CARTESIAN_POINT('',(93.596514714283,-101.4430506532,
    -63.59651471429));
#6201 = CARTESIAN_POINT('',(101.73107507035,-101.4430506532,
    -71.73107507035));
#6202 = CARTESIAN_POINT('',(101.73108114041,-101.4430506532,
    -71.73108114041));
#6203 = CARTESIAN_POINT('',(101.73108723133,-101.4430506532,
    -71.73108723133));
#6204 = CARTESIAN_POINT('',(101.7310933431,-101.4430506532,
    -71.7310933431));
#6205 = CARTESIAN_POINT('',(101.73109947572,-101.4430506532,
    -71.73109947572));
#6206 = CARTESIAN_POINT('',(101.7311056292,-101.4430506532,
    -71.7311056292));
#6207 = CARTESIAN_POINT('',(101.73111180353,-101.4430506532,
    -71.73111180353));
#6208 = CARTESIAN_POINT('',(101.73111799871,-101.4430506532,
    -71.73111799871));
#6209 = CARTESIAN_POINT('',(101.73112421475,-101.4430506532,
    -71.73112421475));
#6210 = CARTESIAN_POINT('',(101.73113045164,-101.4430506532,
    -71.73113045164));
#6211 = CARTESIAN_POINT('',(101.73113670939,-101.4430506532,
    -71.73113670939));
#6212 = CARTESIAN_POINT('',(101.73114298799,-101.4430506532,
    -71.73114298799));
#6213 = CARTESIAN_POINT('',(101.73114928744,-101.4430506532,
    -71.73114928744));
#6214 = CARTESIAN_POINT('',(101.73115560774,-101.4430506532,
    -71.73115560774));
#6215 = CARTESIAN_POINT('',(-61.73115621547,-101.4430600333,
    91.731156215476));
#6216 = CARTESIAN_POINT('',(-61.73114989516,-101.4430600333,
    91.731149895169));
#6217 = CARTESIAN_POINT('',(-61.73114359571,-101.4430600333,
    91.731143595717));
#6218 = CARTESIAN_POINT('',(-61.73113731711,-101.4430600333,
    91.731137317118));
#6219 = CARTESIAN_POINT('',(-61.73113105937,-101.4430600333,
    91.731131059373));
#6220 = CARTESIAN_POINT('',(-61.73112482248,-101.4430600333,
    91.731124822481));
#6221 = CARTESIAN_POINT('',(-61.73111860644,-101.4430600333,
    91.731118606443));
#6222 = CARTESIAN_POINT('',(-61.73111241125,-101.4430600333,
    91.731112411258));
#6223 = CARTESIAN_POINT('',(-61.73110623692,-101.4430600333,
    91.731106236928));
#6224 = CARTESIAN_POINT('',(-61.73110008345,-101.4430600333,
    91.731100083451));
#6225 = CARTESIAN_POINT('',(-61.73109395082,-101.4430600333,
    91.731093950827));
#6226 = CARTESIAN_POINT('',(-61.73108783905,-101.4430600333,
    91.731087839057));
#6227 = CARTESIAN_POINT('',(-61.73108174814,-101.4430600333,
    91.731081748141));
#6228 = CARTESIAN_POINT('',(-61.73107567807,-101.4430600333,
    91.731075678078));
#6229 = CARTESIAN_POINT('',(-55.66721486774,-101.4430597854,
    85.667214867729));
#6230 = CARTESIAN_POINT('',(-49.74800732674,-101.44305954,
    79.748007326795));
#6231 = CARTESIAN_POINT('',(-43.97344700562,-101.4430592963,
    73.973447005469));
#6232 = CARTESIAN_POINT('',(-38.34353390507,-101.4430590561,
    68.343533905402));
#6233 = CARTESIAN_POINT('',(-32.85826802361,-101.4430588155,
    62.858268023073));
#6234 = CARTESIAN_POINT('',(-27.51764936381,-101.4430585813,
    57.517649364533));
#6235 = CARTESIAN_POINT('',(-22.321677922,-101.4430583441,
    52.321677921228));
#6236 = CARTESIAN_POINT('',(-17.27035370252,-101.4430581145,
    47.270353703223));
#6237 = CARTESIAN_POINT('',(-12.3636767011,-101.4430578825,
    42.363676700597));
#6238 = CARTESIAN_POINT('',(-7.601646921258,-101.443057656,
    37.601646921555));
#6239 = CARTESIAN_POINT('',(-2.984264360562,-101.4430574299,
    32.984264360427));
#6240 = CARTESIAN_POINT('',(1.488470979597,-101.4430572068,
    28.511529020446));
#6241 = CARTESIAN_POINT('',(5.816559099861,-101.4430569857,
    24.183440900134));
#6242 = CARTESIAN_POINT('',(15.612012328709,-101.4430564733,
    14.387987671292));
#6243 = CARTESIAN_POINT('',(21.436733408196,-101.4430561764,
    8.563266591821));
#6244 = CARTESIAN_POINT('',(25.204845445569,-101.4430559113,
    4.795154554358));
#6245 = CARTESIAN_POINT('',(38.402827131787,-101.4430555009,
    -8.402827131599));
#6246 = CARTESIAN_POINT('',(25.535271507139,-101.4430554917,
    4.464728492506));
#6247 = CARTESIAN_POINT('',(59.088116696323,-101.4430547684,
    -29.0881166958));
#6248 = CARTESIAN_POINT('',(37.233842038377,-101.4430548969,
    -7.233842038985));
#6249 = CARTESIAN_POINT('',(64.97328810651,-101.4430542636,
    -34.97328810594));
#6250 = CARTESIAN_POINT('',(59.959975217302,-101.4430541328,
    -29.95997521772));
#6251 = CARTESIAN_POINT('',(71.936012674431,-101.4430537418,
    -41.93601267418));
#6252 = CARTESIAN_POINT('',(77.86548431994,-101.4430534431,
    -47.86548432005));
#6253 = CARTESIAN_POINT('',(85.747419445821,-101.4430531147,
    -55.74741944578));
#6254 = CARTESIAN_POINT('',(93.596515205545,-101.4430527866,
    -63.59651520555));
#6255 = CARTESIAN_POINT('',(101.73107567807,-101.4430524542,
    -71.73107567807));
#6256 = CARTESIAN_POINT('',(101.73108174814,-101.4430524542,
    -71.73108174814));
#6257 = CARTESIAN_POINT('',(101.73108783905,-101.4430524542,
    -71.73108783905));
#6258 = CARTESIAN_POINT('',(101.73109395082,-101.4430524542,
    -71.73109395082));
#6259 = CARTESIAN_POINT('',(101.73110008345,-101.4430524542,
    -71.73110008345));
#6260 = CARTESIAN_POINT('',(101.73110623692,-101.4430524542,
    -71.73110623692));
#6261 = CARTESIAN_POINT('',(101.73111241125,-101.4430524542,
    -71.73111241125));
#6262 = CARTESIAN_POINT('',(101.73111860644,-101.4430524542,
    -71.73111860644));
#6263 = CARTESIAN_POINT('',(101.73112482248,-101.4430524542,
    -71.73112482248));
#6264 = CARTESIAN_POINT('',(101.73113105937,-101.4430524542,
    -71.73113105937));
#6265 = CARTESIAN_POINT('',(101.73113731711,-101.4430524542,
    -71.73113731711));
#6266 = CARTESIAN_POINT('',(101.73114359571,-101.4430524542,
    -71.73114359571));
#6267 = CARTESIAN_POINT('',(101.73114989516,-101.4430524542,
    -71.73114989516));
#6268 = CARTESIAN_POINT('',(101.73115621547,-101.4430524542,
    -71.73115621547));
#6269 = CARTESIAN_POINT('',(-61.7311568232,-101.4430694134,
    91.731156823202));
#6270 = CARTESIAN_POINT('',(-61.73115050289,-101.4430694134,
    91.731150502896));
#6271 = CARTESIAN_POINT('',(-61.73114420344,-101.4430694134,
    91.731144203443));
#6272 = CARTESIAN_POINT('',(-61.73113792484,-101.4430694134,
    91.731137924844));
#6273 = CARTESIAN_POINT('',(-61.73113166709,-101.4430694134,
    91.731131667099));
#6274 = CARTESIAN_POINT('',(-61.7311254302,-101.4430694134,
    91.731125430208));
#6275 = CARTESIAN_POINT('',(-61.73111921417,-101.4430694134,
    91.73111921417));
#6276 = CARTESIAN_POINT('',(-61.73111301898,-101.4430694134,
    91.731113018985));
#6277 = CARTESIAN_POINT('',(-61.73110684465,-101.4430694134,
    91.731106844654));
#6278 = CARTESIAN_POINT('',(-61.73110069117,-101.4430694134,
    91.731100691177));
#6279 = CARTESIAN_POINT('',(-61.73109455855,-101.4430694134,
    91.731094558554));
#6280 = CARTESIAN_POINT('',(-61.73108844678,-101.4430694134,
    91.731088446784));
#6281 = CARTESIAN_POINT('',(-61.73108235586,-101.4430694134,
    91.731082355868));
#6282 = CARTESIAN_POINT('',(-61.7310762858,-101.4430694134,
    91.731076285805));
#6283 = CARTESIAN_POINT('',(-55.66721539108,-101.4430689605,
    85.667215391077));
#6284 = CARTESIAN_POINT('',(-49.74800777172,-101.4430685117,
    79.748007771776));
#6285 = CARTESIAN_POINT('',(-43.9734473783,-101.4430680662,
    73.973447378152));
#6286 = CARTESIAN_POINT('',(-38.34353421159,-101.4430676259,
    68.343534211917));
#6287 = CARTESIAN_POINT('',(-32.85826827015,-101.4430671869,
    62.858268269617));
#6288 = CARTESIAN_POINT('',(-27.51764955665,-101.4430667559,
    57.517649557374));
#6289 = CARTESIAN_POINT('',(-22.32167806749,-101.4430663238,
    52.321678066711));
#6290 = CARTESIAN_POINT('',(-17.27035380708,-101.4430659008,
    47.270353807779));
#6291 = CARTESIAN_POINT('',(-12.36367677125,-101.4430654774,
    42.363676770749));
#6292 = CARTESIAN_POINT('',(-7.601646963633,-101.4430650612,
    37.60164696393));
#6293 = CARTESIAN_POINT('',(-2.984264381899,-101.4430646472,
    32.984264381764));
#6294 = CARTESIAN_POINT('',(1.488470972431,-101.443064238,
    28.511529027611));
#6295 = CARTESIAN_POINT('',(5.816559099861,-101.4430638327,
    24.183440900134));
#6296 = CARTESIAN_POINT('',(15.612012328709,-101.4430628933,
    14.387987671292));
#6297 = CARTESIAN_POINT('',(21.436733419171,-101.443062349,
    8.563266580846));
#6298 = CARTESIAN_POINT('',(25.204845360328,-101.4430618626,
    4.795154639599));
#6299 = CARTESIAN_POINT('',(38.402827449644,-101.4430611056,
    -8.402827449457));
#6300 = CARTESIAN_POINT('',(25.535270840257,-101.4430610718,
    4.464729159387));
#6301 = CARTESIAN_POINT('',(59.088117553216,-101.4430597225,
    -29.08811755269));
#6302 = CARTESIAN_POINT('',(37.233841372404,-101.4430599773,
    -7.233841373012));
#6303 = CARTESIAN_POINT('',(64.973288693278,-101.4430588164,
    -34.97328869271));
#6304 = CARTESIAN_POINT('',(59.959975184797,-101.4430586026,
    -29.95997518521));
#6305 = CARTESIAN_POINT('',(71.936013033666,-101.4430578737,
    -41.93601303341));
#6306 = CARTESIAN_POINT('',(77.865484713642,-101.443057322,
    -47.86548471375));
#6307 = CARTESIAN_POINT('',(85.747420010653,-101.4430566982,
    -55.74742001061));
#6308 = CARTESIAN_POINT('',(93.596515958655,-101.4430560573,
    -63.59651595866));
#6309 = CARTESIAN_POINT('',(101.73107666259,-101.443055372,
    -71.73107666259));
#6310 = CARTESIAN_POINT('',(101.73108273266,-101.443055372,
    -71.73108273266));
#6311 = CARTESIAN_POINT('',(101.73108882357,-101.443055372,
    -71.73108882357));
#6312 = CARTESIAN_POINT('',(101.73109493534,-101.443055372,
    -71.73109493534));
#6313 = CARTESIAN_POINT('',(101.73110106797,-101.443055372,
    -71.73110106797));
#6314 = CARTESIAN_POINT('',(101.73110722144,-101.443055372,
    -71.73110722144));
#6315 = CARTESIAN_POINT('',(101.73111339577,-101.443055372,
    -71.73111339577));
#6316 = CARTESIAN_POINT('',(101.73111959096,-101.443055372,
    -71.73111959096));
#6317 = CARTESIAN_POINT('',(101.731125807,-101.443055372,-71.731125807)
  );
#6318 = CARTESIAN_POINT('',(101.73113204389,-101.443055372,
    -71.73113204389));
#6319 = CARTESIAN_POINT('',(101.73113830163,-101.443055372,
    -71.73113830163));
#6320 = CARTESIAN_POINT('',(101.73114458023,-101.443055372,
    -71.73114458023));
#6321 = CARTESIAN_POINT('',(101.73115087969,-101.443055372,
    -71.73115087969));
#6322 = CARTESIAN_POINT('',(101.73115719999,-101.443055372,
    -71.73115719999));
#6323 = CARTESIAN_POINT('',(-61.73115743092,-101.4430787934,
    91.731157430928));
#6324 = CARTESIAN_POINT('',(-61.73115111062,-101.4430787934,
    91.731151110622));
#6325 = CARTESIAN_POINT('',(-61.73114481117,-101.4430787934,
    91.73114481117));
#6326 = CARTESIAN_POINT('',(-61.73113853257,-101.4430787934,
    91.731138532571));
#6327 = CARTESIAN_POINT('',(-61.73113227482,-101.4430787934,
    91.731132274826));
#6328 = CARTESIAN_POINT('',(-61.73112603793,-101.4430787934,
    91.731126037934));
#6329 = CARTESIAN_POINT('',(-61.73111982189,-101.4430787934,
    91.731119821896));
#6330 = CARTESIAN_POINT('',(-61.73111362671,-101.4430787934,
    91.731113626712));
#6331 = CARTESIAN_POINT('',(-61.73110745238,-101.4430787934,
    91.731107452381));
#6332 = CARTESIAN_POINT('',(-61.7311012989,-101.4430787934,
    91.731101298904));
#6333 = CARTESIAN_POINT('',(-61.73109516628,-101.4430787934,
    91.731095166281));
#6334 = CARTESIAN_POINT('',(-61.73108905451,-101.4430787934,
    91.731089054511));
#6335 = CARTESIAN_POINT('',(-61.73108296359,-101.4430787934,
    91.731082963594));
#6336 = CARTESIAN_POINT('',(-61.73107689353,-101.4430787934,
    91.731076893532));
#6337 = CARTESIAN_POINT('',(-55.66721591687,-101.4430781783,
    85.667215916864));
#6338 = CARTESIAN_POINT('',(-49.74800822091,-101.4430775683,
    79.748008220969));
#6339 = CARTESIAN_POINT('',(-43.97344775636,-101.4430769626,
    73.973447756211));
#6340 = CARTESIAN_POINT('',(-38.3435345241,-101.4430763633,
    68.343534524424));
#6341 = CARTESIAN_POINT('',(-32.85826852282,-101.4430757662,
    62.858268522286));
#6342 = CARTESIAN_POINT('',(-27.51764975534,-101.4430751785,
    57.517649756063));
#6343 = CARTESIAN_POINT('',(-22.32167821821,-101.4430745907,
    52.321678217432));
#6344 = CARTESIAN_POINT('',(-17.27035391601,-101.4430740135,
    47.270353916716));
#6345 = CARTESIAN_POINT('',(-12.36367684477,-101.4430734371,
    42.36367684427));
#6346 = CARTESIAN_POINT('',(-7.601647008312,-101.4430728691,
    37.60164700861));
#6347 = CARTESIAN_POINT('',(-2.984264404538,-101.4430723049,
    32.984264404403));
#6348 = CARTESIAN_POINT('',(1.48847096478,-101.4430717469,
    28.511529035262));
#6349 = CARTESIAN_POINT('',(5.816559099861,-101.4430711942,
    24.183440900134));
#6350 = CARTESIAN_POINT('',(15.612012328709,-101.4430699132,
    14.387987671292));
#6351 = CARTESIAN_POINT('',(21.436733431301,-101.443069171,
    8.563266568716));
#6352 = CARTESIAN_POINT('',(25.204845265159,-101.4430685071,
    4.795154734769));
#6353 = CARTESIAN_POINT('',(38.402827810428,-101.4430674671,
    -8.402827810241));
#6354 = CARTESIAN_POINT('',(25.535270084759,-101.4430673935,
    4.464729914886));
#6355 = CARTESIAN_POINT('',(59.08811855525,-101.4430655157,
    -29.08811855472));
#6356 = CARTESIAN_POINT('',(37.233840596813,-101.443065894,
    -7.233840597421));
#6357 = CARTESIAN_POINT('',(64.973289401554,-101.443064312,
    -34.97328940098));
#6358 = CARTESIAN_POINT('',(59.959975145093,-101.4430640622,
    -29.95997514551));
#6359 = CARTESIAN_POINT('',(71.936013483619,-101.443063049,
    -41.93601348337));
#6360 = CARTESIAN_POINT('',(77.86548521787,-101.44306229,-47.86548521798
    ));
#6361 = CARTESIAN_POINT('',(85.74742075234,-101.4430614038,
    -55.7474207523));
#6362 = CARTESIAN_POINT('',(93.596516973614,-101.4430604651,
    -63.59651697362));
#6363 = CARTESIAN_POINT('',(101.73107802391,-101.4430594064,
    -71.73107802391));
#6364 = CARTESIAN_POINT('',(101.73108409397,-101.4430594064,
    -71.73108409397));
#6365 = CARTESIAN_POINT('',(101.73109018489,-101.4430594064,
    -71.73109018489));
#6366 = CARTESIAN_POINT('',(101.73109629666,-101.4430594064,
    -71.73109629666));
#6367 = CARTESIAN_POINT('',(101.73110242928,-101.4430594064,
    -71.73110242928));
#6368 = CARTESIAN_POINT('',(101.73110858276,-101.4430594064,
    -71.73110858276));
#6369 = CARTESIAN_POINT('',(101.73111475709,-101.4430594064,
    -71.73111475709));
#6370 = CARTESIAN_POINT('',(101.73112095227,-101.4430594064,
    -71.73112095227));
#6371 = CARTESIAN_POINT('',(101.73112716831,-101.4430594064,
    -71.73112716831));
#6372 = CARTESIAN_POINT('',(101.7311334052,-101.4430594064,
    -71.7311334052));
#6373 = CARTESIAN_POINT('',(101.73113966295,-101.4430594064,
    -71.73113966295));
#6374 = CARTESIAN_POINT('',(101.73114594155,-101.4430594064,
    -71.73114594155));
#6375 = CARTESIAN_POINT('',(101.731152241,-101.4430594064,-71.731152241)
  );
#6376 = CARTESIAN_POINT('',(101.73115856131,-101.4430594064,
    -71.73115856131));
#6377 = CARTESIAN_POINT('',(-61.73115803865,-101.4430881735,
    91.731158038655));
#6378 = CARTESIAN_POINT('',(-61.73115171834,-101.4430881735,
    91.731151718349));
#6379 = CARTESIAN_POINT('',(-61.73114541889,-101.4430881735,
    91.731145418897));
#6380 = CARTESIAN_POINT('',(-61.73113914029,-101.4430881735,
    91.731139140298));
#6381 = CARTESIAN_POINT('',(-61.73113288255,-101.4430881735,
    91.731132882553));
#6382 = CARTESIAN_POINT('',(-61.73112664566,-101.4430881735,
    91.731126645661));
#6383 = CARTESIAN_POINT('',(-61.73112042962,-101.4430881735,
    91.731120429623));
#6384 = CARTESIAN_POINT('',(-61.73111423443,-101.4430881735,
    91.731114234439));
#6385 = CARTESIAN_POINT('',(-61.7311080601,-101.4430881735,
    91.731108060108));
#6386 = CARTESIAN_POINT('',(-61.73110190663,-101.4430881735,
    91.731101906631));
#6387 = CARTESIAN_POINT('',(-61.731095774,-101.4430881735,
    91.731095774007));
#6388 = CARTESIAN_POINT('',(-61.73108966223,-101.4430881735,
    91.731089662237));
#6389 = CARTESIAN_POINT('',(-61.73108357132,-101.4430881735,
    91.731083571321));
#6390 = CARTESIAN_POINT('',(-61.73107750125,-101.4430881735,
    91.731077501258));
#6391 = CARTESIAN_POINT('',(-55.6672164451,-101.4430874389,
    85.66721644509));
#6392 = CARTESIAN_POINT('',(-49.74800867432,-101.4430867098,
    79.748008674374));
#6393 = CARTESIAN_POINT('',(-43.97344813979,-101.4430859855,
    73.973448139646));
#6394 = CARTESIAN_POINT('',(-38.34353484259,-101.4430852681,
    68.343534842922));
#6395 = CARTESIAN_POINT('',(-32.85826878161,-101.4430845536,
    62.85826878108));
#6396 = CARTESIAN_POINT('',(-27.51764995988,-101.4430838489,
    57.517649960599));
#6397 = CARTESIAN_POINT('',(-22.32167837417,-101.443083145,
    52.321678373391));
#6398 = CARTESIAN_POINT('',(-17.27035402933,-101.4430824524,
    47.270354030034));
#6399 = CARTESIAN_POINT('',(-12.36367692166,-101.4430817614,
    42.36367692116));
#6400 = CARTESIAN_POINT('',(-7.601647055296,-101.4430810799,
    37.601647055594));
#6401 = CARTESIAN_POINT('',(-2.984264428479,-101.4430804029,
    32.984264428344));
#6402 = CARTESIAN_POINT('',(1.488470956641,-101.4430797334,
    28.511529043401));
#6403 = CARTESIAN_POINT('',(5.816559099861,-101.4430790701,
    24.183440900134));
#6404 = CARTESIAN_POINT('',(15.612012328709,-101.4430775329,
    14.387987671292));
#6405 = CARTESIAN_POINT('',(21.436733444585,-101.4430766423,
    8.563266555432));
#6406 = CARTESIAN_POINT('',(25.20484516006,-101.4430758449,
    4.795154839868));
#6407 = CARTESIAN_POINT('',(38.402828214139,-101.4430745856,
    -8.402828213952));
#6408 = CARTESIAN_POINT('',(25.535269240645,-101.4430744566,4.464730759)
  );
#6409 = CARTESIAN_POINT('',(59.088119702424,-101.4430721479,
    -29.0881197019));
#6410 = CARTESIAN_POINT('',(37.233839711605,-101.4430726469,
    -7.233839712212));
#6411 = CARTESIAN_POINT('',(64.973290231338,-101.4430707503,
    -34.97329023077));
#6412 = CARTESIAN_POINT('',(59.959975098192,-101.4430705117,
    -29.95997509861));
#6413 = CARTESIAN_POINT('',(71.936014024289,-101.4430692677,
    -41.93601402404));
#6414 = CARTESIAN_POINT('',(77.865485832625,-101.4430683469,
    -47.86548583274));
#6415 = CARTESIAN_POINT('',(85.747421670884,-101.4430672314,
    -55.74742167084));
#6416 = CARTESIAN_POINT('',(93.596518250422,-101.44306601,
    -63.59651825043));
#6417 = CARTESIAN_POINT('',(101.73107976202,-101.4430645574,
    -71.73107976202));
#6418 = CARTESIAN_POINT('',(101.73108583208,-101.4430645574,
    -71.73108583208));
#6419 = CARTESIAN_POINT('',(101.731091923,-101.4430645574,-71.731091923)
  );
#6420 = CARTESIAN_POINT('',(101.73109803477,-101.4430645574,
    -71.73109803477));
#6421 = CARTESIAN_POINT('',(101.73110416739,-101.4430645574,
    -71.73110416739));
#6422 = CARTESIAN_POINT('',(101.73111032087,-101.4430645574,
    -71.73111032087));
#6423 = CARTESIAN_POINT('',(101.7311164952,-101.4430645574,
    -71.7311164952));
#6424 = CARTESIAN_POINT('',(101.73112269038,-101.4430645574,
    -71.73112269038));
#6425 = CARTESIAN_POINT('',(101.73112890642,-101.4430645574,
    -71.73112890642));
#6426 = CARTESIAN_POINT('',(101.73113514331,-101.4430645574,
    -71.73113514331));
#6427 = CARTESIAN_POINT('',(101.73114140106,-101.4430645574,
    -71.73114140106));
#6428 = CARTESIAN_POINT('',(101.73114767966,-101.4430645574,
    -71.73114767966));
#6429 = CARTESIAN_POINT('',(101.73115397911,-101.4430645574,
    -71.73115397911));
#6430 = CARTESIAN_POINT('',(101.73116029941,-101.4430645574,
    -71.73116029941));
#6431 = CARTESIAN_POINT('',(-61.73115864638,-101.4430975536,
    91.731158646381));
#6432 = CARTESIAN_POINT('',(-61.73115232607,-101.4430975536,
    91.731152326076));
#6433 = CARTESIAN_POINT('',(-61.73114602662,-101.4430975536,
    91.731146026623));
#6434 = CARTESIAN_POINT('',(-61.73113974802,-101.4430975536,
    91.731139748025));
#6435 = CARTESIAN_POINT('',(-61.73113349027,-101.4430975536,
    91.731133490279));
#6436 = CARTESIAN_POINT('',(-61.73112725338,-101.4430975536,
    91.731127253388));
#6437 = CARTESIAN_POINT('',(-61.73112103735,-101.4430975536,
    91.73112103735));
#6438 = CARTESIAN_POINT('',(-61.73111484216,-101.4430975536,
    91.731114842166));
#6439 = CARTESIAN_POINT('',(-61.73110866783,-101.4430975536,
    91.731108667835));
#6440 = CARTESIAN_POINT('',(-61.73110251435,-101.4430975536,
    91.731102514358));
#6441 = CARTESIAN_POINT('',(-61.73109638173,-101.4430975536,
    91.731096381734));
#6442 = CARTESIAN_POINT('',(-61.73109026996,-101.4430975536,
    91.731090269964));
#6443 = CARTESIAN_POINT('',(-61.73108417904,-101.4430975536,
    91.731084179048));
#6444 = CARTESIAN_POINT('',(-61.73107810898,-101.4430975536,
    91.731078108985));
#6445 = CARTESIAN_POINT('',(-55.66721697576,-101.4430967423,
    85.667216975756));
#6446 = CARTESIAN_POINT('',(-49.74800913193,-101.4430959362,
    79.748009131991));
#6447 = CARTESIAN_POINT('',(-43.9734485286,-101.4430951349,
    73.973448528456));
#6448 = CARTESIAN_POINT('',(-38.34353516708,-101.4430943404,
    68.343535167411));
#6449 = CARTESIAN_POINT('',(-32.85826904653,-101.4430935488,
    62.858269045999));
#6450 = CARTESIAN_POINT('',(-27.51765017026,-101.4430927673,
    57.517650170984));
#6451 = CARTESIAN_POINT('',(-22.32167853537,-101.4430919866,
    52.321678534589));
#6452 = CARTESIAN_POINT('',(-17.27035414703,-101.4430912176,
    47.270354147732));
#6453 = CARTESIAN_POINT('',(-12.36367700192,-101.4430904505,
    42.363677001419));
#6454 = CARTESIAN_POINT('',(-7.601647104586,-101.4430896934,
    37.601647104883));
#6455 = CARTESIAN_POINT('',(-2.984264453722,-101.4430889414,
    32.984264453587));
#6456 = CARTESIAN_POINT('',(1.488470948016,-101.4430881975,
    28.511529052026));
#6457 = CARTESIAN_POINT('',(5.816559099861,-101.4430874605,
    24.183440900134));
#6458 = CARTESIAN_POINT('',(15.612012328709,-101.4430857525,
    14.387987671292));
#6459 = CARTESIAN_POINT('',(21.436733459024,-101.443084763,
    8.563266540993));
#6460 = CARTESIAN_POINT('',(25.204845045032,-101.4430838759,
    4.795154954895));
#6461 = CARTESIAN_POINT('',(38.402828660778,-101.443082461,
    -8.402828660591));
#6462 = CARTESIAN_POINT('',(25.535268307914,-101.4430822613,
    4.464731691731));
#6463 = CARTESIAN_POINT('',(59.088120994737,-101.4430796193,
    -29.08812099421));
#6464 = CARTESIAN_POINT('',(37.233838716779,-101.443080236,
    -7.233838717386));
#6465 = CARTESIAN_POINT('',(64.973291182629,-101.4430781315,
    -34.97329118206));
#6466 = CARTESIAN_POINT('',(59.959975044092,-101.4430779509,
    -29.95997504451));
#6467 = CARTESIAN_POINT('',(71.936014655677,-101.4430765299,
    -41.93601465542));
#6468 = CARTESIAN_POINT('',(77.865486557907,-101.4430754927,
    -47.86548655802));
#6469 = CARTESIAN_POINT('',(85.747422766283,-101.443074181,
    -55.74742276624));
#6470 = CARTESIAN_POINT('',(93.596519789078,-101.4430726922,
    -63.59651978908));
#6471 = CARTESIAN_POINT('',(101.73108187692,-101.4430708252,
    -71.73108187692));
#6472 = CARTESIAN_POINT('',(101.73108794698,-101.4430708252,
    -71.73108794698));
#6473 = CARTESIAN_POINT('',(101.7310940379,-101.4430708252,
    -71.7310940379));
#6474 = CARTESIAN_POINT('',(101.73110014967,-101.4430708252,
    -71.73110014967));
#6475 = CARTESIAN_POINT('',(101.73110628229,-101.4430708252,
    -71.73110628229));
#6476 = CARTESIAN_POINT('',(101.73111243577,-101.4430708252,
    -71.73111243577));
#6477 = CARTESIAN_POINT('',(101.7311186101,-101.4430708252,
    -71.7311186101));
#6478 = CARTESIAN_POINT('',(101.73112480529,-101.4430708252,
    -71.73112480529));
#6479 = CARTESIAN_POINT('',(101.73113102132,-101.4430708252,
    -71.73113102132));
#6480 = CARTESIAN_POINT('',(101.73113725822,-101.4430708252,
    -71.73113725822));
#6481 = CARTESIAN_POINT('',(101.73114351596,-101.4430708252,
    -71.73114351596));
#6482 = CARTESIAN_POINT('',(101.73114979456,-101.4430708252,
    -71.73114979456));
#6483 = CARTESIAN_POINT('',(101.73115609401,-101.4430708252,
    -71.73115609401));
#6484 = CARTESIAN_POINT('',(101.73116241432,-101.4430708252,
    -71.73116241432));
#6485 = CARTESIAN_POINT('',(-61.7311592541,-101.4431069337,
    91.731159254108));
#6486 = CARTESIAN_POINT('',(-61.7311529338,-101.4431069337,
    91.731152933802));
#6487 = CARTESIAN_POINT('',(-61.73114663435,-101.4431069337,
    91.73114663435));
#6488 = CARTESIAN_POINT('',(-61.73114035575,-101.4431069337,
    91.731140355751));
#6489 = CARTESIAN_POINT('',(-61.731134098,-101.4431069337,
    91.731134098006));
#6490 = CARTESIAN_POINT('',(-61.73112786111,-101.4431069337,
    91.731127861115));
#6491 = CARTESIAN_POINT('',(-61.73112164507,-101.4431069337,
    91.731121645077));
#6492 = CARTESIAN_POINT('',(-61.73111544989,-101.4431069337,
    91.731115449892));
#6493 = CARTESIAN_POINT('',(-61.73110927556,-101.4431069337,
    91.731109275562));
#6494 = CARTESIAN_POINT('',(-61.73110312208,-101.4431069337,
    91.731103122084));
#6495 = CARTESIAN_POINT('',(-61.73109698946,-101.4431069337,
    91.731096989461));
#6496 = CARTESIAN_POINT('',(-61.73109087769,-101.4431069337,
    91.731090877691));
#6497 = CARTESIAN_POINT('',(-61.73108478677,-101.4431069337,
    91.731084786774));
#6498 = CARTESIAN_POINT('',(-61.73107871671,-101.4431069337,
    91.731078716711));
#6499 = CARTESIAN_POINT('',(-55.66721750887,-101.4431060884,
    85.66721750886));
#6500 = CARTESIAN_POINT('',(-49.74800959376,-101.4431052476,
    79.748009593821));
#6501 = CARTESIAN_POINT('',(-43.97344892279,-101.4431044108,
    73.973448922642));
#6502 = CARTESIAN_POINT('',(-38.34353549756,-101.4431035803,
    68.343535497892));
#6503 = CARTESIAN_POINT('',(-32.85826931758,-101.4431027521,
    62.858269317042));
#6504 = CARTESIAN_POINT('',(-27.51765038649,-101.4431019335,
    57.517650387216));
#6505 = CARTESIAN_POINT('',(-22.3216787018,-101.4431011156,
    52.321678701025));
#6506 = CARTESIAN_POINT('',(-17.27035426911,-101.443100309,
    47.270354269812));
#6507 = CARTESIAN_POINT('',(-12.36367708555,-101.4430995044,
    42.363677085047));
#6508 = CARTESIAN_POINT('',(-7.60164715618,-101.4430987097,
    37.601647156477));
#6509 = CARTESIAN_POINT('',(-2.984264480267,-101.4430979203,
    32.984264480132));
#6510 = CARTESIAN_POINT('',(1.488470938904,-101.4430971392,
    28.511529061138));
#6511 = CARTESIAN_POINT('',(5.816559099861,-101.4430963655,
    24.183440900134));
#6512 = CARTESIAN_POINT('',(15.612012328709,-101.443094572,
    14.387987671292));
#6513 = CARTESIAN_POINT('',(21.436733474618,-101.443093533,
    8.563266525399));
#6514 = CARTESIAN_POINT('',(25.204844920075,-101.4430926001,
    4.795155079852));
#6515 = CARTESIAN_POINT('',(38.402829150343,-101.4430910933,
    -8.402829150156));
#6516 = CARTESIAN_POINT('',(25.535267286567,-101.4430908075,
    4.464732713079));
#6517 = CARTESIAN_POINT('',(59.088122432191,-101.4430879298,
    -29.08812243167));
#6518 = CARTESIAN_POINT('',(37.233837612335,-101.4430886614,
    -7.233837612942));
#6519 = CARTESIAN_POINT('',(64.973292255429,-101.4430864554,
    -34.97329225486));
#6520 = CARTESIAN_POINT('',(59.959974982795,-101.44308638,
    -29.95997498321));
#6521 = CARTESIAN_POINT('',(71.936015377783,-101.4430848354,
    -41.93601537753));
#6522 = CARTESIAN_POINT('',(77.865487393716,-101.4430837276,
    -47.86548739383));
#6523 = CARTESIAN_POINT('',(85.747424038538,-101.4430822527,
    -55.74742403849));
#6524 = CARTESIAN_POINT('',(93.596521589583,-101.4430805114,
    -63.59652158959));
#6525 = CARTESIAN_POINT('',(101.73108436862,-101.4430782096,
    -71.73108436862));
#6526 = CARTESIAN_POINT('',(101.73109043868,-101.4430782096,
    -71.73109043868));
#6527 = CARTESIAN_POINT('',(101.7310965296,-101.4430782096,
    -71.7310965296));
#6528 = CARTESIAN_POINT('',(101.73110264137,-101.4430782096,
    -71.73110264137));
#6529 = CARTESIAN_POINT('',(101.73110877399,-101.4430782096,
    -71.73110877399));
#6530 = CARTESIAN_POINT('',(101.73111492747,-101.4430782096,
    -71.73111492747));
#6531 = CARTESIAN_POINT('',(101.7311211018,-101.4430782096,
    -71.7311211018));
#6532 = CARTESIAN_POINT('',(101.73112729698,-101.4430782096,
    -71.73112729698));
#6533 = CARTESIAN_POINT('',(101.73113351302,-101.4430782096,
    -71.73113351302));
#6534 = CARTESIAN_POINT('',(101.73113974991,-101.4430782096,
    -71.73113974991));
#6535 = CARTESIAN_POINT('',(101.73114600766,-101.4430782096,
    -71.73114600766));
#6536 = CARTESIAN_POINT('',(101.73115228626,-101.4430782096,
    -71.73115228626));
#6537 = CARTESIAN_POINT('',(101.73115858571,-101.4430782096,
    -71.73115858571));
#6538 = CARTESIAN_POINT('',(101.73116490601,-101.4430782096,
    -71.73116490601));
#6539 = CARTESIAN_POINT('',(-61.73115986183,-101.4431163138,
    91.731159861834));
#6540 = CARTESIAN_POINT('',(-61.73115354152,-101.4431163138,
    91.731153541529));
#6541 = CARTESIAN_POINT('',(-61.73114724207,-101.4431163138,
    91.731147242076));
#6542 = CARTESIAN_POINT('',(-61.73114096347,-101.4431163138,
    91.731140963478));
#6543 = CARTESIAN_POINT('',(-61.73113470573,-101.4431163138,
    91.731134705733));
#6544 = CARTESIAN_POINT('',(-61.73112846884,-101.4431163138,
    91.731128468841));
#6545 = CARTESIAN_POINT('',(-61.7311222528,-101.4431163138,
    91.731122252803));
#6546 = CARTESIAN_POINT('',(-61.73111605761,-101.4431163138,
    91.731116057619));
#6547 = CARTESIAN_POINT('',(-61.73110988328,-101.4431163138,
    91.731109883288));
#6548 = CARTESIAN_POINT('',(-61.73110372981,-101.4431163138,
    91.731103729811));
#6549 = CARTESIAN_POINT('',(-61.73109759718,-101.4431163138,
    91.731097597187));
#6550 = CARTESIAN_POINT('',(-61.73109148541,-101.4431163138,
    91.731091485417));
#6551 = CARTESIAN_POINT('',(-61.7310853945,-101.4431163138,
    91.731085394501));
#6552 = CARTESIAN_POINT('',(-61.73107932443,-101.4431163138,
    91.731079324438));
#6553 = CARTESIAN_POINT('',(-55.66721804441,-101.4431154773,
    85.667218044404));
#6554 = CARTESIAN_POINT('',(-49.74801005981,-101.4431146439,
    79.748010059863));
#6555 = CARTESIAN_POINT('',(-43.97344932235,-101.4431138132,
    73.973449322204));
#6556 = CARTESIAN_POINT('',(-38.34353583404,-101.4431129876,
    68.343535834364));
#6557 = CARTESIAN_POINT('',(-32.85826959474,-101.4431121633,
    62.85826959421));
#6558 = CARTESIAN_POINT('',(-27.51765060857,-101.4431113477,
    57.517650609297));
#6559 = CARTESIAN_POINT('',(-22.32167887348,-101.4431105318,
    52.3216788727));
#6560 = CARTESIAN_POINT('',(-17.27035439557,-101.4431097267,
    47.270354396273));
#6561 = CARTESIAN_POINT('',(-12.36367717255,-101.443108923,
    42.363677172044));
#6562 = CARTESIAN_POINT('',(-7.601647210078,-101.4431081288,
    37.601647210376));
#6563 = CARTESIAN_POINT('',(-2.984264508114,-101.4431073396,
    32.984264507979));
#6564 = CARTESIAN_POINT('',(1.488470929306,-101.4431065586,
    28.511529070737));
#6565 = CARTESIAN_POINT('',(5.816559099861,-101.4431057848,
    24.183440900134));
#6566 = CARTESIAN_POINT('',(15.612012328709,-101.4431039914,
    14.387987671292));
#6567 = CARTESIAN_POINT('',(21.436733491366,-101.4431029523,
    8.563266508651));
#6568 = CARTESIAN_POINT('',(25.204844785189,-101.4431020176,
    4.795155214738));
#6569 = CARTESIAN_POINT('',(38.402829682836,-101.4431004826,
    -8.402829682649));
#6570 = CARTESIAN_POINT('',(25.535266176603,-101.4431000951,
    4.464733823043));
#6571 = CARTESIAN_POINT('',(59.088124014786,-101.4430970795,
    -29.08812401426));
#6572 = CARTESIAN_POINT('',(37.233836398274,-101.443097923,
    -7.233836398881));
#6573 = CARTESIAN_POINT('',(64.973293449736,-101.4430957221,
    -34.97329344917));
#6574 = CARTESIAN_POINT('',(59.959974914299,-101.4430957989,
    -29.95997491471));
#6575 = CARTESIAN_POINT('',(71.936016190606,-101.4430941844,
    -41.93601619035));
#6576 = CARTESIAN_POINT('',(77.865488340052,-101.4430930514,
    -47.86548834016));
#6577 = CARTESIAN_POINT('',(85.747425487649,-101.4430914465,
    -55.7474254876));
#6578 = CARTESIAN_POINT('',(93.596523651936,-101.4430894679,
    -63.59652365194));
#6579 = CARTESIAN_POINT('',(101.73108723711,-101.4430867106,
    -71.73108723711));
#6580 = CARTESIAN_POINT('',(101.73109330717,-101.4430867106,
    -71.73109330717));
#6581 = CARTESIAN_POINT('',(101.73109939809,-101.4430867106,
    -71.73109939809));
#6582 = CARTESIAN_POINT('',(101.73110550986,-101.4430867106,
    -71.73110550986));
#6583 = CARTESIAN_POINT('',(101.73111164248,-101.4430867106,
    -71.73111164248));
#6584 = CARTESIAN_POINT('',(101.73111779596,-101.4430867106,
    -71.73111779596));
#6585 = CARTESIAN_POINT('',(101.73112397029,-101.4430867106,
    -71.73112397029));
#6586 = CARTESIAN_POINT('',(101.73113016548,-101.4430867106,
    -71.73113016548));
#6587 = CARTESIAN_POINT('',(101.73113638151,-101.4430867106,
    -71.73113638151));
#6588 = CARTESIAN_POINT('',(101.7311426184,-101.4430867106,
    -71.7311426184));
#6589 = CARTESIAN_POINT('',(101.73114887615,-101.4430867106,
    -71.73114887615));
#6590 = CARTESIAN_POINT('',(101.73115515475,-101.4430867106,
    -71.73115515475));
#6591 = CARTESIAN_POINT('',(101.7311614542,-101.4430867106,
    -71.7311614542));
#6592 = CARTESIAN_POINT('',(101.7311677745,-101.4430867106,
    -71.7311677745));
#6593 = CARTESIAN_POINT('',(-61.73116046956,-101.4431256939,
    91.731160469561));
#6594 = CARTESIAN_POINT('',(-61.73115414925,-101.4431256939,
    91.731154149255));
#6595 = CARTESIAN_POINT('',(-61.7311478498,-101.4431256939,
    91.731147849803));
#6596 = CARTESIAN_POINT('',(-61.7311415712,-101.4431256939,
    91.731141571205));
#6597 = CARTESIAN_POINT('',(-61.73113531346,-101.4431256939,
    91.73113531346));
#6598 = CARTESIAN_POINT('',(-61.73112907656,-101.4431256939,
    91.731129076568));
#6599 = CARTESIAN_POINT('',(-61.73112286053,-101.4431256939,
    91.73112286053));
#6600 = CARTESIAN_POINT('',(-61.73111666534,-101.4431256939,
    91.731116665346));
#6601 = CARTESIAN_POINT('',(-61.73111049101,-101.4431256939,
    91.731110491015));
#6602 = CARTESIAN_POINT('',(-61.73110433753,-101.4431256939,
    91.731104337538));
#6603 = CARTESIAN_POINT('',(-61.73109820491,-101.4431256939,
    91.731098204914));
#6604 = CARTESIAN_POINT('',(-61.73109209314,-101.4431256939,
    91.731092093144));
#6605 = CARTESIAN_POINT('',(-61.73108600222,-101.4431256939,
    91.731086002227));
#6606 = CARTESIAN_POINT('',(-61.73107993216,-101.4431256939,
    91.731079932164));
#6607 = CARTESIAN_POINT('',(-55.66721858239,-101.4431249089,
    85.667218582388));
#6608 = CARTESIAN_POINT('',(-49.74801053006,-101.4431241251,
    79.748010530117));
#6609 = CARTESIAN_POINT('',(-43.97344972729,-101.4431233421,
    73.973449727142));
#6610 = CARTESIAN_POINT('',(-38.3435361765,-101.4431225625,
    68.343536176827));
#6611 = CARTESIAN_POINT('',(-32.85826987804,-101.4431217825,
    62.858269877503));
#6612 = CARTESIAN_POINT('',(-27.5176508365,-101.4431210097,
    57.517650837225));
#6613 = CARTESIAN_POINT('',(-22.32167905039,-101.4431202354,
    52.321679049613));
#6614 = CARTESIAN_POINT('',(-17.27035452641,-101.4431194706,
    47.270354527115));
#6615 = CARTESIAN_POINT('',(-12.36367726291,-101.4431187063,
    42.36367726241));
#6616 = CARTESIAN_POINT('',(-7.601647266282,-101.4431179506,
    37.60164726658));
#6617 = CARTESIAN_POINT('',(-2.984264537262,-101.4431171993,
    32.984264537127));
#6618 = CARTESIAN_POINT('',(1.48847091922,-101.4431164556,
    28.511529080822));
#6619 = CARTESIAN_POINT('',(5.816559099861,-101.4431157187,
    24.183440900134));
#6620 = CARTESIAN_POINT('',(15.612012328709,-101.4431140107,
    14.387987671292));
#6621 = CARTESIAN_POINT('',(21.436733509269,-101.443113021,
    8.563266490749));
#6622 = CARTESIAN_POINT('',(25.204844640374,-101.4431121282,
    4.795155359554));
#6623 = CARTESIAN_POINT('',(38.402830258256,-101.4431106287,
    -8.402830258069));
#6624 = CARTESIAN_POINT('',(25.535264978023,-101.4431101243,
    4.464735021623));
#6625 = CARTESIAN_POINT('',(59.08812574252,-101.4431070682,
    -29.08812574199));
#6626 = CARTESIAN_POINT('',(37.233835074595,-101.4431080208,
    -7.233835075202));
#6627 = CARTESIAN_POINT('',(64.973294765552,-101.4431059316,
    -34.97329476498));
#6628 = CARTESIAN_POINT('',(59.959974838605,-101.4431062076,
    -29.95997483902));
#6629 = CARTESIAN_POINT('',(71.936017094148,-101.4431045768,
    -41.9360170939));
#6630 = CARTESIAN_POINT('',(77.865489396915,-101.4431034642,
    -47.86548939702));
#6631 = CARTESIAN_POINT('',(85.747427113615,-101.4431017623,
    -55.74742711357));
#6632 = CARTESIAN_POINT('',(93.596525976139,-101.4430995615,
    -63.59652597614));
#6633 = CARTESIAN_POINT('',(101.73109048239,-101.4430963284,
    -71.73109048239));
#6634 = CARTESIAN_POINT('',(101.73109655245,-101.4430963284,
    -71.73109655245));
#6635 = CARTESIAN_POINT('',(101.73110264337,-101.4430963284,
    -71.73110264337));
#6636 = CARTESIAN_POINT('',(101.73110875514,-101.4430963284,
    -71.73110875514));
#6637 = CARTESIAN_POINT('',(101.73111488777,-101.4430963284,
    -71.73111488777));
#6638 = CARTESIAN_POINT('',(101.73112104125,-101.4430963284,
    -71.73112104125));
#6639 = CARTESIAN_POINT('',(101.73112721558,-101.4430963284,
    -71.73112721558));
#6640 = CARTESIAN_POINT('',(101.73113341076,-101.4430963284,
    -71.73113341076));
#6641 = CARTESIAN_POINT('',(101.7311396268,-101.4430963284,
    -71.7311396268));
#6642 = CARTESIAN_POINT('',(101.73114586369,-101.4430963284,
    -71.73114586369));
#6643 = CARTESIAN_POINT('',(101.73115212143,-101.4430963284,
    -71.73115212143));
#6644 = CARTESIAN_POINT('',(101.73115840003,-101.4430963284,
    -71.73115840003));
#6645 = CARTESIAN_POINT('',(101.73116469948,-101.4430963284,
    -71.73116469948));
#6646 = CARTESIAN_POINT('',(101.73117101978,-101.4430963284,
    -71.73117101978));
#6647 = CARTESIAN_POINT('',(-61.73116107728,-101.443135074,
    91.731161077287));
#6648 = CARTESIAN_POINT('',(-61.73115475698,-101.443135074,
    91.731154756982));
#6649 = CARTESIAN_POINT('',(-61.73114845753,-101.443135074,
    91.73114845753));
#6650 = CARTESIAN_POINT('',(-61.73114217893,-101.443135074,
    91.731142178931));
#6651 = CARTESIAN_POINT('',(-61.73113592118,-101.443135074,
    91.731135921186));
#6652 = CARTESIAN_POINT('',(-61.73112968429,-101.443135074,
    91.731129684295));
#6653 = CARTESIAN_POINT('',(-61.73112346825,-101.443135074,
    91.731123468257));
#6654 = CARTESIAN_POINT('',(-61.73111727307,-101.443135074,
    91.731117273073));
#6655 = CARTESIAN_POINT('',(-61.73111109874,-101.443135074,
    91.731111098742));
#6656 = CARTESIAN_POINT('',(-61.73110494526,-101.443135074,
    91.731104945264));
#6657 = CARTESIAN_POINT('',(-61.73109881264,-101.443135074,
    91.731098812641));
#6658 = CARTESIAN_POINT('',(-61.73109270087,-101.443135074,
    91.731092700871));
#6659 = CARTESIAN_POINT('',(-61.73108660995,-101.443135074,
    91.731086609954));
#6660 = CARTESIAN_POINT('',(-61.73108053989,-101.443135074,
    91.731080539891));
#6661 = CARTESIAN_POINT('',(-55.66721912282,-101.4431343833,
    85.66721912281));
#6662 = CARTESIAN_POINT('',(-49.74801100453,-101.4431336913,
    79.748011004583));
#6663 = CARTESIAN_POINT('',(-43.9734501376,-101.4431329976,
    73.973450137456));
#6664 = CARTESIAN_POINT('',(-38.34353652495,-101.4431323048,
    68.343536525282));
#6665 = CARTESIAN_POINT('',(-32.85827016745,-101.4431316097,
    62.858270166921));
#6666 = CARTESIAN_POINT('',(-27.51765107028,-101.4431309197,
    57.517651071001));
#6667 = CARTESIAN_POINT('',(-22.32167923254,-101.4431302263,
    52.321679231764));
#6668 = CARTESIAN_POINT('',(-17.27035466164,-101.4431295408,
    47.270354662338));
#6669 = CARTESIAN_POINT('',(-12.36367735665,-101.4431288543,
    42.363677356145));
#6670 = CARTESIAN_POINT('',(-7.60164732479,-101.4431281753,
    37.601647325088));
#6671 = CARTESIAN_POINT('',(-2.984264567713,-101.4431274994,
    32.984264567578));
#6672 = CARTESIAN_POINT('',(1.488470908648,-101.4431268302,
    28.511529091394));
#6673 = CARTESIAN_POINT('',(5.816559099861,-101.443126167,
    24.183440900134));
#6674 = CARTESIAN_POINT('',(15.612012328709,-101.4431246298,
    14.387987671292));
#6675 = CARTESIAN_POINT('',(21.436733528326,-101.4431237391,
    8.563266471691));
#6676 = CARTESIAN_POINT('',(25.20484448563,-101.4431229322,
    4.795155514298));
#6677 = CARTESIAN_POINT('',(38.402830876602,-101.4431215318,
    -8.402830876416));
#6678 = CARTESIAN_POINT('',(25.535263690826,-101.443120895,4.46473630882
    ));
#6679 = CARTESIAN_POINT('',(59.088127615394,-101.443117896,
    -29.08812761487));
#6680 = CARTESIAN_POINT('',(37.233833641299,-101.4431189548,
    -7.233833641905));
#6681 = CARTESIAN_POINT('',(64.973296202875,-101.4431170839,
    -34.97329620231));
#6682 = CARTESIAN_POINT('',(59.959974755713,-101.4431176061,
    -29.95997475613));
#6683 = CARTESIAN_POINT('',(71.936018088406,-101.4431160126,
    -41.93601808815));
#6684 = CARTESIAN_POINT('',(77.865490564304,-101.443114966,
    -47.86549056441));
#6685 = CARTESIAN_POINT('',(85.747428916437,-101.4431132001,
    -55.74742891639));
#6686 = CARTESIAN_POINT('',(93.59652856219,-101.4431107923,
    -63.59652856219));
#6687 = CARTESIAN_POINT('',(101.73109410447,-101.4431070628,
    -71.73109410447));
#6688 = CARTESIAN_POINT('',(101.73110017453,-101.4431070628,
    -71.73110017453));
#6689 = CARTESIAN_POINT('',(101.73110626545,-101.4431070628,
    -71.73110626545));
#6690 = CARTESIAN_POINT('',(101.73111237722,-101.4431070628,
    -71.73111237722));
#6691 = CARTESIAN_POINT('',(101.73111850985,-101.4431070628,
    -71.73111850985));
#6692 = CARTESIAN_POINT('',(101.73112466333,-101.4431070628,
    -71.73112466333));
#6693 = CARTESIAN_POINT('',(101.73113083766,-101.4431070628,
    -71.73113083766));
#6694 = CARTESIAN_POINT('',(101.73113703284,-101.4431070628,
    -71.73113703284));
#6695 = CARTESIAN_POINT('',(101.73114324888,-101.4431070628,
    -71.73114324888));
#6696 = CARTESIAN_POINT('',(101.73114948577,-101.4431070628,
    -71.73114948577));
#6697 = CARTESIAN_POINT('',(101.73115574351,-101.4431070628,
    -71.73115574351));
#6698 = CARTESIAN_POINT('',(101.73116202211,-101.4431070628,
    -71.73116202211));
#6699 = CARTESIAN_POINT('',(101.73116832156,-101.4431070628,
    -71.73116832156));
#6700 = CARTESIAN_POINT('',(101.73117464186,-101.4431070628,
    -71.73117464186));
#6701 = CARTESIAN_POINT('',(-61.73116168501,-101.4431444541,
    91.731161685014));
#6702 = CARTESIAN_POINT('',(-61.7311553647,-101.4431444541,
    91.731155364708));
#6703 = CARTESIAN_POINT('',(-61.73114906525,-101.4431444541,
    91.731149065256));
#6704 = CARTESIAN_POINT('',(-61.73114278665,-101.4431444541,
    91.731142786658));
#6705 = CARTESIAN_POINT('',(-61.73113652891,-101.4431444541,
    91.731136528913));
#6706 = CARTESIAN_POINT('',(-61.73113029202,-101.4431444541,
    91.731130292021));
#6707 = CARTESIAN_POINT('',(-61.73112407598,-101.4431444541,
    91.731124075984));
#6708 = CARTESIAN_POINT('',(-61.73111788079,-101.4431444541,
    91.731117880799));
#6709 = CARTESIAN_POINT('',(-61.73111170646,-101.4431444541,
    91.731111706468));
#6710 = CARTESIAN_POINT('',(-61.73110555299,-101.4431444541,
    91.731105552991));
#6711 = CARTESIAN_POINT('',(-61.73109942036,-101.4431444541,
    91.731099420367));
#6712 = CARTESIAN_POINT('',(-61.73109330859,-101.4431444541,
    91.731093308597));
#6713 = CARTESIAN_POINT('',(-61.73108721768,-101.4431444541,
    91.731087217681));
#6714 = CARTESIAN_POINT('',(-61.73108114761,-101.4431444541,
    91.731081147617));
#6715 = CARTESIAN_POINT('',(-55.66721966568,-101.4431439005,
    85.667219665672));
#6716 = CARTESIAN_POINT('',(-49.7480114832,-101.4431433423,
    79.748011483262));
#6717 = CARTESIAN_POINT('',(-43.97345055329,-101.4431427795,
    73.973450553145));
#6718 = CARTESIAN_POINT('',(-38.3435368794,-101.4431422147,
    68.343536879728));
#6719 = CARTESIAN_POINT('',(-32.858270463,-101.4431416448,
    62.858270462464));
#6720 = CARTESIAN_POINT('',(-27.5176513099,-101.4431410775,
    57.517651310625));
#6721 = CARTESIAN_POINT('',(-22.32167941993,-101.4431405045,
    52.321679419154));
#6722 = CARTESIAN_POINT('',(-17.27035480124,-101.4431399373,
    47.270354801942));
#6723 = CARTESIAN_POINT('',(-12.36367745375,-101.4431393671,
    42.363677453248));
#6724 = CARTESIAN_POINT('',(-7.601647385603,-101.4431388027,
    37.601647385902));
#6725 = CARTESIAN_POINT('',(-2.984264599466,-101.4431382399,
    32.984264599331));
#6726 = CARTESIAN_POINT('',(1.488470897589,-101.4431376825,
    28.511529102453));
#6727 = CARTESIAN_POINT('',(5.816559099861,-101.4431371298,
    24.183440900134));
#6728 = CARTESIAN_POINT('',(15.612012328709,-101.4431358488,
    14.387987671292));
#6729 = CARTESIAN_POINT('',(21.436733548538,-101.4431351065,
    8.563266451479));
#6730 = CARTESIAN_POINT('',(25.204844320957,-101.4431344293,
    4.795155678971));
#6731 = CARTESIAN_POINT('',(38.402831537876,-101.4431331918,
    -8.40283153769));
#6732 = CARTESIAN_POINT('',(25.535262315013,-101.4431324071,
    4.464737684633));
#6733 = CARTESIAN_POINT('',(59.088129633409,-101.443129563,
    -29.08812963288));
#6734 = CARTESIAN_POINT('',(37.233832098385,-101.4431307251,
    -7.233832098991));
#6735 = CARTESIAN_POINT('',(64.973297761705,-101.443129179,
    -34.97329776114));
#6736 = CARTESIAN_POINT('',(59.959974665623,-101.4431299944,
    -29.95997466604));
#6737 = CARTESIAN_POINT('',(71.936019173383,-101.4431284918,
    -41.93601917313));
#6738 = CARTESIAN_POINT('',(77.86549184222,-101.4431275567,
    -47.86549184233));
#6739 = CARTESIAN_POINT('',(85.747430896115,-101.44312576,
    -55.74743089607));
#6740 = CARTESIAN_POINT('',(93.596531410089,-101.4431231603,
    -63.59653141009));
#6741 = CARTESIAN_POINT('',(101.73109810334,-101.4431189139,
    -71.73109810334));
#6742 = CARTESIAN_POINT('',(101.73110417341,-101.4431189139,
    -71.73110417341));
#6743 = CARTESIAN_POINT('',(101.73111026433,-101.4431189139,
    -71.73111026433));
#6744 = CARTESIAN_POINT('',(101.7311163761,-101.4431189139,
    -71.7311163761));
#6745 = CARTESIAN_POINT('',(101.73112250872,-101.4431189139,
    -71.73112250872));
#6746 = CARTESIAN_POINT('',(101.7311286622,-101.4431189139,
    -71.7311286622));
#6747 = CARTESIAN_POINT('',(101.73113483653,-101.4431189139,
    -71.73113483653));
#6748 = CARTESIAN_POINT('',(101.73114103172,-101.4431189139,
    -71.73114103172));
#6749 = CARTESIAN_POINT('',(101.73114724775,-101.4431189139,
    -71.73114724775));
#6750 = CARTESIAN_POINT('',(101.73115348464,-101.4431189139,
    -71.73115348464));
#6751 = CARTESIAN_POINT('',(101.73115974239,-101.4431189139,
    -71.73115974239));
#6752 = CARTESIAN_POINT('',(101.73116602098,-101.4431189138,
    -71.73116602098));
#6753 = CARTESIAN_POINT('',(101.73117232043,-101.4431189138,
    -71.73117232043));
#6754 = CARTESIAN_POINT('',(101.73117864073,-101.4431189138,
    -71.73117864073));
#6755 = CARTESIAN_POINT('',(-61.73116229274,-101.4431538342,
    91.73116229274));
#6756 = CARTESIAN_POINT('',(-61.73115597243,-101.4431538342,
    91.731155972435));
#6757 = CARTESIAN_POINT('',(-61.73114967298,-101.4431538342,
    91.731149672983));
#6758 = CARTESIAN_POINT('',(-61.73114339438,-101.4431538342,
    91.731143394384));
#6759 = CARTESIAN_POINT('',(-61.73113713664,-101.4431538342,
    91.73113713664));
#6760 = CARTESIAN_POINT('',(-61.73113089974,-101.4431538342,
    91.731130899748));
#6761 = CARTESIAN_POINT('',(-61.73112468371,-101.4431538342,
    91.73112468371));
#6762 = CARTESIAN_POINT('',(-61.73111848852,-101.4431538342,
    91.731118488526));
#6763 = CARTESIAN_POINT('',(-61.73111231419,-101.4431538342,
    91.731112314195));
#6764 = CARTESIAN_POINT('',(-61.73110616071,-101.4431538342,
    91.731106160718));
#6765 = CARTESIAN_POINT('',(-61.73110002809,-101.4431538342,
    91.731100028094));
#6766 = CARTESIAN_POINT('',(-61.73109391632,-101.4431538342,
    91.731093916324));
#6767 = CARTESIAN_POINT('',(-61.7310878254,-101.4431538342,
    91.731087825407));
#6768 = CARTESIAN_POINT('',(-61.73108175534,-101.4431538342,
    91.731081755344));
#6769 = CARTESIAN_POINT('',(-55.66722021098,-101.4431534605,
    85.667220210973));
#6770 = CARTESIAN_POINT('',(-49.7480119661,-101.4431530783,
    79.748011966153));
#6771 = CARTESIAN_POINT('',(-43.97345097436,-101.4431526879,
    73.97345097421));
#6772 = CARTESIAN_POINT('',(-38.34353723984,-101.4431522921,
    68.343537240165));
#6773 = CARTESIAN_POINT('',(-32.85827076467,-101.4431518879,
    62.858270764131));
#6774 = CARTESIAN_POINT('',(-27.51765155537,-101.4431514832,
    57.517651556098));
#6775 = CARTESIAN_POINT('',(-22.32167961256,-101.44315107,
    52.321679611782));
#6776 = CARTESIAN_POINT('',(-17.27035494522,-101.44315066,
    47.270354945927));
#6777 = CARTESIAN_POINT('',(-12.36367755423,-101.4431502446,
    42.363677553721));
#6778 = CARTESIAN_POINT('',(-7.601647448721,-101.4431498328,
    37.60164744902));
#6779 = CARTESIAN_POINT('',(-2.984264632521,-101.4431494209,
    32.984264632386));
#6780 = CARTESIAN_POINT('',(1.488470886044,-101.4431490124,
    28.511529113998));
#6781 = CARTESIAN_POINT('',(5.816559099861,-101.4431486071,
    24.183440900134));
#6782 = CARTESIAN_POINT('',(15.612012328709,-101.4431476677,
    14.387987671292));
#6783 = CARTESIAN_POINT('',(21.436733569904,-101.4431471232,
    8.563266430113));
#6784 = CARTESIAN_POINT('',(25.204844146354,-101.4431466196,
    4.795155853574));
#6785 = CARTESIAN_POINT('',(38.402832242077,-101.4431456087,
    -8.402832241891));
#6786 = CARTESIAN_POINT('',(25.535260850584,-101.4431446608,
    4.464739149063));
#6787 = CARTESIAN_POINT('',(59.088131796564,-101.4431420691,
    -29.08813179604));
#6788 = CARTESIAN_POINT('',(37.233830445854,-101.4431433316,
    -7.233830446459));
#6789 = CARTESIAN_POINT('',(64.973299442044,-101.4431422168,
    -34.97329944148));
#6790 = CARTESIAN_POINT('',(59.959974568335,-101.4431433725,
    -29.95997456875));
#6791 = CARTESIAN_POINT('',(71.936020349077,-101.4431420145,
    -41.93602034883));
#6792 = CARTESIAN_POINT('',(77.865493230663,-101.4431412364,
    -47.86549323077));
#6793 = CARTESIAN_POINT('',(85.747433052649,-101.4431394419,
    -55.74743305261));
#6794 = CARTESIAN_POINT('',(93.596534519838,-101.4431366654,
    -63.59653451984));
#6795 = CARTESIAN_POINT('',(101.73110247901,-101.4431318816,
    -71.73110247901));
#6796 = CARTESIAN_POINT('',(101.73110854907,-101.4431318816,
    -71.73110854907));
#6797 = CARTESIAN_POINT('',(101.73111463999,-101.4431318816,
    -71.73111463999));
#6798 = CARTESIAN_POINT('',(101.73112075177,-101.4431318816,
    -71.73112075177));
#6799 = CARTESIAN_POINT('',(101.73112688439,-101.4431318816,
    -71.73112688439));
#6800 = CARTESIAN_POINT('',(101.73113303787,-101.4431318816,
    -71.73113303787));
#6801 = CARTESIAN_POINT('',(101.7311392122,-101.4431318816,
    -71.7311392122));
#6802 = CARTESIAN_POINT('',(101.73114540738,-101.4431318816,
    -71.73114540738));
#6803 = CARTESIAN_POINT('',(101.73115162342,-101.4431318816,
    -71.73115162342));
#6804 = CARTESIAN_POINT('',(101.73115786031,-101.4431318816,
    -71.73115786031));
#6805 = CARTESIAN_POINT('',(101.73116411805,-101.4431318816,
    -71.73116411805));
#6806 = CARTESIAN_POINT('',(101.73117039665,-101.4431318816,
    -71.73117039665));
#6807 = CARTESIAN_POINT('',(101.7311766961,-101.4431318816,
    -71.7311766961));
#6808 = CARTESIAN_POINT('',(101.7311830164,-101.4431318816,
    -71.7311830164));
#6809 = CARTESIAN_POINT('',(-61.73116290046,-101.4431632142,
    91.731162900467));
#6810 = CARTESIAN_POINT('',(-61.73115658016,-101.4431632142,
    91.731156580161));
#6811 = CARTESIAN_POINT('',(-61.7311502807,-101.4431632142,
    91.731150280709));
#6812 = CARTESIAN_POINT('',(-61.73114400211,-101.4431632142,
    91.731144002111));
#6813 = CARTESIAN_POINT('',(-61.73113774436,-101.4431632142,
    91.731137744366));
#6814 = CARTESIAN_POINT('',(-61.73113150747,-101.4431632142,
    91.731131507475));
#6815 = CARTESIAN_POINT('',(-61.73112529143,-101.4431632142,
    91.731125291437));
#6816 = CARTESIAN_POINT('',(-61.73111909625,-101.4431632142,
    91.731119096253));
#6817 = CARTESIAN_POINT('',(-61.73111292192,-101.4431632142,
    91.731112921922));
#6818 = CARTESIAN_POINT('',(-61.73110676844,-101.4431632142,
    91.731106768445));
#6819 = CARTESIAN_POINT('',(-61.73110063582,-101.4431632142,
    91.731100635821));
#6820 = CARTESIAN_POINT('',(-61.73109452405,-101.4431632142,
    91.731094524051));
#6821 = CARTESIAN_POINT('',(-61.73108843313,-101.4431632142,
    91.731088433134));
#6822 = CARTESIAN_POINT('',(-61.73108236307,-101.4431632142,
    91.73108236307));
#6823 = CARTESIAN_POINT('',(-55.66722075872,-101.4431630632,
    85.667220758713));
#6824 = CARTESIAN_POINT('',(-49.7480124532,-101.4431628993,
    79.748012453256));
#6825 = CARTESIAN_POINT('',(-43.9734514008,-101.4431627228,
    73.973451400651));
#6826 = CARTESIAN_POINT('',(-38.34353760627,-101.443162537,
    68.343537606594));
#6827 = CARTESIAN_POINT('',(-32.85827107246,-101.443162339,
    62.858271071924));
#6828 = CARTESIAN_POINT('',(-27.51765180669,-101.4431621369,
    57.517651807418));
#6829 = CARTESIAN_POINT('',(-22.32167981043,-101.4431619229,
    52.321679809648));
#6830 = CARTESIAN_POINT('',(-17.27035509359,-101.443161709,
    47.270355094293));
#6831 = CARTESIAN_POINT('',(-12.36367765807,-101.4431614869,
    42.363677657563));
#6832 = CARTESIAN_POINT('',(-7.601647514144,-101.4431612658,
    37.601647514443));
#6833 = CARTESIAN_POINT('',(-2.984264666878,-101.4431610422,
    32.984264666743));
#6834 = CARTESIAN_POINT('',(1.488470874012,-101.4431608199,
    28.511529126031));
#6835 = CARTESIAN_POINT('',(5.816559099861,-101.4431605989,
    24.183440900134));
#6836 = CARTESIAN_POINT('',(15.612012328709,-101.4431600865,
    14.387987671292));
#6837 = CARTESIAN_POINT('',(21.436733592425,-101.4431597893,
    8.563266407592));
#6838 = CARTESIAN_POINT('',(25.204843961823,-101.4431595032,
    4.795156038105));
#6839 = CARTESIAN_POINT('',(38.402832989205,-101.4431587825,
    -8.402832989019));
#6840 = CARTESIAN_POINT('',(25.535259297538,-101.443157656,
    4.464740702109));
#6841 = CARTESIAN_POINT('',(59.088134104858,-101.4431554143,
    -29.08813410433));
#6842 = CARTESIAN_POINT('',(37.233828683705,-101.4431567743,
    -7.233828684309));
#6843 = CARTESIAN_POINT('',(64.973301243891,-101.4431561975,
    -34.97330124333));
#6844 = CARTESIAN_POINT('',(59.959974463849,-101.4431577405,
    -29.95997446426));
#6845 = CARTESIAN_POINT('',(71.936021615488,-101.4431565806,
    -41.93602161524));
#6846 = CARTESIAN_POINT('',(77.865494729633,-101.4431560051,
    -47.86549472974));
#6847 = CARTESIAN_POINT('',(85.747435386039,-101.4431542458,
    -55.747435386));
#6848 = CARTESIAN_POINT('',(93.596537891435,-101.4431513077,
    -63.59653789144));
#6849 = CARTESIAN_POINT('',(101.73110723147,-101.4431459661,
    -71.73110723147));
#6850 = CARTESIAN_POINT('',(101.73111330153,-101.443145966,
    -71.73111330153));
#6851 = CARTESIAN_POINT('',(101.73111939245,-101.443145966,
    -71.73111939245));
#6852 = CARTESIAN_POINT('',(101.73112550423,-101.443145966,
    -71.73112550423));
#6853 = CARTESIAN_POINT('',(101.73113163685,-101.443145966,
    -71.73113163685));
#6854 = CARTESIAN_POINT('',(101.73113779033,-101.443145966,
    -71.73113779033));
#6855 = CARTESIAN_POINT('',(101.73114396466,-101.443145966,
    -71.73114396466));
#6856 = CARTESIAN_POINT('',(101.73115015985,-101.443145966,
    -71.73115015985));
#6857 = CARTESIAN_POINT('',(101.73115637588,-101.443145966,
    -71.73115637588));
#6858 = CARTESIAN_POINT('',(101.73116261277,-101.443145966,
    -71.73116261277));
#6859 = CARTESIAN_POINT('',(101.73116887051,-101.443145966,
    -71.73116887051));
#6860 = CARTESIAN_POINT('',(101.73117514911,-101.443145966,
    -71.73117514911));
#6861 = CARTESIAN_POINT('',(101.73118144856,-101.443145966,
    -71.73118144856));
#6862 = CARTESIAN_POINT('',(101.73118776886,-101.443145966,
    -71.73118776886));
#6863 = CARTESIAN_POINT('',(-61.73116350819,-101.4431725943,
    91.731163508193));
#6864 = CARTESIAN_POINT('',(-61.73115718788,-101.4431725943,
    91.731157187888));
#6865 = CARTESIAN_POINT('',(-61.73115088843,-101.4431725943,
    91.731150888436));
#6866 = CARTESIAN_POINT('',(-61.73114460983,-101.4431725943,
    91.731144609838));
#6867 = CARTESIAN_POINT('',(-61.73113835209,-101.4431725943,
    91.731138352093));
#6868 = CARTESIAN_POINT('',(-61.7311321152,-101.4431725943,
    91.731132115201));
#6869 = CARTESIAN_POINT('',(-61.73112589916,-101.4431725943,
    91.731125899164));
#6870 = CARTESIAN_POINT('',(-61.73111970397,-101.4431725943,
    91.731119703979));
#6871 = CARTESIAN_POINT('',(-61.73111352964,-101.4431725943,
    91.731113529648));
#6872 = CARTESIAN_POINT('',(-61.73110737617,-101.4431725943,
    91.731107376171));
#6873 = CARTESIAN_POINT('',(-61.73110124354,-101.4431725943,
    91.731101243547));
#6874 = CARTESIAN_POINT('',(-61.73109513177,-101.4431725943,
    91.731095131777));
#6875 = CARTESIAN_POINT('',(-61.73108904086,-101.4431725943,
    91.73108904086));
#6876 = CARTESIAN_POINT('',(-61.73108297079,-101.4431725943,
    91.731082970797));
#6877 = CARTESIAN_POINT('',(-55.6672213089,-101.4431727086,
    85.667221308892));
#6878 = CARTESIAN_POINT('',(-49.74801294451,-101.4431728051,
    79.748012944571));
#6879 = CARTESIAN_POINT('',(-43.97345183262,-101.4431728843,
    73.973451832468));
#6880 = CARTESIAN_POINT('',(-38.34353797869,-101.4431729494,
    68.343537979014));
#6881 = CARTESIAN_POINT('',(-32.85827138638,-101.443172998,
    62.858271385841));
#6882 = CARTESIAN_POINT('',(-27.51765206386,-101.4431730384,
    57.517652064585));
#6883 = CARTESIAN_POINT('',(-22.32168001353,-101.443173063,
    52.321680012753));
#6884 = CARTESIAN_POINT('',(-17.27035524634,-101.4431730842,
    47.27035524704));
#6885 = CARTESIAN_POINT('',(-12.36367776528,-101.4431730939,
    42.363677764774));
#6886 = CARTESIAN_POINT('',(-7.601647581872,-101.4431731015,
    37.60164758217));
#6887 = CARTESIAN_POINT('',(-2.984264702537,-101.4431731039,
    32.984264702401));
#6888 = CARTESIAN_POINT('',(1.488470861493,-101.4431731051,
    28.51152913855));
#6889 = CARTESIAN_POINT('',(5.816559099861,-101.4431731051,
    24.183440900134));
#6890 = CARTESIAN_POINT('',(15.612012328709,-101.4431731051,
    14.387987671292));
#6891 = CARTESIAN_POINT('',(21.436733616101,-101.4431731047,
    8.563266383916));
#6892 = CARTESIAN_POINT('',(25.204843767362,-101.44317308,4.795156232566
    ));
#6893 = CARTESIAN_POINT('',(38.40283377926,-101.4431727132,
    -8.402833779075));
#6894 = CARTESIAN_POINT('',(25.535257655876,-101.4431713926,
    4.464742343772));
#6895 = CARTESIAN_POINT('',(59.088136558293,-101.4431695986,
    -29.08813655777));
#6896 = CARTESIAN_POINT('',(37.233826811938,-101.4431710532,
    -7.233826812542));
#6897 = CARTESIAN_POINT('',(64.973303167245,-101.4431711209,
    -34.97330316668));
#6898 = CARTESIAN_POINT('',(59.959974352164,-101.4431730983,
    -29.95997435258));
#6899 = CARTESIAN_POINT('',(71.936022972617,-101.4431721901,
    -41.93602297237));
#6900 = CARTESIAN_POINT('',(77.86549633913,-101.4431718627,
    -47.86549633924));
#6901 = CARTESIAN_POINT('',(85.747437896284,-101.4431701719,
    -55.74743789624));
#6902 = CARTESIAN_POINT('',(93.596541524881,-101.4431670871,
    -63.59654152488));
#6903 = CARTESIAN_POINT('',(101.73111236072,-101.4431611671,
    -71.73111236072));
#6904 = CARTESIAN_POINT('',(101.73111843079,-101.4431611671,
    -71.73111843079));
#6905 = CARTESIAN_POINT('',(101.73112452171,-101.4431611671,
    -71.73112452171));
#6906 = CARTESIAN_POINT('',(101.73113063348,-101.4431611671,
    -71.73113063348));
#6907 = CARTESIAN_POINT('',(101.73113676611,-101.4431611671,
    -71.73113676611));
#6908 = CARTESIAN_POINT('',(101.73114291959,-101.4431611671,
    -71.73114291959));
#6909 = CARTESIAN_POINT('',(101.73114909392,-101.4431611671,
    -71.73114909392));
#6910 = CARTESIAN_POINT('',(101.7311552891,-101.4431611671,
    -71.7311552891));
#6911 = CARTESIAN_POINT('',(101.73116150514,-101.4431611671,
    -71.73116150514));
#6912 = CARTESIAN_POINT('',(101.73116774203,-101.4431611671,
    -71.73116774203));
#6913 = CARTESIAN_POINT('',(101.73117399977,-101.4431611671,
    -71.73117399977));
#6914 = CARTESIAN_POINT('',(101.73118027836,-101.4431611671,
    -71.73118027836));
#6915 = CARTESIAN_POINT('',(101.73118657781,-101.4431611671,
    -71.73118657781));
#6916 = CARTESIAN_POINT('',(101.73119289811,-101.4431611671,
    -71.73119289811));
#6917 = DEFINITIONAL_REPRESENTATION('',(#6918),#7230);
#6918 = B_SPLINE_CURVE_WITH_KNOTS('',3,(#6919,#6920,#6921,#6922,#6923,
    #6924,#6925,#6926,#6927,#6928,#6929,#6930,#6931,#6932,#6933,#6934,
    #6935,#6936,#6937,#6938,#6939,#6940,#6941,#6942,#6943,#6944,#6945,
    #6946,#6947,#6948,#6949,#6950,#6951,#6952,#6953,#6954,#6955,#6956,
    #6957,#6958,#6959,#6960,#6961,#6962,#6963,#6964,#6965,#6966,#6967,
    #6968,#6969,#6970,#6971,#6972,#6973,#6974,#6975,#6976,#6977,#6978,
    #6979,#6980,#6981,#6982,#6983,#6984,#6985,#6986,#6987,#6988,#6989,
    #6990,#6991,#6992,#6993,#6994,#6995,#6996,#6997,#6998,#6999,#7000,
    #7001,#7002,#7003,#7004,#7005,#7006,#7007,#7008,#7009,#7010,#7011,
    #7012,#7013,#7014,#7015,#7016,#7017,#7018,#7019,#7020,#7021,#7022,
    #7023,#7024,#7025,#7026,#7027,#7028,#7029,#7030,#7031,#7032,#7033,
    #7034,#7035,#7036,#7037,#7038,#7039,#7040,#7041,#7042,#7043,#7044,
    #7045,#7046,#7047,#7048,#7049,#7050,#7051,#7052,#7053,#7054,#7055,
    #7056,#7057,#7058,#7059,#7060,#7061,#7062,#7063,#7064,#7065,#7066,
    #7067,#7068,#7069,#7070,#7071,#7072,#7073,#7074,#7075,#7076,#7077,
    #7078,#7079,#7080,#7081,#7082,#7083,#7084,#7085,#7086,#7087,#7088,
    #7089,#7090,#7091,#7092,#7093,#7094,#7095,#7096,#7097,#7098,#7099,
    #7100,#7101,#7102,#7103,#7104,#7105,#7106,#7107,#7108,#7109,#7110,
    #7111,#7112,#7113,#7114,#7115,#7116,#7117,#7118,#7119,#7120,#7121,
    #7122,#7123,#7124,#7125,#7126,#7127,#7128,#7129,#7130,#7131,#7132,
    #7133,#7134,#7135,#7136,#7137,#7138,#7139,#7140,#7141,#7142,#7143,
    #7144,#7145,#7146,#7147,#7148,#7149,#7150,#7151,#7152,#7153,#7154,
    #7155,#7156,#7157,#7158,#7159,#7160,#7161,#7162,#7163,#7164,#7165,
    #7166,#7167,#7168,#7169,#7170,#7171,#7172,#7173,#7174,#7175,#7176,
    #7177,#7178,#7179,#7180,#7181,#7182,#7183,#7184,#7185,#7186,#7187,
    #7188,#7189,#7190,#7191,#7192,#7193,#7194,#7195,#7196,#7197,#7198,
    #7199,#7200,#7201,#7202,#7203,#7204,#7205,#7206,#7207,#7208,#7209,
    #7210,#7211,#7212,#7213,#7214,#7215,#7216,#7217,#7218,#7219,#7220,
    #7221,#7222,#7223,#7224,#7225,#7226,#7227,#7228,#7229),
  .UNSPECIFIED.,.F.,.F.,(4,1,1,1,1,1,1,1,1,1,1,1,1,1,1,1,1,1,1,1,1,1,1,1
    ,1,1,1,1,1,1,1,1,1,1,1,1,1,1,1,1,1,1,1,1,1,1,1,1,1,1,1,1,1,1,1,1,1,1
    ,1,1,1,1,1,1,1,1,1,1,1,1,1,1,1,1,1,1,1,1,1,1,1,1,1,1,1,1,1,1,1,1,1,1
    ,1,1,1,1,1,1,1,1,1,1,1,1,1,1,1,1,1,1,1,1,1,1,1,1,1,1,1,1,1,1,1,1,1,1
    ,1,1,1,1,1,1,1,1,1,1,1,1,1,1,1,1,1,1,1,1,1,1,1,1,1,1,1,1,1,1,1,1,1,1
    ,1,1,1,1,1,1,1,1,1,1,1,1,1,1,1,1,1,1,1,1,1,1,1,1,1,1,1,1,1,1,1,1,1,1
    ,1,1,1,1,1,1,1,1,1,1,1,1,1,1,1,1,1,1,1,1,1,1,1,1,1,1,1,1,1,1,1,1,1,1
    ,1,1,1,1,1,1,1,1,1,1,1,1,1,1,1,1,1,1,1,1,1,1,1,1,1,1,1,1,1,1,1,1,1,1
    ,1,1,1,1,1,1,1,1,1,1,1,1,1,1,1,1,1,1,1,1,1,1,1,1,1,1,1,1,1,1,1,1,1,1
    ,1,1,1,1,1,1,1,1,1,1,1,1,4),(44.07989211468,44.553658698724,
    45.027425282767,45.50119186681,45.974958450853,46.448725034897,
    46.92249161894,47.396258202983,47.870024787026,48.34379137107,
    48.817557955113,49.291324539156,49.765091123199,50.238857707243,
    50.712624291286,51.186390875329,51.660157459372,52.133924043416,
    52.607690627459,53.081457211502,53.555223795545,54.028990379589,
    54.502756963632,54.976523547675,55.450290131718,55.924056715762,
    56.397823299805,56.871589883848,57.345356467891,57.819123051934,
    58.292889635978,58.766656220021,59.240422804064,59.714189388107,
    60.187955972151,60.661722556194,61.135489140237,61.60925572428,
    62.083022308324,62.556788892367,63.03055547641,63.504322060453,
    63.978088644497,64.45185522854,64.925621812583,65.399388396626,
    65.87315498067,66.346921564713,66.820688148756,67.294454732799,
    67.768221316843,68.241987900886,68.715754484929,69.189521068972,
    69.663287653016,70.137054237059,70.610820821102,71.084587405145,
    71.558353989189,72.032120573232,72.505887157275,72.979653741318,
    73.453420325362,73.927186909405,74.400953493448,74.874720077491,
    75.348486661535,75.822253245578,76.296019829621,76.769786413664,
    77.243552997708,77.717319581751,78.191086165794,78.664852749837,
    79.138619333881,79.612385917924,80.086152501967,80.55991908601,
    81.033685670054,81.507452254097,81.98121883814,82.454985422183,
    82.928752006227,83.40251859027,83.876285174313,84.350051758356,
    84.823818342399,85.297584926443,85.771351510486,86.245118094529,
    86.718884678572,87.192651262616,87.666417846659,88.140184430702,
    88.613951014745,89.087717598789,89.561484182832,90.035250766875,
    90.509017350918,90.982783934962,91.456550519005,91.930317103048,
    92.404083687091,92.877850271135,93.351616855178,93.825383439221,
    94.299150023264,94.772916607308,95.246683191351,95.720449775394,
    96.194216359437,96.667982943481,97.141749527524,97.615516111567,
    98.08928269561,98.563049279654,99.036815863697,99.51058244774,
    99.984349031783,100.45811561582,100.93188219987,101.40564878391,
    101.87941536795,102.353181952,102.82694853604,103.30071512008,
    103.77448170412,104.24824828817,104.72201487221,105.19578145625,
    105.6695480403,106.14331462434,106.61708120838,107.09084779243,
    107.56461437647,108.03838096051,108.51214754456,108.9859141286,
    109.45968071264,109.93344729669,110.40721388073,110.88098046477,
    111.35474704882,111.82851363286,112.3022802169,112.77604680095,
    113.24981338499,113.72357996903,114.19734655308,114.67111313712,
    115.14487972116,115.61864630521,116.09241288925,116.56617947329,
    117.03994605734,117.51371264138,117.98747922542,118.46124580947,
    118.93501239351,119.40877897755,119.8825455616,120.35631214564,
    120.83007872968,121.30384531372,121.77761189777,122.25137848181,
    122.72514506585,123.1989116499,123.67267823394,124.14644481798,
    124.62021140203,125.09397798607,125.56774457011,126.04151115416,
    126.5152777382,126.98904432224,127.46281090629,127.93657749033,
    128.41034407437,128.88411065842,129.35787724246,129.8316438265,
    130.30541041055,130.77917699459,131.25294357863,131.72671016268,
    132.20047674672,132.67424333076,133.14800991481,133.62177649885,
    134.09554308289,134.56930966694,135.04307625098,135.51684283502,
    135.99060941907,136.46437600311,136.93814258715,137.4119091712,
    137.88567575524,138.35944233928,138.83320892332,139.30697550737,
    139.78074209141,140.25450867545,140.7282752595,141.20204184354,
    141.67580842758,142.14957501163,142.62334159567,143.09710817971,
    143.57087476376,144.0446413478,144.51840793184,144.99217451589,
    145.46594109993,145.93970768397,146.41347426802,146.88724085206,
    147.3610074361,147.83477402015,148.30854060419,148.78230718823,
    149.25607377228,149.72984035632,150.20360694036,150.67737352441,
    151.15114010845,151.62490669249,152.09867327654,152.57243986058,
    153.04620644462,153.51997302867,153.99373961271,154.46750619675,
    154.9412727808,155.41503936484,155.88880594888,156.36257253293,
    156.83633911697,157.31010570101,157.78387228505,158.2576388691,
    158.73140545314,159.20517203718,159.67893862123,160.15270520527,
    160.62647178931,161.10023837336,161.5740049574,162.04777154144,
    162.52153812549,162.99530470953,163.46907129357,163.94283787762,
    164.41660446166,164.8903710457,165.36413762975,165.83790421379,
    166.31167079783,166.78543738188,167.25920396592,167.73297054996,
    168.20673713401,168.68050371805,169.15427030209,169.62803688614,
    170.10180347018,170.57557005422,171.04933663827,171.52310322231,
    171.99686980635,172.4706363904,172.94440297444,173.41816955848,
    173.89193614253,174.36570272657,174.83946931061,175.31323589465,
    175.7870024787,176.26076906274,176.73453564678,177.20830223083,
    177.68206881487,178.15583539891,178.62960198296,179.103368567,
    179.57713515104,180.05090173509,180.52466831913,180.99843490317,
    181.47220148722,181.94596807126,182.4197346553,182.89350123935,
    183.36726782339,183.84103440743,184.31480099148,184.78856757552,
    185.26233415956,185.73610074361,186.20986732765,186.68363391169,
    187.15740049574,187.63116707978,188.10493366382,188.57870024787,
    189.05246683191,189.52623341595,190.),.QUASI_UNIFORM_KNOTS.);
#6919 = CARTESIAN_POINT('',(1.663286553824,-14.14213562372));
#6920 = CARTESIAN_POINT('',(1.663585338698,-14.11150815803));
#6921 = CARTESIAN_POINT('',(1.664183178288,-14.05025876823));
#6922 = CARTESIAN_POINT('',(1.665080749994,-13.95839973918));
#6923 = CARTESIAN_POINT('',(1.665979135523,-13.866554302));
#6924 = CARTESIAN_POINT('',(1.666878340929,-13.77472062441));
#6925 = CARTESIAN_POINT('',(1.66777836867,-13.682897302));
#6926 = CARTESIAN_POINT('',(1.668679221859,-13.59108292946));
#6927 = CARTESIAN_POINT('',(1.66958090314,-13.49927621073));
#6928 = CARTESIAN_POINT('',(1.670483415001,-13.40747592487));
#6929 = CARTESIAN_POINT('',(1.671386759699,-13.31568093085));
#6930 = CARTESIAN_POINT('',(1.672290939297,-13.22389016194));
#6931 = CARTESIAN_POINT('',(1.673195955658,-13.13210262324));
#6932 = CARTESIAN_POINT('',(1.674101810463,-13.04031738833));
#6933 = CARTESIAN_POINT('',(1.675008505215,-12.94853359641));
#6934 = CARTESIAN_POINT('',(1.675916041246,-12.85675044944));
#6935 = CARTESIAN_POINT('',(1.676824419724,-12.76496720936));
#6936 = CARTESIAN_POINT('',(1.677733641665,-12.67318319545));
#6937 = CARTESIAN_POINT('',(1.678643707931,-12.58139778178));
#6938 = CARTESIAN_POINT('',(1.679554619246,-12.48961039472));
#6939 = CARTESIAN_POINT('',(1.680466376197,-12.39782051055));
#6940 = CARTESIAN_POINT('',(1.681378979239,-12.30602765317));
#6941 = CARTESIAN_POINT('',(1.682292428707,-12.21423139187));
#6942 = CARTESIAN_POINT('',(1.683206724813,-12.1224313392));
#6943 = CARTESIAN_POINT('',(1.684121867662,-12.03062714882));
#6944 = CARTESIAN_POINT('',(1.685037857246,-11.9388185136));
#6945 = CARTESIAN_POINT('',(1.685954693459,-11.8470051636));
#6946 = CARTESIAN_POINT('',(1.686872376095,-11.75518686421));
#6947 = CARTESIAN_POINT('',(1.687790904857,-11.66336341438));
#6948 = CARTESIAN_POINT('',(1.688710279359,-11.57153464482));
#6949 = CARTESIAN_POINT('',(1.689630499131,-11.47970041634));
#6950 = CARTESIAN_POINT('',(1.690551563626,-11.38786061822));
#6951 = CARTESIAN_POINT('',(1.691473472219,-11.29601516661));
#6952 = CARTESIAN_POINT('',(1.692396224215,-11.20416400303));
#6953 = CARTESIAN_POINT('',(1.693319818852,-11.11230709288));
#6954 = CARTESIAN_POINT('',(1.694244255304,-11.02044442402));
#6955 = CARTESIAN_POINT('',(1.695169532683,-10.92857600544));
#6956 = CARTESIAN_POINT('',(1.696095650048,-10.83670186587));
#6957 = CARTESIAN_POINT('',(1.697022606401,-10.74482205255));
#6958 = CARTESIAN_POINT('',(1.697950400694,-10.65293663));
#6959 = CARTESIAN_POINT('',(1.698879031833,-10.56104567881));
#6960 = CARTESIAN_POINT('',(1.699808498679,-10.46914929451));
#6961 = CARTESIAN_POINT('',(1.70073880005,-10.37724758645));
#6962 = CARTESIAN_POINT('',(1.701669934727,-10.2853406768));
#6963 = CARTESIAN_POINT('',(1.702601901452,-10.19342869944));
#6964 = CARTESIAN_POINT('',(1.703534698936,-10.10151179904));
#6965 = CARTESIAN_POINT('',(1.704468325856,-10.00959013009));
#6966 = CARTESIAN_POINT('',(1.705402780859,-9.91766385604));
#6967 = CARTESIAN_POINT('',(1.706338062568,-9.825733148324));
#6968 = CARTESIAN_POINT('',(1.707274169577,-9.733798185642));
#6969 = CARTESIAN_POINT('',(1.708211100458,-9.64185915308));
#6970 = CARTESIAN_POINT('',(1.709148853763,-9.549916241379));
#6971 = CARTESIAN_POINT('',(1.710087428021,-9.457969646178));
#6972 = CARTESIAN_POINT('',(1.711026821747,-9.366019567321));
#6973 = CARTESIAN_POINT('',(1.711967033436,-9.27406620818));
#6974 = CARTESIAN_POINT('',(1.71290806157,-9.182109775007));
#6975 = CARTESIAN_POINT('',(1.713849904618,-9.090150476331));
#6976 = CARTESIAN_POINT('',(1.714792561035,-8.998188522351));
#6977 = CARTESIAN_POINT('',(1.715736029266,-8.906224124412));
#6978 = CARTESIAN_POINT('',(1.716680307746,-8.814257494426));
#6979 = CARTESIAN_POINT('',(1.717625394904,-8.722288844431));
#6980 = CARTESIAN_POINT('',(1.718571289157,-8.63031838603));
#6981 = CARTESIAN_POINT('',(1.71951798892,-8.538346330036));
#6982 = CARTESIAN_POINT('',(1.7204654926,-8.446372885932));
#6983 = CARTESIAN_POINT('',(1.7214137986,-8.354398261578));
#6984 = CARTESIAN_POINT('',(1.722362905319,-8.262422662719));
#6985 = CARTESIAN_POINT('',(1.723312811153,-8.170446292723));
#6986 = CARTESIAN_POINT('',(1.724263514496,-8.078469352155));
#6987 = CARTESIAN_POINT('',(1.725215013739,-7.986492038531));
#6988 = CARTESIAN_POINT('',(1.726167307274,-7.894514545961));
#6989 = CARTESIAN_POINT('',(1.727120393491,-7.802537064918));
#6990 = CARTESIAN_POINT('',(1.72807427078,-7.71055978194));
#6991 = CARTESIAN_POINT('',(1.729028937532,-7.618582879418));
#6992 = CARTESIAN_POINT('',(1.729984392137,-7.526606535361));
#6993 = CARTESIAN_POINT('',(1.730940632988,-7.43463092318));
#6994 = CARTESIAN_POINT('',(1.731897658477,-7.342656211531));
#6995 = CARTESIAN_POINT('',(1.732855467002,-7.250682564094));
#6996 = CARTESIAN_POINT('',(1.733814056957,-7.158710139482));
#6997 = CARTESIAN_POINT('',(1.734773426743,-7.066739091011));
#6998 = CARTESIAN_POINT('',(1.735733574759,-6.974769566685));
#6999 = CARTESIAN_POINT('',(1.736694499411,-6.88280170895));
#7000 = CARTESIAN_POINT('',(1.737656199103,-6.790835654745));
#7001 = CARTESIAN_POINT('',(1.738618672244,-6.698871535249));
#7002 = CARTESIAN_POINT('',(1.739581917243,-6.606909475986));
#7003 = CARTESIAN_POINT('',(1.740545932515,-6.514949596581));
#7004 = CARTESIAN_POINT('',(1.741510716473,-6.422992010881));
#7005 = CARTESIAN_POINT('',(1.742476267537,-6.331036826766));
#7006 = CARTESIAN_POINT('',(1.743442584125,-6.239084146248));
#7007 = CARTESIAN_POINT('',(1.74440966466,-6.147134065345));
#7008 = CARTESIAN_POINT('',(1.745377507564,-6.055186674159));
#7009 = CARTESIAN_POINT('',(1.746346111264,-5.963242056815));
#7010 = CARTESIAN_POINT('',(1.747315474187,-5.871300291507));
#7011 = CARTESIAN_POINT('',(1.748285594761,-5.779361450507));
#7012 = CARTESIAN_POINT('',(1.749256471415,-5.687425600175));
#7013 = CARTESIAN_POINT('',(1.750228102581,-5.595492801034));
#7014 = CARTESIAN_POINT('',(1.751200486689,-5.503563107745));
#7015 = CARTESIAN_POINT('',(1.752173622171,-5.411636569254));
#7016 = CARTESIAN_POINT('',(1.753147507458,-5.319713228716));
#7017 = CARTESIAN_POINT('',(1.754122140983,-5.22779312372));
#7018 = CARTESIAN_POINT('',(1.755097521176,-5.13587628616));
#7019 = CARTESIAN_POINT('',(1.756073646467,-5.043962742539));
#7020 = CARTESIAN_POINT('',(1.757050515286,-4.952052513792));
#7021 = CARTESIAN_POINT('',(1.758028126059,-4.860145615633));
#7022 = CARTESIAN_POINT('',(1.759006477214,-4.768242058392));
#7023 = CARTESIAN_POINT('',(1.759985567173,-4.676341847335));
#7024 = CARTESIAN_POINT('',(1.760965394358,-4.58444498256));
#7025 = CARTESIAN_POINT('',(1.761945957186,-4.492551459274));
#7026 = CARTESIAN_POINT('',(1.762927254073,-4.400661267748));
#7027 = CARTESIAN_POINT('',(1.76390928343,-4.308774393542));
#7028 = CARTESIAN_POINT('',(1.764892043664,-4.216890817535));
#7029 = CARTESIAN_POINT('',(1.765875533178,-4.125010516083));
#7030 = CARTESIAN_POINT('',(1.76685975037,-4.033133461126));
#7031 = CARTESIAN_POINT('',(1.767844693633,-3.941259620282));
#7032 = CARTESIAN_POINT('',(1.768830361354,-3.849388957027));
#7033 = CARTESIAN_POINT('',(1.769816751914,-3.757521430722));
#7034 = CARTESIAN_POINT('',(1.770803863688,-3.66565699687));
#7035 = CARTESIAN_POINT('',(1.771791695044,-3.573795607072));
#7036 = CARTESIAN_POINT('',(1.772780244343,-3.481937209368));
#7037 = CARTESIAN_POINT('',(1.77376950994,-3.390081748103));
#7038 = CARTESIAN_POINT('',(1.774759490178,-3.298229164363));
#7039 = CARTESIAN_POINT('',(1.775750183395,-3.20637939577));
#7040 = CARTESIAN_POINT('',(1.776741587921,-3.114532376961));
#7041 = CARTESIAN_POINT('',(1.777733702074,-3.022688039376));
#7042 = CARTESIAN_POINT('',(1.778726524163,-2.930846311712));
#7043 = CARTESIAN_POINT('',(1.77972005249,-2.839007119768));
#7044 = CARTESIAN_POINT('',(1.780714285344,-2.747170386821));
#7045 = CARTESIAN_POINT('',(1.781709221005,-2.65533603356));
#7046 = CARTESIAN_POINT('',(1.78270485774,-2.563503978373));
#7047 = CARTESIAN_POINT('',(1.783701193808,-2.471674137367));
#7048 = CARTESIAN_POINT('',(1.784698227452,-2.379846424564));
#7049 = CARTESIAN_POINT('',(1.785695956908,-2.288020752014));
#7050 = CARTESIAN_POINT('',(1.786694380395,-2.196197029899));
#7051 = CARTESIAN_POINT('',(1.787693496123,-2.104375166732));
#7052 = CARTESIAN_POINT('',(1.788693302286,-2.012555069369));
#7053 = CARTESIAN_POINT('',(1.789693797067,-1.920736643304));
#7054 = CARTESIAN_POINT('',(1.790694978634,-1.828919792575));
#7055 = CARTESIAN_POINT('',(1.791696845142,-1.737104420163));
#7056 = CARTESIAN_POINT('',(1.792699394731,-1.64529042779));
#7057 = CARTESIAN_POINT('',(1.793702625526,-1.553477716419));
#7058 = CARTESIAN_POINT('',(1.794706535639,-1.461666185959));
#7059 = CARTESIAN_POINT('',(1.795711123164,-1.36985573582));
#7060 = CARTESIAN_POINT('',(1.796716386184,-1.278046264605));
#7061 = CARTESIAN_POINT('',(1.797722322761,-1.186237670627));
#7062 = CARTESIAN_POINT('',(1.798728930945,-1.094429851665));
#7063 = CARTESIAN_POINT('',(1.799736208768,-1.002622705387));
#7064 = CARTESIAN_POINT('',(1.800744154246,-0.910816129211));
#7065 = CARTESIAN_POINT('',(1.801752765379,-0.819010020611));
#7066 = CARTESIAN_POINT('',(1.802762040149,-0.727204277084));
#7067 = CARTESIAN_POINT('',(1.803771976521,-0.635398796345));
#7068 = CARTESIAN_POINT('',(1.804782572445,-0.543593476402));
#7069 = CARTESIAN_POINT('',(1.805793825849,-0.45178821563));
#7070 = CARTESIAN_POINT('',(1.806805734647,-0.359982912962));
#7071 = CARTESIAN_POINT('',(1.807818296735,-0.268177467839));
#7072 = CARTESIAN_POINT('',(1.808831509988,-0.17637178052));
#7073 = CARTESIAN_POINT('',(1.809845372265,-8.456575190068E-02));
#7074 = CARTESIAN_POINT('',(1.810859881406,7.24071605372E-03));
#7075 = CARTESIAN_POINT('',(1.811875035234,9.904772061757E-02));
#7076 = CARTESIAN_POINT('',(1.812890831549,0.190855357755));
#7077 = CARTESIAN_POINT('',(1.813907268138,0.282663722541));
#7078 = CARTESIAN_POINT('',(1.814924342763,0.374472908545));
#7079 = CARTESIAN_POINT('',(1.815942053172,0.466283008266));
#7080 = CARTESIAN_POINT('',(1.81696039709,0.558094112576));
#7081 = CARTESIAN_POINT('',(1.817979372225,0.649906311062));
#7082 = CARTESIAN_POINT('',(1.818998976264,0.741719691584));
#7083 = CARTESIAN_POINT('',(1.820019206876,0.833534340509));
#7084 = CARTESIAN_POINT('',(1.82104006171,0.92535034239));
#7085 = CARTESIAN_POINT('',(1.822061538393,1.01716778008));
#7086 = CARTESIAN_POINT('',(1.823083634536,1.108986734548));
#7087 = CARTESIAN_POINT('',(1.824106347728,1.200807284857));
#7088 = CARTESIAN_POINT('',(1.825129675537,1.29262950813));
#7089 = CARTESIAN_POINT('',(1.826153615514,1.384453479386));
#7090 = CARTESIAN_POINT('',(1.827178165189,1.476279271654));
#7091 = CARTESIAN_POINT('',(1.828203322069,1.56810695567));
#7092 = CARTESIAN_POINT('',(1.829229083646,1.659936600143));
#7093 = CARTESIAN_POINT('',(1.830255447388,1.751768271303));
#7094 = CARTESIAN_POINT('',(1.831282410747,1.843602033326));
#7095 = CARTESIAN_POINT('',(1.832309971148,1.935437947739));
#7096 = CARTESIAN_POINT('',(1.833338126005,2.027276073978));
#7097 = CARTESIAN_POINT('',(1.834366872704,2.119116468705));
#7098 = CARTESIAN_POINT('',(1.835396208616,2.210959186398));
#7099 = CARTESIAN_POINT('',(1.836426131091,2.302804278723));
#7100 = CARTESIAN_POINT('',(1.837456637457,2.394651795019));
#7101 = CARTESIAN_POINT('',(1.838487725025,2.48650178181));
#7102 = CARTESIAN_POINT('',(1.839519391084,2.578354283148));
#7103 = CARTESIAN_POINT('',(1.840551632904,2.670209340282));
#7104 = CARTESIAN_POINT('',(1.841584447735,2.762066991845));
#7105 = CARTESIAN_POINT('',(1.842617832809,2.853927273694));
#7106 = CARTESIAN_POINT('',(1.843651785336,2.945790218932));
#7107 = CARTESIAN_POINT('',(1.844686302507,3.037655857917));
#7108 = CARTESIAN_POINT('',(1.845721381495,3.129524218125));
#7109 = CARTESIAN_POINT('',(1.846757019453,3.22139532433));
#7110 = CARTESIAN_POINT('',(1.847793213513,3.313269198299));
#7111 = CARTESIAN_POINT('',(1.848829960792,3.405145859148));
#7112 = CARTESIAN_POINT('',(1.849867258382,3.49702532287));
#7113 = CARTESIAN_POINT('',(1.850905103363,3.588907602866));
#7114 = CARTESIAN_POINT('',(1.851943492789,3.680792709309));
#7115 = CARTESIAN_POINT('',(1.852982423701,3.772680649827));
#7116 = CARTESIAN_POINT('',(1.854021893119,3.864571428766));
#7117 = CARTESIAN_POINT('',(1.855061898045,3.956465047905));
#7118 = CARTESIAN_POINT('',(1.856102435462,4.048361505789));
#7119 = CARTESIAN_POINT('',(1.857143502337,4.14026079831));
#7120 = CARTESIAN_POINT('',(1.858185095615,4.232162918206));
#7121 = CARTESIAN_POINT('',(1.859227212227,4.324067855484));
#7122 = CARTESIAN_POINT('',(1.860269849085,4.415975597083));
#7123 = CARTESIAN_POINT('',(1.861313003083,4.507886127129));
#7124 = CARTESIAN_POINT('',(1.862356671097,4.599799426787));
#7125 = CARTESIAN_POINT('',(1.863400849988,4.691715474326));
#7126 = CARTESIAN_POINT('',(1.864445536598,4.783634245167));
#7127 = CARTESIAN_POINT('',(1.865490727752,4.87555571176));
#7128 = CARTESIAN_POINT('',(1.86653642026,4.967479843826));
#7129 = CARTESIAN_POINT('',(1.867582610914,5.059406608045));
#7130 = CARTESIAN_POINT('',(1.86862929649,5.151335968493));
#7131 = CARTESIAN_POINT('',(1.869676473746,5.243267886141));
#7132 = CARTESIAN_POINT('',(1.870724139429,5.335202319487));
#7133 = CARTESIAN_POINT('',(1.871772290265,5.427139223868));
#7134 = CARTESIAN_POINT('',(1.872820922967,5.519078552269));
#7135 = CARTESIAN_POINT('',(1.873870034231,5.611020254509));
#7136 = CARTESIAN_POINT('',(1.87491962074,5.702964278092));
#7137 = CARTESIAN_POINT('',(1.875969679158,5.794910567464));
#7138 = CARTESIAN_POINT('',(1.877020206141,5.886859064719));
#7139 = CARTESIAN_POINT('',(1.878071198322,5.978809709043));
#7140 = CARTESIAN_POINT('',(1.879122652325,6.070762437224));
#7141 = CARTESIAN_POINT('',(1.88017456476,6.162717183301));
#7142 = CARTESIAN_POINT('',(1.881226932219,6.254673878872));
#7143 = CARTESIAN_POINT('',(1.882279751284,6.346632452949));
#7144 = CARTESIAN_POINT('',(1.883333018521,6.438592832065));
#7145 = CARTESIAN_POINT('',(1.884386730484,6.530554940336));
#7146 = CARTESIAN_POINT('',(1.885440883713,6.622518699361));
#7147 = CARTESIAN_POINT('',(1.886495474736,6.7144840285));
#7148 = CARTESIAN_POINT('',(1.887550500066,6.806450844557));
#7149 = CARTESIAN_POINT('',(1.888605956207,6.898419062279));
#7150 = CARTESIAN_POINT('',(1.889661839646,6.990388593823));
#7151 = CARTESIAN_POINT('',(1.890718146864,7.082359349477));
#7152 = CARTESIAN_POINT('',(1.891774874322,7.174331236909));
#7153 = CARTESIAN_POINT('',(1.892832018477,7.266304162087));
#7154 = CARTESIAN_POINT('',(1.89388957577,7.358278028391));
#7155 = CARTESIAN_POINT('',(1.894947542632,7.450252737572));
#7156 = CARTESIAN_POINT('',(1.896005915483,7.542228188943));
#7157 = CARTESIAN_POINT('',(1.897064690732,7.634204280179));
#7158 = CARTESIAN_POINT('',(1.898123864777,7.72618090671));
#7159 = CARTESIAN_POINT('',(1.899183434006,7.818157962304));
#7160 = CARTESIAN_POINT('',(1.900243394797,7.910135338682));
#7161 = CARTESIAN_POINT('',(1.901303743517,8.002112925885));
#7162 = CARTESIAN_POINT('',(1.902364476524,8.094090612109));
#7163 = CARTESIAN_POINT('',(1.903425590166,8.186068283848));
#7164 = CARTESIAN_POINT('',(1.904487080783,8.278045825959));
#7165 = CARTESIAN_POINT('',(1.905548944703,8.370023121572));
#7166 = CARTESIAN_POINT('',(1.906611178247,8.462000052393));
#7167 = CARTESIAN_POINT('',(1.907673777727,8.553976498379));
#7168 = CARTESIAN_POINT('',(1.908736739447,8.645952338277));
#7169 = CARTESIAN_POINT('',(1.9098000597,8.73792744906));
#7170 = CARTESIAN_POINT('',(1.910863734775,8.82990170671));
#7171 = CARTESIAN_POINT('',(1.911927760948,8.921874985413));
#7172 = CARTESIAN_POINT('',(1.912992134493,9.013847158568));
#7173 = CARTESIAN_POINT('',(1.91405685167,9.105818097808));
#7174 = CARTESIAN_POINT('',(1.915121908738,9.197787674075));
#7175 = CARTESIAN_POINT('',(1.916187301944,9.289755756716));
#7176 = CARTESIAN_POINT('',(1.917253027531,9.381722214377));
#7177 = CARTESIAN_POINT('',(1.918319081732,9.473686914329));
#7178 = CARTESIAN_POINT('',(1.919385460778,9.565649723117));
#7179 = CARTESIAN_POINT('',(1.920452160888,9.657610506134));
#7180 = CARTESIAN_POINT('',(1.92151917828,9.749569128024));
#7181 = CARTESIAN_POINT('',(1.922586509162,9.8415254525));
#7182 = CARTESIAN_POINT('',(1.923654149738,9.933479342501));
#7183 = CARTESIAN_POINT('',(1.924722096207,10.025430660261));
#7184 = CARTESIAN_POINT('',(1.925790344759,10.117379267212));
#7185 = CARTESIAN_POINT('',(1.926858891584,10.209325024307));
#7186 = CARTESIAN_POINT('',(1.927927732861,10.301267791666));
#7187 = CARTESIAN_POINT('',(1.928996864769,10.393207429157));
#7188 = CARTESIAN_POINT('',(1.930066283477,10.485143795785));
#7189 = CARTESIAN_POINT('',(1.931135985156,10.577076750529));
#7190 = CARTESIAN_POINT('',(1.932205965965,10.669006151474));
#7191 = CARTESIAN_POINT('',(1.933276222065,10.760931856889));
#7192 = CARTESIAN_POINT('',(1.934346749607,10.852853724176));
#7193 = CARTESIAN_POINT('',(1.935417544743,10.944771611009));
#7194 = CARTESIAN_POINT('',(1.936488603618,11.036685374365));
#7195 = CARTESIAN_POINT('',(1.937559922375,11.128594871479));
#7196 = CARTESIAN_POINT('',(1.938631497151,11.220499959103));
#7197 = CARTESIAN_POINT('',(1.939703324082,11.312400494211));
#7198 = CARTESIAN_POINT('',(1.940775399298,11.40429633352));
#7199 = CARTESIAN_POINT('',(1.941847718929,11.496187333922));
#7200 = CARTESIAN_POINT('',(1.9429202791,11.588073352279));
#7201 = CARTESIAN_POINT('',(1.943993075932,11.679954245586));
#7202 = CARTESIAN_POINT('',(1.945066105546,11.771829871024));
#7203 = CARTESIAN_POINT('',(1.946139364057,11.863700085865));
#7204 = CARTESIAN_POINT('',(1.94721284758,11.955564747789));
#7205 = CARTESIAN_POINT('',(1.948286552225,12.047423714512));
#7206 = CARTESIAN_POINT('',(1.949360474104,12.139276844384));
#7207 = CARTESIAN_POINT('',(1.950434609321,12.231123995734));
#7208 = CARTESIAN_POINT('',(1.951508953984,12.322965027748));
#7209 = CARTESIAN_POINT('',(1.952583504191,12.414799799534));
#7210 = CARTESIAN_POINT('',(1.953658256048,12.506628171263));
#7211 = CARTESIAN_POINT('',(1.954733205649,12.598450003021));
#7212 = CARTESIAN_POINT('',(1.955808349096,12.690265156054));
#7213 = CARTESIAN_POINT('',(1.95688368248,12.782073491601));
#7214 = CARTESIAN_POINT('',(1.957959201902,12.873874872318));
#7215 = CARTESIAN_POINT('',(1.959034903439,12.965669159929));
#7216 = CARTESIAN_POINT('',(1.960110783228,13.057456221744));
#7217 = CARTESIAN_POINT('',(1.961186837199,13.149235908546));
#7218 = CARTESIAN_POINT('',(1.962263062032,13.241008135618));
#7219 = CARTESIAN_POINT('',(1.963339451614,13.332772581805));
#7220 = CARTESIAN_POINT('',(1.964416010238,13.424529811884));
#7221 = CARTESIAN_POINT('',(1.96549270337,13.516277088489));
#7222 = CARTESIAN_POINT('',(1.966569641368,13.608024002254));
#7223 = CARTESIAN_POINT('',(1.967646393838,13.699734139225));
#7224 = CARTESIAN_POINT('',(1.968724548513,13.791542781821));
#7225 = CARTESIAN_POINT('',(1.969798161347,13.882944436907));
#7226 = CARTESIAN_POINT('',(1.970889397293,13.975825023878));
#7227 = CARTESIAN_POINT('',(1.97185835379,14.058280640335));
#7228 = CARTESIAN_POINT('',(1.972513142176,14.113990139139));
#7229 = CARTESIAN_POINT('',(1.9728522103,14.142835855892));
#7230 = ( GEOMETRIC_REPRESENTATION_CONTEXT(2) 
PARAMETRIC_REPRESENTATION_CONTEXT() REPRESENTATION_CONTEXT('2D SPACE',''
  ) );
#7231 = ORIENTED_EDGE('',*,*,#7232,.F.);
#7232 = EDGE_CURVE('',#7233,#22,#7235,.T.);
#7233 = VERTEX_POINT('',#7234);
#7234 = CARTESIAN_POINT('',(-10.00000990913,3.174353036485E-08,20.));
#7235 = SURFACE_CURVE('',#7236,(#7473),.PCURVE_S1.);
#7236 = ( BOUNDED_CURVE() B_SPLINE_CURVE(10,(#7237,#7238,#7239,#7240,
    #7241,#7242,#7243,#7244,#7245,#7246,#7247,#7248,#7249,#7250,#7251,
    #7252,#7253,#7254,#7255,#7256,#7257,#7258,#7259,#7260,#7261,#7262,
    #7263,#7264,#7265,#7266,#7267,#7268,#7269,#7270,#7271,#7272,#7273,
    #7274,#7275,#7276,#7277,#7278,#7279,#7280,#7281,#7282,#7283,#7284,
    #7285,#7286,#7287,#7288,#7289,#7290,#7291,#7292,#7293,#7294,#7295,
    #7296,#7297,#7298,#7299,#7300,#7301,#7302,#7303,#7304,#7305,#7306,
    #7307,#7308,#7309,#7310,#7311,#7312,#7313,#7314,#7315,#7316,#7317,
    #7318,#7319,#7320,#7321,#7322,#7323,#7324,#7325,#7326,#7327,#7328,
    #7329,#7330,#7331,#7332,#7333,#7334,#7335,#7336,#7337,#7338,#7339,
    #7340,#7341,#7342,#7343,#7344,#7345,#7346,#7347,#7348,#7349,#7350,
    #7351,#7352,#7353,#7354,#7355,#7356,#7357,#7358,#7359,#7360,#7361,
    #7362,#7363,#7364,#7365,#7366,#7367,#7368,#7369,#7370,#7371,#7372,
    #7373,#7374,#7375,#7376,#7377,#7378,#7379,#7380,#7381,#7382,#7383,
    #7384,#7385,#7386,#7387,#7388,#7389,#7390,#7391,#7392,#7393,#7394,
    #7395,#7396,#7397,#7398,#7399,#7400,#7401,#7402,#7403,#7404,#7405,
    #7406,#7407,#7408,#7409,#7410,#7411,#7412,#7413,#7414,#7415,#7416,
    #7417,#7418,#7419,#7420,#7421,#7422,#7423,#7424,#7425,#7426,#7427,
    #7428,#7429,#7430,#7431,#7432,#7433,#7434,#7435,#7436,#7437,#7438,
    #7439,#7440,#7441,#7442,#7443,#7444,#7445,#7446,#7447,#7448,#7449,
    #7450,#7451,#7452,#7453,#7454,#7455,#7456,#7457,#7458,#7459,#7460,
    #7461,#7462,#7463,#7464,#7465,#7466,#7467,#7468,#7469,#7470,#7471,
#7472),.UNSPECIFIED.,.F.,.F.) B_SPLINE_CURVE_WITH_KNOTS((11,9,9,9,9,9,9,
    9,9,9,9,9,9,9,9,9,9,9,9,9,9,9,9,9,9,9,11),(0.,0.785398163397,
    1.178097245096,1.374446785946,1.47262155637,1.521708941583,
    1.570796326795,1.619883712007,1.66897109722,1.767145867644,
    1.963495408494,2.356194490192,2.748893571891,2.94524311274,
    3.043417883165,3.092505268377,3.14159265359,3.150911639024,
    3.160230624457,3.178868595325,3.21614453706,3.29069642053,
    3.439800187471,3.887111488292,4.334422789114,4.781734089935,
6.421875526281),.UNSPECIFIED.) CURVE() GEOMETRIC_REPRESENTATION_ITEM() 
RATIONAL_B_SPLINE_CURVE((1.,0.970710678119,0.944675725335,0.92189514165,
    0.902368927062,0.886097081573,0.873079605181,0.863316497887,
    0.856807759691,0.853553390593,0.853553390593,0.854366982868,
    0.855994167417,0.85843494424,0.861689313338,0.865757274711,
    0.870638828357,0.876333974279,0.882842712475,0.89382620818,
    0.897690771484,0.901758732856,0.906030092297,0.910504849807,
    0.915183005385,0.920064559032,0.925149510748,0.930437860532,
    0.938675482311,0.941472205754,0.944319778715,0.947218201193,
    0.950167473188,0.9531675947,0.956218565729,0.959320386276,
    0.96247305634,0.967278335711,0.96889280788,0.970519992429,
    0.972159889358,0.973812498665,0.975477820352,0.977155854418,
    0.978846600863,0.980550059688,0.983982402096,0.985711285679,
    0.987452881642,0.989207189984,0.990974210705,0.992753943805,
    0.994546389285,0.996351547144,0.998169417382,0.998169417382,
    0.996351547144,0.994546389285,0.992753943805,0.990974210705,
    0.989207189984,0.987452881642,0.985711285679,0.983982402096,
    0.980550059688,0.978846600863,0.977155854418,0.975477820352,
    0.973812498665,0.972159889358,0.970519992429,0.96889280788,
    0.967278335711,0.96247305634,0.959320386276,0.956218565729,
    0.9531675947,0.950167473188,0.947218201193,0.944319778715,
    0.941472205754,0.938675482311,0.930437860532,0.925149510748,
    0.920064559032,0.915183005385,0.910504849807,0.906030092297,
    0.901758732856,0.897690771484,0.89382620818,0.882842712475,
    0.876333974279,0.870638828357,0.865757274711,0.861689313338,
    0.85843494424,0.855994167417,0.854366982868,0.853553390593,
    0.853553390593,0.854366982868,0.855994167417,0.85843494424,
    0.861689313338,0.865757274711,0.870638828357,0.876333974279,
    0.882842712475,0.89382620818,0.897690771484,0.901758732856,
    0.906030092297,0.910504849807,0.915183005385,0.920064559032,
    0.925149510748,0.930437860532,0.938675482311,0.941472205754,
    0.944319778715,0.947218201193,0.950167473188,0.9531675947,
    0.956218565729,0.959320386276,0.96247305634,0.967278335711,
    0.96889280788,0.970519992429,0.972159889358,0.973812498665,
    0.975477820352,0.977155854418,0.978846600863,0.980550059688,
    0.983982402096,0.985711285679,0.987452881642,0.989207189984,
    0.990974210705,0.992753943805,0.994546389285,0.996351547144,
    0.998169417382,1.,1.,1.,1.,1.,1.,1.,1.,1.,1.,1.,1.,1.,1.,1.,1.,1.,1.
    ,1.,1.,1.,1.,1.,1.,1.,1.,1.,1.,1.,1.,1.,1.,1.,1.,1.,1.,1.,1.,1.,1.,
    1.,1.,1.,1.,1.,1.,1.,1.,1.,1.,1.,1.,1.,1.,1.,1.,1.,1.,1.,1.,1.,1.,1.
    ,1.,1.,1.,1.,1.,1.,1.,1.,1.,1.,1.,1.,1.,1.,1.,1.,1.,1.,1.,1.,1.,1.,
1.,1.,1.,1.,1.,1.)) REPRESENTATION_ITEM('') );
#7237 = CARTESIAN_POINT('',(10.,0.,20.));
#7238 = CARTESIAN_POINT('',(10.,0.728442364059,20.));
#7239 = CARTESIAN_POINT('',(9.9411908721,1.472676454455,20.));
#7240 = CARTESIAN_POINT('',(9.819212989486,2.226158547878,20.));
#7241 = CARTESIAN_POINT('',(9.630601937482,2.981436812156,20.));
#7242 = CARTESIAN_POINT('',(9.373030825731,3.730308257312,20.));
#7243 = CARTESIAN_POINT('',(9.04552422438,4.464040501402,20.));
#7244 = CARTESIAN_POINT('',(8.648622296085,5.173651057446,20.));
#7245 = CARTESIAN_POINT('',(8.184475411245,5.850229511417,20.));
#7246 = CARTESIAN_POINT('',(7.656854249492,6.485281374239,20.));
#7247 = CARTESIAN_POINT('',(6.778174593052,7.363961030679,20.));
#7248 = CARTESIAN_POINT('',(6.472372002518,7.642829218272,20.));
#7249 = CARTESIAN_POINT('',(6.15456881371,7.906917202399,20.));
#7250 = CARTESIAN_POINT('',(5.825736874557,8.155558153874,20.));
#7251 = CARTESIAN_POINT('',(5.486901335908,8.388179048538,20.));
#7252 = CARTESIAN_POINT('',(5.139130266343,8.60430472994,20.));
#7253 = CARTESIAN_POINT('',(4.783523869208,8.803560520461,20.));
#7254 = CARTESIAN_POINT('',(4.421203522421,8.985673367713,20.));
#7255 = CARTESIAN_POINT('',(4.053300858899,9.150471551271,20.));
#7256 = CARTESIAN_POINT('',(3.497057988673,9.370683031162,20.));
#7257 = CARTESIAN_POINT('',(3.312315985717,9.439147378791,20.));
#7258 = CARTESIAN_POINT('',(3.126857061828,9.503285468334,20.));
#7259 = CARTESIAN_POINT('',(2.940815776752,9.563112377063,20.));
#7260 = CARTESIAN_POINT('',(2.754325005934,9.618648684523,20.));
#7261 = CARTESIAN_POINT('',(2.567515684505,9.669920298393,20.));
#7262 = CARTESIAN_POINT('',(2.38051656501,9.716958267645,20.));
#7263 = CARTESIAN_POINT('',(2.193453989523,9.759798584293,20.));
#7264 = CARTESIAN_POINT('',(2.006451676688,9.798481975043,20.));
#7265 = CARTESIAN_POINT('',(1.727039699725,9.850187841645,20.));
#7266 = CARTESIAN_POINT('',(1.634518780887,9.866307199739,20.));
#7267 = CARTESIAN_POINT('',(1.542082092643,9.881418170846,20.));
#7268 = CARTESIAN_POINT('',(1.449743762173,9.895527415744,20.));
#7269 = CARTESIAN_POINT('',(1.357517714216,9.908641836302,20.));
#7270 = CARTESIAN_POINT('',(1.265417666709,9.920768568137,20.));
#7271 = CARTESIAN_POINT('',(1.173457126689,9.931914973208,20.));
#7272 = CARTESIAN_POINT('',(1.081649386428,9.942088632379,20.));
#7273 = CARTESIAN_POINT('',(0.990007519815,9.951297337945,20.));
#7274 = CARTESIAN_POINT('',(0.853039995464,9.963654463558,20.));
#7275 = CARTESIAN_POINT('',(0.807582694959,9.967522708773,20.));
#7276 = CARTESIAN_POINT('',(0.762174028765,9.971154853187,20.));
#7277 = CARTESIAN_POINT('',(0.71681553402,9.974551939857,20.));
#7278 = CARTESIAN_POINT('',(0.67150873362,9.977715023253,20.));
#7279 = CARTESIAN_POINT('',(0.62625513614,9.980645169024,20.));
#7280 = CARTESIAN_POINT('',(0.581056235755,9.983343453766,20.));
#7281 = CARTESIAN_POINT('',(0.535913512171,9.985810964786,20.));
#7282 = CARTESIAN_POINT('',(0.490828430559,9.988048799871,20.));
#7283 = CARTESIAN_POINT('',(0.400933512755,9.992060325486,20.));
#7284 = CARTESIAN_POINT('',(0.356125036819,9.993835528742,20.));
#7285 = CARTESIAN_POINT('',(0.311378426727,9.995384800884,20.));
#7286 = CARTESIAN_POINT('',(0.266695080845,9.996709275502,20.));
#7287 = CARTESIAN_POINT('',(0.222076382799,9.997810095494,20.));
#7288 = CARTESIAN_POINT('',(0.177523701437,9.998688412832,20.));
#7289 = CARTESIAN_POINT('',(0.133038390778,9.999345388336,20.));
#7290 = CARTESIAN_POINT('',(8.862178997505E-02,9.999782191447,20.));
#7291 = CARTESIAN_POINT('',(4.427522327828E-02,10.,20.));
#7292 = CARTESIAN_POINT('',(-4.427522327828E-02,10.,20.));
#7293 = CARTESIAN_POINT('',(-8.862178997504E-02,9.999782191447,20.));
#7294 = CARTESIAN_POINT('',(-0.133038390778,9.999345388336,20.));
#7295 = CARTESIAN_POINT('',(-0.177523701437,9.998688412832,20.));
#7296 = CARTESIAN_POINT('',(-0.222076382799,9.997810095494,20.));
#7297 = CARTESIAN_POINT('',(-0.266695080845,9.996709275502,20.));
#7298 = CARTESIAN_POINT('',(-0.311378426727,9.995384800884,20.));
#7299 = CARTESIAN_POINT('',(-0.356125036819,9.993835528742,20.));
#7300 = CARTESIAN_POINT('',(-0.400933512755,9.992060325486,20.));
#7301 = CARTESIAN_POINT('',(-0.490828430559,9.988048799871,20.));
#7302 = CARTESIAN_POINT('',(-0.535913512171,9.985810964786,20.));
#7303 = CARTESIAN_POINT('',(-0.581056235755,9.983343453766,20.));
#7304 = CARTESIAN_POINT('',(-0.62625513614,9.980645169024,20.));
#7305 = CARTESIAN_POINT('',(-0.67150873362,9.977715023253,20.));
#7306 = CARTESIAN_POINT('',(-0.71681553402,9.974551939857,20.));
#7307 = CARTESIAN_POINT('',(-0.762174028765,9.971154853187,20.));
#7308 = CARTESIAN_POINT('',(-0.807582694959,9.967522708773,20.));
#7309 = CARTESIAN_POINT('',(-0.853039995464,9.963654463558,20.));
#7310 = CARTESIAN_POINT('',(-0.990007519815,9.951297337945,20.));
#7311 = CARTESIAN_POINT('',(-1.081649386428,9.942088632379,20.));
#7312 = CARTESIAN_POINT('',(-1.173457126689,9.931914973208,20.));
#7313 = CARTESIAN_POINT('',(-1.265417666709,9.920768568137,20.));
#7314 = CARTESIAN_POINT('',(-1.357517714216,9.908641836302,20.));
#7315 = CARTESIAN_POINT('',(-1.449743762173,9.895527415744,20.));
#7316 = CARTESIAN_POINT('',(-1.542082092643,9.881418170846,20.));
#7317 = CARTESIAN_POINT('',(-1.634518780887,9.866307199739,20.));
#7318 = CARTESIAN_POINT('',(-1.727039699725,9.850187841645,20.));
#7319 = CARTESIAN_POINT('',(-2.006451676688,9.798481975043,20.));
#7320 = CARTESIAN_POINT('',(-2.193453989523,9.759798584293,20.));
#7321 = CARTESIAN_POINT('',(-2.38051656501,9.716958267645,20.));
#7322 = CARTESIAN_POINT('',(-2.567515684505,9.669920298393,20.));
#7323 = CARTESIAN_POINT('',(-2.754325005934,9.618648684523,20.));
#7324 = CARTESIAN_POINT('',(-2.940815776752,9.563112377063,20.));
#7325 = CARTESIAN_POINT('',(-3.126857061828,9.503285468334,20.));
#7326 = CARTESIAN_POINT('',(-3.312315985717,9.439147378791,20.));
#7327 = CARTESIAN_POINT('',(-3.497057988673,9.370683031162,20.));
#7328 = CARTESIAN_POINT('',(-4.053300858899,9.150471551271,20.));
#7329 = CARTESIAN_POINT('',(-4.421203522421,8.985673367713,20.));
#7330 = CARTESIAN_POINT('',(-4.783523869208,8.803560520461,20.));
#7331 = CARTESIAN_POINT('',(-5.139130266343,8.60430472994,20.));
#7332 = CARTESIAN_POINT('',(-5.486901335908,8.388179048538,20.));
#7333 = CARTESIAN_POINT('',(-5.825736874557,8.155558153874,20.));
#7334 = CARTESIAN_POINT('',(-6.15456881371,7.906917202399,20.));
#7335 = CARTESIAN_POINT('',(-6.472372002518,7.642829218272,20.));
#7336 = CARTESIAN_POINT('',(-6.778174593052,7.363961030679,20.));
#7337 = CARTESIAN_POINT('',(-7.363961030679,6.778174593052,20.));
#7338 = CARTESIAN_POINT('',(-7.642829218272,6.472372002518,20.));
#7339 = CARTESIAN_POINT('',(-7.906917202399,6.15456881371,20.));
#7340 = CARTESIAN_POINT('',(-8.155558153874,5.825736874557,20.));
#7341 = CARTESIAN_POINT('',(-8.388179048538,5.486901335908,20.));
#7342 = CARTESIAN_POINT('',(-8.60430472994,5.139130266343,20.));
#7343 = CARTESIAN_POINT('',(-8.803560520461,4.783523869208,20.));
#7344 = CARTESIAN_POINT('',(-8.985673367713,4.421203522421,20.));
#7345 = CARTESIAN_POINT('',(-9.150471551271,4.053300858899,20.));
#7346 = CARTESIAN_POINT('',(-9.370683031162,3.497057988673,20.));
#7347 = CARTESIAN_POINT('',(-9.439147378791,3.312315985717,20.));
#7348 = CARTESIAN_POINT('',(-9.503285468334,3.126857061828,20.));
#7349 = CARTESIAN_POINT('',(-9.563112377063,2.940815776752,20.));
#7350 = CARTESIAN_POINT('',(-9.618648684523,2.754325005934,20.));
#7351 = CARTESIAN_POINT('',(-9.669920298393,2.567515684505,20.));
#7352 = CARTESIAN_POINT('',(-9.716958267645,2.38051656501,20.));
#7353 = CARTESIAN_POINT('',(-9.759798584293,2.193453989523,20.));
#7354 = CARTESIAN_POINT('',(-9.798481975043,2.006451676688,20.));
#7355 = CARTESIAN_POINT('',(-9.850187841645,1.727039699725,20.));
#7356 = CARTESIAN_POINT('',(-9.866307199739,1.634518780887,20.));
#7357 = CARTESIAN_POINT('',(-9.881418170846,1.542082092643,20.));
#7358 = CARTESIAN_POINT('',(-9.895527415744,1.449743762173,20.));
#7359 = CARTESIAN_POINT('',(-9.908641836302,1.357517714216,20.));
#7360 = CARTESIAN_POINT('',(-9.920768568137,1.265417666709,20.));
#7361 = CARTESIAN_POINT('',(-9.931914973208,1.173457126689,20.));
#7362 = CARTESIAN_POINT('',(-9.942088632379,1.081649386428,20.));
#7363 = CARTESIAN_POINT('',(-9.951297337945,0.990007519815,20.));
#7364 = CARTESIAN_POINT('',(-9.963654463558,0.853039995464,20.));
#7365 = CARTESIAN_POINT('',(-9.967522708773,0.807582694959,20.));
#7366 = CARTESIAN_POINT('',(-9.971154853187,0.762174028765,20.));
#7367 = CARTESIAN_POINT('',(-9.974551939857,0.71681553402,20.));
#7368 = CARTESIAN_POINT('',(-9.977715023253,0.67150873362,20.));
#7369 = CARTESIAN_POINT('',(-9.980645169024,0.62625513614,20.));
#7370 = CARTESIAN_POINT('',(-9.983343453766,0.581056235755,20.));
#7371 = CARTESIAN_POINT('',(-9.985810964786,0.535913512171,20.));
#7372 = CARTESIAN_POINT('',(-9.988048799871,0.490828430559,20.));
#7373 = CARTESIAN_POINT('',(-9.992060325486,0.400933512755,20.));
#7374 = CARTESIAN_POINT('',(-9.993835528742,0.356125036819,20.));
#7375 = CARTESIAN_POINT('',(-9.995384800884,0.311378426727,20.));
#7376 = CARTESIAN_POINT('',(-9.996709275502,0.266695080845,20.));
#7377 = CARTESIAN_POINT('',(-9.997810095494,0.222076382799,20.));
#7378 = CARTESIAN_POINT('',(-9.998688412832,0.177523701437,20.));
#7379 = CARTESIAN_POINT('',(-9.999345388336,0.133038390778,20.));
#7380 = CARTESIAN_POINT('',(-9.999782191447,8.862178997504E-02,20.));
#7381 = CARTESIAN_POINT('',(-10.,4.427522327828E-02,20.));
#7382 = CARTESIAN_POINT('',(-10.,-8.390034636065E-03,20.));
#7383 = CARTESIAN_POINT('',(-10.,-1.678375899247E-02,20.));
#7384 = CARTESIAN_POINT('',(-10.,-2.518111187255E-02,20.));
#7385 = CARTESIAN_POINT('',(-10.,-3.358203326836E-02,20.));
#7386 = CARTESIAN_POINT('',(-10.,-4.198646430759E-02,20.));
#7387 = CARTESIAN_POINT('',(-10.,-5.039434720289E-02,20.));
#7388 = CARTESIAN_POINT('',(-10.,-5.880562520375E-02,20.));
#7389 = CARTESIAN_POINT('',(-10.,-6.722024255073E-02,20.));
#7390 = CARTESIAN_POINT('',(-10.,-7.563814443192E-02,20.));
#7391 = CARTESIAN_POINT('',(-10.,-9.248040945152E-02,20.));
#7392 = CARTESIAN_POINT('',(-10.,-0.10090477259,20.));
#7393 = CARTESIAN_POINT('',(-10.,-0.109332312451,20.));
#7394 = CARTESIAN_POINT('',(-10.,-0.117762976036,20.));
#7395 = CARTESIAN_POINT('',(-10.,-0.126196711211,20.));
#7396 = CARTESIAN_POINT('',(-10.,-0.134633466666,20.));
#7397 = CARTESIAN_POINT('',(-10.,-0.143073191882,20.));
#7398 = CARTESIAN_POINT('',(-10.,-0.151515837094,20.));
#7399 = CARTESIAN_POINT('',(-10.,-0.159961353258,20.));
#7400 = CARTESIAN_POINT('',(-10.,-0.185306369541,20.));
#7401 = CARTESIAN_POINT('',(-10.,-0.20221433745,20.));
#7402 = CARTESIAN_POINT('',(-10.,-0.219133208913,20.));
#7403 = CARTESIAN_POINT('',(-10.,-0.236062608134,20.));
#7404 = CARTESIAN_POINT('',(-10.,-0.253002169364,20.));
#7405 = CARTESIAN_POINT('',(-10.,-0.269951536027,20.));
#7406 = CARTESIAN_POINT('',(-10.,-0.286910359957,20.));
#7407 = CARTESIAN_POINT('',(-10.,-0.303878300735,20.));
#7408 = CARTESIAN_POINT('',(-10.,-0.320855025125,20.));
#7409 = CARTESIAN_POINT('',(-10.,-0.371810569503,20.));
#7410 = CARTESIAN_POINT('',(-10.,-0.4058147607,20.));
#7411 = CARTESIAN_POINT('',(-10.,-0.43985016784,20.));
#7412 = CARTESIAN_POINT('',(-10.,-0.473914285717,20.));
#7413 = CARTESIAN_POINT('',(-10.,-0.508004700741,20.));
#7414 = CARTESIAN_POINT('',(-10.,-0.54211908081,20.));
#7415 = CARTESIAN_POINT('',(-10.,-0.576255169459,20.));
#7416 = CARTESIAN_POINT('',(-10.,-0.610410783345,20.));
#7417 = CARTESIAN_POINT('',(-10.,-0.64458381219,20.));
#7418 = CARTESIAN_POINT('',(-10.,-0.747149037038,20.));
#7419 = CARTESIAN_POINT('',(-10.,-0.815587371354,20.));
#7420 = CARTESIAN_POINT('',(-10.,-0.884070939248,20.));
#7421 = CARTESIAN_POINT('',(-10.,-0.952584652637,20.));
#7422 = CARTESIAN_POINT('',(-10.,-1.021114673558,20.));
#7423 = CARTESIAN_POINT('',(-10.,-1.089648579527,20.));
#7424 = CARTESIAN_POINT('',(-10.,-1.158175546555,20.));
#7425 = CARTESIAN_POINT('',(-10.,-1.22668648637,20.));
#7426 = CARTESIAN_POINT('',(-10.,-1.295174104677,20.));
#7427 = CARTESIAN_POINT('',(-10.,-1.500550423124,20.));
#7428 = CARTESIAN_POINT('',(-10.,-1.63735258679,20.));
#7429 = CARTESIAN_POINT('',(-10.,-1.773995176621,20.));
#7430 = CARTESIAN_POINT('',(-10.,-1.910462325732,20.));
#7431 = CARTESIAN_POINT('',(-10.,-2.046765734972,20.));
#7432 = CARTESIAN_POINT('',(-10.,-2.182938672864,20.));
#7433 = CARTESIAN_POINT('',(-10.,-2.319024355711,20.));
#7434 = CARTESIAN_POINT('',(-10.,-2.455066073505,20.));
#7435 = CARTESIAN_POINT('',(-10.,-2.591114169912,20.));
#7436 = CARTESIAN_POINT('',(-10.,-3.135748399354,19.999999999999));
#7437 = CARTESIAN_POINT('',(-10.,-3.545034747321,20.000000000004));
#7438 = CARTESIAN_POINT('',(-9.999999999995,-3.95533180019,
    19.99999999999));
#7439 = CARTESIAN_POINT('',(-10.,-4.361931355136,20.000000000016));
#7440 = CARTESIAN_POINT('',(-9.999999999992,-4.775910572844,
    19.999999999982));
#7441 = CARTESIAN_POINT('',(-10.,-5.17961628385,20.000000000015));
#7442 = CARTESIAN_POINT('',(-9.999999999996,-5.59157215757,
    19.999999999991));
#7443 = CARTESIAN_POINT('',(-10.,-5.99991703199,20.000000000004));
#7444 = CARTESIAN_POINT('',(-10.,-6.409082108331,19.999999999999));
#7445 = CARTESIAN_POINT('',(-10.,-7.227281528033,20.));
#7446 = CARTESIAN_POINT('',(-9.999999999999,-7.636465908054,
    19.999999999999));
#7447 = CARTESIAN_POINT('',(-10.,-8.045374880541,20.000000000002));
#7448 = CARTESIAN_POINT('',(-9.999999999999,-8.454512732387,
    19.999999999998));
#7449 = CARTESIAN_POINT('',(-10.,-8.863715926644,20.000000000001));
#7450 = CARTESIAN_POINT('',(-10.,-9.272737946146,20.));
#7451 = CARTESIAN_POINT('',(-10.,-9.681748671336,20.));
#7452 = CARTESIAN_POINT('',(-10.,-10.09095977416,20.));
#7453 = CARTESIAN_POINT('',(-10.,-10.50000158997,20.));
#7454 = CARTESIAN_POINT('',(-10.,-11.3181802282,20.));
#7455 = CARTESIAN_POINT('',(-9.999999999998,-11.72727186462,
    19.999999999998));
#7456 = CARTESIAN_POINT('',(-10.,-12.13636451418,20.000000000005));
#7457 = CARTESIAN_POINT('',(-9.999999999994,-12.54545719711,
    19.999999999992));
#7458 = CARTESIAN_POINT('',(-10.,-12.95454925803,20.000000000008));
#7459 = CARTESIAN_POINT('',(-9.999999999994,-13.36364036589,
    19.999999999993));
#7460 = CARTESIAN_POINT('',(-10.,-13.77273051409,20.000000000004));
#7461 = CARTESIAN_POINT('',(-9.999999999998,-14.18182002036,
    19.999999999998));
#7462 = CARTESIAN_POINT('',(-10.,-14.59090952683,20.));
#7463 = CARTESIAN_POINT('',(-9.999999999999,-16.49999840162,
    19.999999999999));
#7464 = CARTESIAN_POINT('',(-10.,-18.00003968328,20.000000000002));
#7465 = CARTESIAN_POINT('',(-9.999999999996,-19.49992536869,
    19.999999999996));
#7466 = CARTESIAN_POINT('',(-10.,-21.00002243638,20.000000000005));
#7467 = CARTESIAN_POINT('',(-9.999999999995,-22.50007942677,
    19.999999999996));
#7468 = CARTESIAN_POINT('',(-10.,-23.99994464038,20.000000000002));
#7469 = CARTESIAN_POINT('',(-9.999999999998,-25.49992086173,
    19.999999999999));
#7470 = CARTESIAN_POINT('',(-10.,-27.00013388301,20.));
#7471 = CARTESIAN_POINT('',(-10.,-28.49993493848,20.));
#7472 = CARTESIAN_POINT('',(-10.,-30.,20.));
#7473 = PCURVE('',#220,#7474);
#7474 = DEFINITIONAL_REPRESENTATION('',(#7475),#7589);
#7475 = B_SPLINE_CURVE_WITH_KNOTS('',3,(#7476,#7477,#7478,#7479,#7480,
    #7481,#7482,#7483,#7484,#7485,#7486,#7487,#7488,#7489,#7490,#7491,
    #7492,#7493,#7494,#7495,#7496,#7497,#7498,#7499,#7500,#7501,#7502,
    #7503,#7504,#7505,#7506,#7507,#7508,#7509,#7510,#7511,#7512,#7513,
    #7514,#7515,#7516,#7517,#7518,#7519,#7520,#7521,#7522,#7523,#7524,
    #7525,#7526,#7527,#7528,#7529,#7530,#7531,#7532,#7533,#7534,#7535,
    #7536,#7537,#7538,#7539,#7540,#7541,#7542,#7543,#7544,#7545,#7546,
    #7547,#7548,#7549,#7550,#7551,#7552,#7553,#7554,#7555,#7556,#7557,
    #7558,#7559,#7560,#7561,#7562,#7563,#7564,#7565,#7566,#7567,#7568,
    #7569,#7570,#7571,#7572,#7573,#7574,#7575,#7576,#7577,#7578,#7579,
    #7580,#7581,#7582,#7583,#7584,#7585,#7586,#7587,#7588),
  .UNSPECIFIED.,.F.,.F.,(4,1,1,1,1,1,1,1,1,1,1,1,1,1,1,1,1,1,1,1,1,1,1,1
    ,1,1,1,1,1,1,1,1,1,1,1,1,1,1,1,1,1,1,1,1,1,1,1,1,1,1,1,1,1,1,1,1,1,1
    ,1,1,1,1,1,1,1,1,1,1,1,1,1,1,1,1,1,1,1,1,1,1,1,1,1,1,1,1,1,1,1,1,1,1
    ,1,1,1,1,1,1,1,1,1,1,1,1,1,1,1,1,1,1,4),(3.14159265359,
    3.171413406978,3.201234160366,3.231054913754,3.260875667142,
    3.29069642053,3.320517173918,3.350337927306,3.380158680695,
    3.409979434083,3.439800187471,3.469620940859,3.499441694247,
    3.529262447635,3.559083201023,3.588903954411,3.618724707799,
    3.648545461187,3.678366214576,3.708186967964,3.738007721352,
    3.76782847474,3.797649228128,3.827469981516,3.857290734904,
    3.887111488292,3.91693224168,3.946752995068,3.976573748457,
    4.006394501845,4.036215255233,4.066036008621,4.095856762009,
    4.125677515397,4.155498268785,4.185319022173,4.215139775561,
    4.244960528949,4.274781282338,4.304602035726,4.334422789114,
    4.364243542502,4.39406429589,4.423885049278,4.453705802666,
    4.483526556054,4.513347309442,4.54316806283,4.572988816218,
    4.602809569607,4.632630322995,4.662451076383,4.692271829771,
    4.722092583159,4.751913336547,4.781734089935,4.811554843323,
    4.841375596711,4.871196350099,4.901017103488,4.930837856876,
    4.960658610264,4.990479363652,5.02030011704,5.050120870428,
    5.079941623816,5.109762377204,5.139583130592,5.16940388398,
    5.199224637369,5.229045390757,5.258866144145,5.288686897533,
    5.318507650921,5.348328404309,5.378149157697,5.407969911085,
    5.437790664473,5.467611417861,5.49743217125,5.527252924638,
    5.557073678026,5.586894431414,5.616715184802,5.64653593819,
    5.676356691578,5.706177444966,5.735998198354,5.765818951742,
    5.795639705131,5.825460458519,5.855281211907,5.885101965295,
    5.914922718683,5.944743472071,5.974564225459,6.004384978847,
    6.034205732235,6.064026485623,6.093847239011,6.1236679924,
    6.153488745788,6.183309499176,6.213130252564,6.242951005952,
    6.27277175934,6.302592512728,6.332413266116,6.362234019504,
    6.392054772892,6.421875526281),.QUASI_UNIFORM_KNOTS.);
#7476 = CARTESIAN_POINT('',(3.141592653596,-14.14213562373));
#7477 = CARTESIAN_POINT('',(3.1316520831,-14.14213562374));
#7478 = CARTESIAN_POINT('',(3.112149717965,-14.14213562375));
#7479 = CARTESIAN_POINT('',(3.08397346808,-14.14213562374));
#7480 = CARTESIAN_POINT('',(3.056814587987,-14.14213562373));
#7481 = CARTESIAN_POINT('',(3.030616293609,-14.14213562373));
#7482 = CARTESIAN_POINT('',(3.005322170225,-14.14213562373));
#7483 = CARTESIAN_POINT('',(2.980870492281,-14.14213562373));
#7484 = CARTESIAN_POINT('',(2.957192417038,-14.14213562373));
#7485 = CARTESIAN_POINT('',(2.934214421154,-14.14213562373));
#7486 = CARTESIAN_POINT('',(2.911863170156,-14.14213562373));
#7487 = CARTESIAN_POINT('',(2.890067959486,-14.14213562373));
#7488 = CARTESIAN_POINT('',(2.86875598774,-14.14213562373));
#7489 = CARTESIAN_POINT('',(2.84790374914,-14.14213562373));
#7490 = CARTESIAN_POINT('',(2.827491341993,-14.14213562373));
#7491 = CARTESIAN_POINT('',(2.807495748268,-14.14213562373));
#7492 = CARTESIAN_POINT('',(2.787893912545,-14.14213562373));
#7493 = CARTESIAN_POINT('',(2.768665244852,-14.14213562373));
#7494 = CARTESIAN_POINT('',(2.749791457589,-14.14213562373));
#7495 = CARTESIAN_POINT('',(2.731254964918,-14.14213562373));
#7496 = CARTESIAN_POINT('',(2.71303778947,-14.14213562373));
#7497 = CARTESIAN_POINT('',(2.695122063766,-14.14213562373));
#7498 = CARTESIAN_POINT('',(2.677491811035,-14.14213562373));
#7499 = CARTESIAN_POINT('',(2.660134522079,-14.14213562373));
#7500 = CARTESIAN_POINT('',(2.643040769899,-14.14213562373));
#7501 = CARTESIAN_POINT('',(2.626201304097,-14.14213562373));
#7502 = CARTESIAN_POINT('',(2.609604139521,-14.14213562373));
#7503 = CARTESIAN_POINT('',(2.593239833626,-14.14213562373));
#7504 = CARTESIAN_POINT('',(2.577101152453,-14.14213562373));
#7505 = CARTESIAN_POINT('',(2.561180347332,-14.14213562373));
#7506 = CARTESIAN_POINT('',(2.545469269733,-14.14213562373));
#7507 = CARTESIAN_POINT('',(2.529960490868,-14.14213562373));
#7508 = CARTESIAN_POINT('',(2.514647328013,-14.14213562373));
#7509 = CARTESIAN_POINT('',(2.499523728149,-14.14213562373));
#7510 = CARTESIAN_POINT('',(2.484584033649,-14.14213562373));
#7511 = CARTESIAN_POINT('',(2.469822806802,-14.14213562373));
#7512 = CARTESIAN_POINT('',(2.455234764632,-14.14213562373));
#7513 = CARTESIAN_POINT('',(2.440814831632,-14.14213562373));
#7514 = CARTESIAN_POINT('',(2.426558268141,-14.14213562373));
#7515 = CARTESIAN_POINT('',(2.412460760857,-14.14213562373));
#7516 = CARTESIAN_POINT('',(2.398518413631,-14.14213562373));
#7517 = CARTESIAN_POINT('',(2.384727185022,-14.14213562373));
#7518 = CARTESIAN_POINT('',(2.371082601715,-14.14213562373));
#7519 = CARTESIAN_POINT('',(2.357581492707,-14.14213562373));
#7520 = CARTESIAN_POINT('',(2.344220273879,-14.14213562373));
#7521 = CARTESIAN_POINT('',(2.330995668109,-14.14213562373));
#7522 = CARTESIAN_POINT('',(2.317904499482,-14.14213562373));
#7523 = CARTESIAN_POINT('',(2.30494373667,-14.14213562373));
#7524 = CARTESIAN_POINT('',(2.292110470509,-14.14213562373));
#7525 = CARTESIAN_POINT('',(2.27940191009,-14.14213562373));
#7526 = CARTESIAN_POINT('',(2.266815374669,-14.14213562373));
#7527 = CARTESIAN_POINT('',(2.254348287404,-14.14213562373));
#7528 = CARTESIAN_POINT('',(2.241998169299,-14.14213562373));
#7529 = CARTESIAN_POINT('',(2.229762633456,-14.14213562373));
#7530 = CARTESIAN_POINT('',(2.217639380636,-14.14213562373));
#7531 = CARTESIAN_POINT('',(2.205626191721,-14.14213562373));
#7532 = CARTESIAN_POINT('',(2.193720933524,-14.14213562373));
#7533 = CARTESIAN_POINT('',(2.181921516369,-14.14213562373));
#7534 = CARTESIAN_POINT('',(2.170225961241,-14.14213562373));
#7535 = CARTESIAN_POINT('',(2.158632375043,-14.14213562373));
#7536 = CARTESIAN_POINT('',(2.147138911928,-14.14213562373));
#7537 = CARTESIAN_POINT('',(2.135743782714,-14.14213562373));
#7538 = CARTESIAN_POINT('',(2.124445251091,-14.14213562373));
#7539 = CARTESIAN_POINT('',(2.11324163311,-14.14213562373));
#7540 = CARTESIAN_POINT('',(2.102131295581,-14.14213562373));
#7541 = CARTESIAN_POINT('',(2.091112654594,-14.14213562373));
#7542 = CARTESIAN_POINT('',(2.080184173882,-14.14213562373));
#7543 = CARTESIAN_POINT('',(2.069344363136,-14.14213562373));
#7544 = CARTESIAN_POINT('',(2.058591776272,-14.14213562373));
#7545 = CARTESIAN_POINT('',(2.047925009682,-14.14213562373));
#7546 = CARTESIAN_POINT('',(2.037342700485,-14.14213562373));
#7547 = CARTESIAN_POINT('',(2.026843524796,-14.14213562373));
#7548 = CARTESIAN_POINT('',(2.016426196022,-14.14213562373));
#7549 = CARTESIAN_POINT('',(2.006089463215,-14.14213562373));
#7550 = CARTESIAN_POINT('',(1.995832109467,-14.14213562373));
#7551 = CARTESIAN_POINT('',(1.985652950377,-14.14213562373));
#7552 = CARTESIAN_POINT('',(1.97555083259,-14.14213562373));
#7553 = CARTESIAN_POINT('',(1.965524632409,-14.14213562373));
#7554 = CARTESIAN_POINT('',(1.955573254489,-14.14213562373));
#7555 = CARTESIAN_POINT('',(1.945695630621,-14.14213562373));
#7556 = CARTESIAN_POINT('',(1.935890718588,-14.14213562373));
#7557 = CARTESIAN_POINT('',(1.926157501118,-14.14213562373));
#7558 = CARTESIAN_POINT('',(1.916494984911,-14.14213562373));
#7559 = CARTESIAN_POINT('',(1.906902199754,-14.14213562373));
#7560 = CARTESIAN_POINT('',(1.897378197705,-14.14213562373));
#7561 = CARTESIAN_POINT('',(1.887922052359,-14.14213562373));
#7562 = CARTESIAN_POINT('',(1.878532858173,-14.14213562373));
#7563 = CARTESIAN_POINT('',(1.869209729857,-14.14213562373));
#7564 = CARTESIAN_POINT('',(1.859951801813,-14.14213562373));
#7565 = CARTESIAN_POINT('',(1.850758227629,-14.14213562373));
#7566 = CARTESIAN_POINT('',(1.841628179601,-14.14213562373));
#7567 = CARTESIAN_POINT('',(1.832560848287,-14.14213562374));
#7568 = CARTESIAN_POINT('',(1.823555442077,-14.14213562375));
#7569 = CARTESIAN_POINT('',(1.814611186771,-14.14213562377));
#7570 = CARTESIAN_POINT('',(1.805727325158,-14.1421356238));
#7571 = CARTESIAN_POINT('',(1.796903116595,-14.1421356238));
#7572 = CARTESIAN_POINT('',(1.788137836502,-14.1421356238));
#7573 = CARTESIAN_POINT('',(1.779430775861,-14.14213562379));
#7574 = CARTESIAN_POINT('',(1.770781240653,-14.14213562379));
#7575 = CARTESIAN_POINT('',(1.762188551227,-14.14213562377));
#7576 = CARTESIAN_POINT('',(1.753652041586,-14.14213562376));
#7577 = CARTESIAN_POINT('',(1.745171058578,-14.14213562376));
#7578 = CARTESIAN_POINT('',(1.736744960981,-14.14213562375));
#7579 = CARTESIAN_POINT('',(1.728373118453,-14.14213562374));
#7580 = CARTESIAN_POINT('',(1.720054910356,-14.14213562373));
#7581 = CARTESIAN_POINT('',(1.711789724409,-14.14213562373));
#7582 = CARTESIAN_POINT('',(1.703576955182,-14.14213562373));
#7583 = CARTESIAN_POINT('',(1.695416002387,-14.14213562372));
#7584 = CARTESIAN_POINT('',(1.687306269027,-14.14213562372));
#7585 = CARTESIAN_POINT('',(1.679247159071,-14.14213562372));
#7586 = CARTESIAN_POINT('',(1.671238075868,-14.14213562372));
#7587 = CARTESIAN_POINT('',(1.665931636396,-14.14213562372));
#7588 = CARTESIAN_POINT('',(1.663286553824,-14.14213562372));
#7589 = ( GEOMETRIC_REPRESENTATION_CONTEXT(2) 
PARAMETRIC_REPRESENTATION_CONTEXT() REPRESENTATION_CONTEXT('2D SPACE',''
  ) );
#7590 = ORIENTED_EDGE('',*,*,#7591,.F.);
#7591 = EDGE_CURVE('',#7592,#7233,#7594,.T.);
#7592 = VERTEX_POINT('',#7593);
#7593 = CARTESIAN_POINT('',(10.000016970644,5.768365615495E-08,
    19.999996605874));
#7594 = SURFACE_CURVE('',#7595,(#7675,#7770),.PCURVE_S1.);
#7595 = B_SPLINE_CURVE_WITH_KNOTS('',8,(#7596,#7597,#7598,#7599,#7600,
    #7601,#7602,#7603,#7604,#7605,#7606,#7607,#7608,#7609,#7610,#7611,
    #7612,#7613,#7614,#7615,#7616,#7617,#7618,#7619,#7620,#7621,#7622,
    #7623,#7624,#7625,#7626,#7627,#7628,#7629,#7630,#7631,#7632,#7633,
    #7634,#7635,#7636,#7637,#7638,#7639,#7640,#7641,#7642,#7643,#7644,
    #7645,#7646,#7647,#7648,#7649,#7650,#7651,#7652,#7653,#7654,#7655,
    #7656,#7657,#7658,#7659,#7660,#7661,#7662,#7663,#7664,#7665,#7666,
    #7667,#7668,#7669,#7670,#7671,#7672,#7673,#7674),.UNSPECIFIED.,.F.,
  .F.,(9,7,7,7,7,7,7,7,7,7,7,9),(0.,0.201476975374,0.214852755677,
    0.334008019103,0.390604429961,0.507647117922,0.537265333186,
    0.66130163764,0.697636972852,0.838956889707,0.852952605751,1.),
  .UNSPECIFIED.);
#7596 = CARTESIAN_POINT('',(9.999999999998,-10.00012245195,20.));
#7597 = CARTESIAN_POINT('',(9.999999999998,-8.773900711903,20.));
#7598 = CARTESIAN_POINT('',(9.999999999961,-7.547678971854,20.));
#7599 = CARTESIAN_POINT('',(9.999999999942,-6.321457231805,20.));
#7600 = CARTESIAN_POINT('',(9.999999999966,-5.095235491755,20.));
#7601 = CARTESIAN_POINT('',(10.000000000026,-3.869013751706,20.));
#7602 = CARTESIAN_POINT('',(10.000000000084,-2.642792011657,20.));
#7603 = CARTESIAN_POINT('',(10.000000000074,-1.416570271607,20.));
#7604 = CARTESIAN_POINT('',(9.999999999885,-0.10894135058,20.));
#7605 = CARTESIAN_POINT('',(10.000282692204,-2.753424925597E-02,20.));
#7606 = CARTESIAN_POINT('',(10.000342608691,5.387432297804E-02,20.));
#7607 = CARTESIAN_POINT('',(9.99981386454,0.135282384825,20.));
#7608 = CARTESIAN_POINT('',(9.998470158297,0.216684423123,20.));
#7609 = CARTESIAN_POINT('',(9.996224771863,0.298071392849,20.));
#7610 = CARTESIAN_POINT('',(9.993130570494,0.379430717118,20.));
#7611 = CARTESIAN_POINT('',(9.955968876767,1.185128562603,20.));
#7612 = CARTESIAN_POINT('',(9.862518076752,1.906881095793,20.));
#7613 = CARTESIAN_POINT('',(9.709267198806,2.619985955078,20.));
#7614 = CARTESIAN_POINT('',(9.497208357752,3.318670712377,20.));
#7615 = CARTESIAN_POINT('',(9.227958707669,3.997372452114,20.));
#7616 = CARTESIAN_POINT('',(8.903716789267,4.650730638656,20.));
#7617 = CARTESIAN_POINT('',(8.527302704173,5.273608842256,20.));
#7618 = CARTESIAN_POINT('',(7.900405680816,6.140213617554,20.));
#7619 = CARTESIAN_POINT('',(7.687542273264,6.411337470915,20.));
#7620 = CARTESIAN_POINT('',(7.464059644026,6.674009106455,20.));
#7621 = CARTESIAN_POINT('',(7.230350554797,6.927744100189,20.));
#7622 = CARTESIAN_POINT('',(6.986832762344,7.172081507627,20.));
#7623 = CARTESIAN_POINT('',(6.733949002453,7.406583990088,20.));
#7624 = CARTESIAN_POINT('',(6.472166973887,7.630837941014,20.));
#7625 = CARTESIAN_POINT('',(5.643225003621,8.286215766069,20.));
#7626 = CARTESIAN_POINT('',(5.048406477611,8.68257329045,20.));
#7627 = CARTESIAN_POINT('',(4.421976199262,9.029961547851,20.));
#7628 = CARTESIAN_POINT('',(3.768674185217,9.325491720586,20.));
#7629 = CARTESIAN_POINT('',(3.093477088566,9.566842577026,20.));
#7630 = CARTESIAN_POINT('',(2.40157701027,9.752226053769,20.));
#7631 = CARTESIAN_POINT('',(1.69839004725,9.880426653797,20.));
#7632 = CARTESIAN_POINT('',(0.810230473546,9.968751989868,20.));
#7633 = CARTESIAN_POINT('',(0.630498763984,9.982894439894,20.));
#7634 = CARTESIAN_POINT('',(0.450488566983,9.993333178071,20.));
#7635 = CARTESIAN_POINT('',(0.270289001659,10.000061941011,20.));
#7636 = CARTESIAN_POINT('',(8.998918774323E-02,10.003077034568,20.));
#7637 = CARTESIAN_POINT('',(-9.032175442123E-02,10.002377333846,20.));
#7638 = CARTESIAN_POINT('',(-0.27055470388,9.997964283192,20.));
#7639 = CARTESIAN_POINT('',(-1.204707190004,9.955826650638,20.));
#7640 = CARTESIAN_POINT('',(-1.95603121944,9.856748805725,20.));
#7641 = CARTESIAN_POINT('',(-2.697782096854,9.692867143523,20.));
#7642 = CARTESIAN_POINT('',(-3.423449429059,9.46533208619,20.));
#7643 = CARTESIAN_POINT('',(-4.126775770097,9.176024805567,20.));
#7644 = CARTESIAN_POINT('',(-4.801747339661,8.827501582392,20.));
#7645 = CARTESIAN_POINT('',(-5.442622650022,8.423043415154,20.));
#7646 = CARTESIAN_POINT('',(-6.220166921278,7.833161603672,20.));
#7647 = CARTESIAN_POINT('',(-6.392957566314,7.695059987291,20.));
#7648 = CARTESIAN_POINT('',(-6.562239178743,7.552606095599,20.));
#7649 = CARTESIAN_POINT('',(-6.727883947505,7.405904237613,20.));
#7650 = CARTESIAN_POINT('',(-6.889768048336,7.255062965196,20.));
#7651 = CARTESIAN_POINT('',(-7.047771643761,7.100195073059,20.));
#7652 = CARTESIAN_POINT('',(-7.201778883104,6.941417598757,20.));
#7653 = CARTESIAN_POINT('',(-7.934683861578,6.146580733874,20.));
#7654 = CARTESIAN_POINT('',(-8.455770649316,5.456760146326,20.));
#7655 = CARTESIAN_POINT('',(-8.907935790645,4.716815248228,20.));
#7656 = CARTESIAN_POINT('',(-9.285715740744,3.934881505485,20.));
#7657 = CARTESIAN_POINT('',(-9.584770327803,3.119588860127,20.));
#7658 = CARTESIAN_POINT('',(-9.801918987695,2.280057256821,20.));
#7659 = CARTESIAN_POINT('',(-9.93511761974,1.425869579929,20.));
#7660 = CARTESIAN_POINT('',(-9.988731585575,0.482178378795,20.));
#7661 = CARTESIAN_POINT('',(-9.994119568459,0.376370830803,20.));
#7662 = CARTESIAN_POINT('',(-9.998093735073,0.263426130651,20.));
#7663 = CARTESIAN_POINT('',(-10.00010973616,0.152051560161,20.));
#7664 = CARTESIAN_POINT('',(-10.00055617744,4.605236573316E-02,20.));
#7665 = CARTESIAN_POINT('',(-10.00026135651,-5.564454042313E-02,20.));
#7666 = CARTESIAN_POINT('',(-9.999999999898,-0.158966879058,20.));
#7667 = CARTESIAN_POINT('',(-10.00000000019,-1.490354446315,20.));
#7668 = CARTESIAN_POINT('',(-10.00000000017,-2.706035589977,20.));
#7669 = CARTESIAN_POINT('',(-10.00000000003,-3.92171673364,20.));
#7670 = CARTESIAN_POINT('',(-9.99999999991,-5.137397877302,20.));
#7671 = CARTESIAN_POINT('',(-9.99999999987,-6.353079020965,20.));
#7672 = CARTESIAN_POINT('',(-9.999999999918,-7.568760164627,20.));
#7673 = CARTESIAN_POINT('',(-9.999999999999,-8.78444130829,20.));
#7674 = CARTESIAN_POINT('',(-9.999999999999,-10.00012245195,20.));
#7675 = PCURVE('',#220,#7676);
#7676 = DEFINITIONAL_REPRESENTATION('',(#7677),#7769);
#7677 = B_SPLINE_CURVE_WITH_KNOTS('',3,(#7678,#7679,#7680,#7681,#7682,
    #7683,#7684,#7685,#7686,#7687,#7688,#7689,#7690,#7691,#7692,#7693,
    #7694,#7695,#7696,#7697,#7698,#7699,#7700,#7701,#7702,#7703,#7704,
    #7705,#7706,#7707,#7708,#7709,#7710,#7711,#7712,#7713,#7714,#7715,
    #7716,#7717,#7718,#7719,#7720,#7721,#7722,#7723,#7724,#7725,#7726,
    #7727,#7728,#7729,#7730,#7731,#7732,#7733,#7734,#7735,#7736,#7737,
    #7738,#7739,#7740,#7741,#7742,#7743,#7744,#7745,#7746,#7747,#7748,
    #7749,#7750,#7751,#7752,#7753,#7754,#7755,#7756,#7757,#7758,#7759,
    #7760,#7761,#7762,#7763,#7764,#7765,#7766,#7767,#7768),
  .UNSPECIFIED.,.F.,.F.,(4,1,1,1,1,1,1,1,1,1,1,1,1,1,1,1,1,1,1,1,1,1,1,1
    ,1,1,1,1,1,1,1,1,1,1,1,1,1,1,1,1,1,1,1,1,1,1,1,1,1,1,1,1,1,1,1,1,1,1
    ,1,1,1,1,1,1,1,1,1,1,1,1,1,1,1,1,1,1,1,1,1,1,1,1,1,1,1,1,1,1,4),(
    0.205386426862,0.212694657941,0.220002889019,0.227311120098,
    0.234619351176,0.241927582255,0.249235813333,0.256544044412,
    0.26385227549,0.271160506569,0.278468737647,0.285776968726,
    0.293085199804,0.300393430883,0.307701661961,0.31500989304,
    0.322318124118,0.329626355197,0.336934586275,0.344242817354,
    0.351551048432,0.358859279511,0.366167510589,0.373475741668,
    0.380783972746,0.388092203825,0.395400434903,0.402708665982,
    0.41001689706,0.417325128139,0.424633359217,0.431941590296,
    0.439249821374,0.446558052453,0.453866283531,0.46117451461,
    0.468482745688,0.475790976767,0.483099207845,0.490407438924,
    0.497715670002,0.505023901081,0.512332132159,0.519640363238,
    0.526948594316,0.534256825395,0.541565056473,0.548873287552,
    0.55618151863,0.563489749709,0.570797980787,0.578106211866,
    0.585414442944,0.592722674023,0.600030905101,0.60733913618,
    0.614647367258,0.621955598337,0.629263829415,0.636572060494,
    0.643880291572,0.651188522651,0.658496753729,0.665804984808,
    0.673113215886,0.680421446965,0.687729678043,0.695037909122,
    0.7023461402,0.709654371279,0.716962602357,0.724270833436,
    0.731579064514,0.738887295593,0.746195526671,0.75350375775,
    0.760811988828,0.768120219907,0.775428450985,0.782736682064,
    0.790044913142,0.797353144221,0.804661375299,0.811969606378,
    0.819277837456,0.826586068535,0.833894299613,0.841202530692,
    0.84851076177),.QUASI_UNIFORM_KNOTS.);
#7678 = CARTESIAN_POINT('',(6.283185294075,-14.14210682357));
#7679 = CARTESIAN_POINT('',(6.270010553518,-14.14210022054));
#7680 = CARTESIAN_POINT('',(6.24385592578,-14.1421071256));
#7681 = CARTESIAN_POINT('',(6.205171216202,-14.14214326677));
#7682 = CARTESIAN_POINT('',(6.166994373284,-14.1421335993));
#7683 = CARTESIAN_POINT('',(6.129293162075,-14.14213617952));
#7684 = CARTESIAN_POINT('',(6.092035971064,-14.14213546678));
#7685 = CARTESIAN_POINT('',(6.055192248195,-14.14213564654));
#7686 = CARTESIAN_POINT('',(6.018732357758,-14.14213560479));
#7687 = CARTESIAN_POINT('',(5.982627584129,-14.14213563272));
#7688 = CARTESIAN_POINT('',(5.946850090663,-14.14213563859));
#7689 = CARTESIAN_POINT('',(5.911372887762,-14.14213563688));
#7690 = CARTESIAN_POINT('',(5.876169797892,-14.14213562348));
#7691 = CARTESIAN_POINT('',(5.841215423679,-14.14213560946));
#7692 = CARTESIAN_POINT('',(5.806485117217,-14.14213560594));
#7693 = CARTESIAN_POINT('',(5.7719549616,-14.14213561866));
#7694 = CARTESIAN_POINT('',(5.737601731615,-14.14213563969));
#7695 = CARTESIAN_POINT('',(5.703402963405,-14.14213565133));
#7696 = CARTESIAN_POINT('',(5.669336655118,-14.14213562886));
#7697 = CARTESIAN_POINT('',(5.635382388535,-14.14213562324));
#7698 = CARTESIAN_POINT('',(5.601515578604,-14.14213567111));
#7699 = CARTESIAN_POINT('',(5.567714620911,-14.14213563484));
#7700 = CARTESIAN_POINT('',(5.53395802781,-14.1421355903));
#7701 = CARTESIAN_POINT('',(5.500224338081,-14.14213559283));
#7702 = CARTESIAN_POINT('',(5.466492144484,-14.14213564264));
#7703 = CARTESIAN_POINT('',(5.432740059119,-14.14213567504));
#7704 = CARTESIAN_POINT('',(5.398946814642,-14.14213561969));
#7705 = CARTESIAN_POINT('',(5.365090883927,-14.14213563044));
#7706 = CARTESIAN_POINT('',(5.331148202113,-14.14213564526));
#7707 = CARTESIAN_POINT('',(5.297098609846,-14.14213563366));
#7708 = CARTESIAN_POINT('',(5.262920410629,-14.14213561654));
#7709 = CARTESIAN_POINT('',(5.228591539961,-14.14213560857));
#7710 = CARTESIAN_POINT('',(5.194089255162,-14.14213561416));
#7711 = CARTESIAN_POINT('',(5.159390210536,-14.14213562679));
#7712 = CARTESIAN_POINT('',(5.124470420116,-14.14213563621));
#7713 = CARTESIAN_POINT('',(5.08930524269,-14.14213563546));
#7714 = CARTESIAN_POINT('',(5.053869356705,-14.1421356252));
#7715 = CARTESIAN_POINT('',(5.018136728944,-14.14213561329));
#7716 = CARTESIAN_POINT('',(4.982080603215,-14.14213560986));
#7717 = CARTESIAN_POINT('',(4.945673410109,-14.14213561995));
#7718 = CARTESIAN_POINT('',(4.90888697797,-14.14213563638));
#7719 = CARTESIAN_POINT('',(4.871691634714,-14.14213564357));
#7720 = CARTESIAN_POINT('',(4.834059474095,-14.14213562155));
#7721 = CARTESIAN_POINT('',(4.795952115526,-14.14213562892));
#7722 = CARTESIAN_POINT('',(4.757362090643,-14.14213562724));
#7723 = CARTESIAN_POINT('',(4.718147152658,-14.14213561904));
#7724 = CARTESIAN_POINT('',(4.678672406323,-14.14213562212));
#7725 = CARTESIAN_POINT('',(4.639955581053,-14.14213562943));
#7726 = CARTESIAN_POINT('',(4.601695087708,-14.1421356555));
#7727 = CARTESIAN_POINT('',(4.563929708682,-14.14213564259));
#7728 = CARTESIAN_POINT('',(4.526608756008,-14.14213561768));
#7729 = CARTESIAN_POINT('',(4.48970671194,-14.14213560204));
#7730 = CARTESIAN_POINT('',(4.453192490803,-14.14213560565));
#7731 = CARTESIAN_POINT('',(4.41703764525,-14.14213562268));
#7732 = CARTESIAN_POINT('',(4.381214130589,-14.14213563971));
#7733 = CARTESIAN_POINT('',(4.345694862871,-14.14213564482));
#7734 = CARTESIAN_POINT('',(4.310453526745,-14.14213563455));
#7735 = CARTESIAN_POINT('',(4.27546458494,-14.14213561569));
#7736 = CARTESIAN_POINT('',(4.240703236618,-14.1421356016));
#7737 = CARTESIAN_POINT('',(4.206145393677,-14.14213560419));
#7738 = CARTESIAN_POINT('',(4.171767660762,-14.14213562526));
#7739 = CARTESIAN_POINT('',(4.137547315668,-14.14213565004));
#7740 = CARTESIAN_POINT('',(4.103462326055,-14.14213565625));
#7741 = CARTESIAN_POINT('',(4.069491270087,-14.14213562093));
#7742 = CARTESIAN_POINT('',(4.035613662437,-14.14213563044));
#7743 = CARTESIAN_POINT('',(4.001804632596,-14.14213563648));
#7744 = CARTESIAN_POINT('',(3.968043189964,-14.14213561933));
#7745 = CARTESIAN_POINT('',(3.934307709248,-14.14213561603));
#7746 = CARTESIAN_POINT('',(3.900576905905,-14.14213562476));
#7747 = CARTESIAN_POINT('',(3.866829050382,-14.14213562394));
#7748 = CARTESIAN_POINT('',(3.833038807803,-14.14213562457));
#7749 = CARTESIAN_POINT('',(3.79918739557,-14.14213562327));
#7750 = CARTESIAN_POINT('',(3.765253987552,-14.14213562302));
#7751 = CARTESIAN_POINT('',(3.731217551295,-14.14213562366));
#7752 = CARTESIAN_POINT('',(3.697056378644,-14.14213562435));
#7753 = CARTESIAN_POINT('',(3.662748219264,-14.14213562436));
#7754 = CARTESIAN_POINT('',(3.628270240332,-14.14213562373));
#7755 = CARTESIAN_POINT('',(3.593599022346,-14.14213562313));
#7756 = CARTESIAN_POINT('',(3.558710538916,-14.14213562292));
#7757 = CARTESIAN_POINT('',(3.523580128615,-14.14213562401));
#7758 = CARTESIAN_POINT('',(3.488182487212,-14.14213562283));
#7759 = CARTESIAN_POINT('',(3.45249156678,-14.14213563022));
#7760 = CARTESIAN_POINT('',(3.416480815094,-14.14213560284));
#7761 = CARTESIAN_POINT('',(3.380122143251,-14.14213570184));
#7762 = CARTESIAN_POINT('',(3.343389645433,-14.1421353286));
#7763 = CARTESIAN_POINT('',(3.306245597695,-14.14213672151));
#7764 = CARTESIAN_POINT('',(3.268692617167,-14.1421315281));
#7765 = CARTESIAN_POINT('',(3.23057894486,-14.14215091481));
#7766 = CARTESIAN_POINT('',(3.192325137196,-14.14207855899));
#7767 = CARTESIAN_POINT('',(3.160333145239,-14.14208373829));
#7768 = CARTESIAN_POINT('',(3.141592664174,-14.14211460329));
#7769 = ( GEOMETRIC_REPRESENTATION_CONTEXT(2) 
PARAMETRIC_REPRESENTATION_CONTEXT() REPRESENTATION_CONTEXT('2D SPACE',''
  ) );
#7770 = PCURVE('',#7771,#7776);
#7771 = PLANE('',#7772);
#7772 = AXIS2_PLACEMENT_3D('',#7773,#7774,#7775);
#7773 = CARTESIAN_POINT('',(0.,0.,20.));
#7774 = DIRECTION('',(0.,0.,1.));
#7775 = DIRECTION('',(1.,0.,-0.));
#7776 = DEFINITIONAL_REPRESENTATION('',(#7777),#7857);
#7777 = B_SPLINE_CURVE_WITH_KNOTS('',8,(#7778,#7779,#7780,#7781,#7782,
    #7783,#7784,#7785,#7786,#7787,#7788,#7789,#7790,#7791,#7792,#7793,
    #7794,#7795,#7796,#7797,#7798,#7799,#7800,#7801,#7802,#7803,#7804,
    #7805,#7806,#7807,#7808,#7809,#7810,#7811,#7812,#7813,#7814,#7815,
    #7816,#7817,#7818,#7819,#7820,#7821,#7822,#7823,#7824,#7825,#7826,
    #7827,#7828,#7829,#7830,#7831,#7832,#7833,#7834,#7835,#7836,#7837,
    #7838,#7839,#7840,#7841,#7842,#7843,#7844,#7845,#7846,#7847,#7848,
    #7849,#7850,#7851,#7852,#7853,#7854,#7855,#7856),.UNSPECIFIED.,.F.,
  .F.,(9,7,7,7,7,7,7,7,7,7,7,9),(0.,0.201476975374,0.214852755677,
    0.334008019103,0.390604429961,0.507647117922,0.537265333186,
    0.66130163764,0.697636972852,0.838956889707,0.852952605751,1.),
  .UNSPECIFIED.);
#7778 = CARTESIAN_POINT('',(9.999999999998,-10.00012245195));
#7779 = CARTESIAN_POINT('',(9.999999999998,-8.773900711903));
#7780 = CARTESIAN_POINT('',(9.999999999961,-7.547678971854));
#7781 = CARTESIAN_POINT('',(9.999999999942,-6.321457231805));
#7782 = CARTESIAN_POINT('',(9.999999999966,-5.095235491755));
#7783 = CARTESIAN_POINT('',(10.000000000026,-3.869013751706));
#7784 = CARTESIAN_POINT('',(10.000000000084,-2.642792011657));
#7785 = CARTESIAN_POINT('',(10.000000000074,-1.416570271607));
#7786 = CARTESIAN_POINT('',(9.999999999885,-0.10894135058));
#7787 = CARTESIAN_POINT('',(10.000282692204,-2.753424925597E-02));
#7788 = CARTESIAN_POINT('',(10.000342608691,5.387432297804E-02));
#7789 = CARTESIAN_POINT('',(9.99981386454,0.135282384825));
#7790 = CARTESIAN_POINT('',(9.998470158297,0.216684423123));
#7791 = CARTESIAN_POINT('',(9.996224771863,0.298071392849));
#7792 = CARTESIAN_POINT('',(9.993130570494,0.379430717118));
#7793 = CARTESIAN_POINT('',(9.955968876767,1.185128562603));
#7794 = CARTESIAN_POINT('',(9.862518076752,1.906881095793));
#7795 = CARTESIAN_POINT('',(9.709267198806,2.619985955078));
#7796 = CARTESIAN_POINT('',(9.497208357752,3.318670712377));
#7797 = CARTESIAN_POINT('',(9.227958707669,3.997372452114));
#7798 = CARTESIAN_POINT('',(8.903716789267,4.650730638656));
#7799 = CARTESIAN_POINT('',(8.527302704173,5.273608842256));
#7800 = CARTESIAN_POINT('',(7.900405680816,6.140213617554));
#7801 = CARTESIAN_POINT('',(7.687542273264,6.411337470915));
#7802 = CARTESIAN_POINT('',(7.464059644026,6.674009106455));
#7803 = CARTESIAN_POINT('',(7.230350554797,6.927744100189));
#7804 = CARTESIAN_POINT('',(6.986832762344,7.172081507627));
#7805 = CARTESIAN_POINT('',(6.733949002453,7.406583990088));
#7806 = CARTESIAN_POINT('',(6.472166973887,7.630837941014));
#7807 = CARTESIAN_POINT('',(5.643225003621,8.286215766069));
#7808 = CARTESIAN_POINT('',(5.048406477611,8.68257329045));
#7809 = CARTESIAN_POINT('',(4.421976199262,9.029961547851));
#7810 = CARTESIAN_POINT('',(3.768674185217,9.325491720586));
#7811 = CARTESIAN_POINT('',(3.093477088566,9.566842577026));
#7812 = CARTESIAN_POINT('',(2.40157701027,9.752226053769));
#7813 = CARTESIAN_POINT('',(1.69839004725,9.880426653797));
#7814 = CARTESIAN_POINT('',(0.810230473546,9.968751989868));
#7815 = CARTESIAN_POINT('',(0.630498763984,9.982894439894));
#7816 = CARTESIAN_POINT('',(0.450488566983,9.993333178071));
#7817 = CARTESIAN_POINT('',(0.270289001659,10.000061941011));
#7818 = CARTESIAN_POINT('',(8.998918774323E-02,10.003077034568));
#7819 = CARTESIAN_POINT('',(-9.032175442123E-02,10.002377333846));
#7820 = CARTESIAN_POINT('',(-0.27055470388,9.997964283192));
#7821 = CARTESIAN_POINT('',(-1.204707190004,9.955826650638));
#7822 = CARTESIAN_POINT('',(-1.95603121944,9.856748805725));
#7823 = CARTESIAN_POINT('',(-2.697782096854,9.692867143523));
#7824 = CARTESIAN_POINT('',(-3.423449429059,9.46533208619));
#7825 = CARTESIAN_POINT('',(-4.126775770097,9.176024805567));
#7826 = CARTESIAN_POINT('',(-4.801747339661,8.827501582392));
#7827 = CARTESIAN_POINT('',(-5.442622650022,8.423043415154));
#7828 = CARTESIAN_POINT('',(-6.220166921278,7.833161603672));
#7829 = CARTESIAN_POINT('',(-6.392957566314,7.695059987291));
#7830 = CARTESIAN_POINT('',(-6.562239178743,7.552606095599));
#7831 = CARTESIAN_POINT('',(-6.727883947505,7.405904237613));
#7832 = CARTESIAN_POINT('',(-6.889768048336,7.255062965196));
#7833 = CARTESIAN_POINT('',(-7.047771643761,7.100195073059));
#7834 = CARTESIAN_POINT('',(-7.201778883104,6.941417598757));
#7835 = CARTESIAN_POINT('',(-7.934683861578,6.146580733874));
#7836 = CARTESIAN_POINT('',(-8.455770649316,5.456760146326));
#7837 = CARTESIAN_POINT('',(-8.907935790645,4.716815248228));
#7838 = CARTESIAN_POINT('',(-9.285715740744,3.934881505485));
#7839 = CARTESIAN_POINT('',(-9.584770327803,3.119588860127));
#7840 = CARTESIAN_POINT('',(-9.801918987695,2.280057256821));
#7841 = CARTESIAN_POINT('',(-9.93511761974,1.425869579929));
#7842 = CARTESIAN_POINT('',(-9.988731585575,0.482178378795));
#7843 = CARTESIAN_POINT('',(-9.994119568459,0.376370830803));
#7844 = CARTESIAN_POINT('',(-9.998093735073,0.263426130651));
#7845 = CARTESIAN_POINT('',(-10.00010973616,0.152051560161));
#7846 = CARTESIAN_POINT('',(-10.00055617744,4.605236573316E-02));
#7847 = CARTESIAN_POINT('',(-10.00026135651,-5.564454042313E-02));
#7848 = CARTESIAN_POINT('',(-9.999999999898,-0.158966879058));
#7849 = CARTESIAN_POINT('',(-10.00000000019,-1.490354446315));
#7850 = CARTESIAN_POINT('',(-10.00000000017,-2.706035589977));
#7851 = CARTESIAN_POINT('',(-10.00000000003,-3.92171673364));
#7852 = CARTESIAN_POINT('',(-9.99999999991,-5.137397877302));
#7853 = CARTESIAN_POINT('',(-9.99999999987,-6.353079020965));
#7854 = CARTESIAN_POINT('',(-9.999999999918,-7.568760164627));
#7855 = CARTESIAN_POINT('',(-9.999999999999,-8.78444130829));
#7856 = CARTESIAN_POINT('',(-9.999999999999,-10.00012245195));
#7857 = ( GEOMETRIC_REPRESENTATION_CONTEXT(2) 
PARAMETRIC_REPRESENTATION_CONTEXT() REPRESENTATION_CONTEXT('2D SPACE',''
  ) );
#7858 = ORIENTED_EDGE('',*,*,#7859,.T.);
#7859 = EDGE_CURVE('',#7592,#7860,#7862,.T.);
#7860 = VERTEX_POINT('',#7861);
#7861 = CARTESIAN_POINT('',(30.,0.,0.));
#7862 = SURFACE_CURVE('',#7863,(#7867),.PCURVE_S1.);
#7863 = LINE('',#7864,#7865);
#7864 = CARTESIAN_POINT('',(20.,0.,10.));
#7865 = VECTOR('',#7866,1.);
#7866 = DIRECTION('',(0.707106781187,0.,-0.707106781187));
#7867 = PCURVE('',#220,#7868);
#7868 = DEFINITIONAL_REPRESENTATION('',(#7869),#7895);
#7869 = B_SPLINE_CURVE_WITH_KNOTS('',3,(#7870,#7871,#7872,#7873,#7874,
    #7875,#7876,#7877,#7878,#7879,#7880,#7881,#7882,#7883,#7884,#7885,
    #7886,#7887,#7888,#7889,#7890,#7891,#7892,#7893,#7894),
  .UNSPECIFIED.,.F.,.F.,(4,1,1,1,1,1,1,1,1,1,1,1,1,1,1,1,1,1,1,1,1,1,4),
  (-14.14212122366,-12.85647318514,-11.57082514662,-10.28517710811,
    -8.999529069592,-7.713881031074,-6.428232992556,-5.142584954038,
    -3.85693691552,-2.571288877003,-1.285640838485,7.200033399712E-06,
    1.285655238551,2.571303277069,3.856951315587,5.142599354105,
    6.428247392623,7.713895431141,8.999543469659,10.285191508177,
    11.570839546695,12.856487585213,14.142135623731),.UNSPECIFIED.);
#7870 = CARTESIAN_POINT('',(6.283185307174,-14.14212122365));
#7871 = CARTESIAN_POINT('',(6.283180917309,-13.71363161603));
#7872 = CARTESIAN_POINT('',(6.283165279622,-12.85681148233));
#7873 = CARTESIAN_POINT('',(6.283139421412,-11.57168064642));
#7874 = CARTESIAN_POINT('',(6.283140959344,-10.28608225607));
#7875 = CARTESIAN_POINT('',(6.283159001545,-9.000111029193));
#7876 = CARTESIAN_POINT('',(6.283182859093,-7.713948973016));
#7877 = CARTESIAN_POINT('',(6.283202722622,-6.427811993242));
#7878 = CARTESIAN_POINT('',(6.283213462218,-5.141853942749));
#7879 = CARTESIAN_POINT('',(6.283213930227,-3.856147559544));
#7880 = CARTESIAN_POINT('',(6.283205939107,-2.570686132143));
#7881 = CARTESIAN_POINT('',(6.283192908939,-1.285402869437));
#7882 = CARTESIAN_POINT('',(6.283178722614,-1.959751267569E-04));
#7883 = CARTESIAN_POINT('',(6.283166864305,1.2850458863));
#7884 = CARTESIAN_POINT('',(6.283159871487,2.570421517201));
#7885 = CARTESIAN_POINT('',(6.283159061551,3.856000330756));
#7886 = CARTESIAN_POINT('',(6.283164476845,5.141811370755));
#7887 = CARTESIAN_POINT('',(6.283174988498,6.427838078289));
#7888 = CARTESIAN_POINT('',(6.283188503633,7.714018178587));
#7889 = CARTESIAN_POINT('',(6.28320223045,9.00024776587));
#7890 = CARTESIAN_POINT('',(6.283212957368,10.28638849424));
#7891 = CARTESIAN_POINT('',(6.28321733887,11.572276861077));
#7892 = CARTESIAN_POINT('',(6.283212084934,12.857734055525));
#7893 = CARTESIAN_POINT('',(6.283200260643,13.714296107328));
#7894 = CARTESIAN_POINT('',(6.283191772478,14.142444486547));
#7895 = ( GEOMETRIC_REPRESENTATION_CONTEXT(2) 
PARAMETRIC_REPRESENTATION_CONTEXT() REPRESENTATION_CONTEXT('2D SPACE',''
  ) );
#7896 = ORIENTED_EDGE('',*,*,#7897,.F.);
#7897 = EDGE_CURVE('',#24,#7860,#7898,.T.);
#7898 = SURFACE_CURVE('',#7899,(#8144),.PCURVE_S1.);
#7899 = ( BOUNDED_CURVE() B_SPLINE_CURVE(12,(#7900,#7901,#7902,#7903,
    #7904,#7905,#7906,#7907,#7908,#7909,#7910,#7911,#7912,#7913,#7914,
    #7915,#7916,#7917,#7918,#7919,#7920,#7921,#7922,#7923,#7924,#7925,
    #7926,#7927,#7928,#7929,#7930,#7931,#7932,#7933,#7934,#7935,#7936,
    #7937,#7938,#7939,#7940,#7941,#7942,#7943,#7944,#7945,#7946,#7947,
    #7948,#7949,#7950,#7951,#7952,#7953,#7954,#7955,#7956,#7957,#7958,
    #7959,#7960,#7961,#7962,#7963,#7964,#7965,#7966,#7967,#7968,#7969,
    #7970,#7971,#7972,#7973,#7974,#7975,#7976,#7977,#7978,#7979,#7980,
    #7981,#7982,#7983,#7984,#7985,#7986,#7987,#7988,#7989,#7990,#7991,
    #7992,#7993,#7994,#7995,#7996,#7997,#7998,#7999,#8000,#8001,#8002,
    #8003,#8004,#8005,#8006,#8007,#8008,#8009,#8010,#8011,#8012,#8013,
    #8014,#8015,#8016,#8017,#8018,#8019,#8020,#8021,#8022,#8023,#8024,
    #8025,#8026,#8027,#8028,#8029,#8030,#8031,#8032,#8033,#8034,#8035,
    #8036,#8037,#8038,#8039,#8040,#8041,#8042,#8043,#8044,#8045,#8046,
    #8047,#8048,#8049,#8050,#8051,#8052,#8053,#8054,#8055,#8056,#8057,
    #8058,#8059,#8060,#8061,#8062,#8063,#8064,#8065,#8066,#8067,#8068,
    #8069,#8070,#8071,#8072,#8073,#8074,#8075,#8076,#8077,#8078,#8079,
    #8080,#8081,#8082,#8083,#8084,#8085,#8086,#8087,#8088,#8089,#8090,
    #8091,#8092,#8093,#8094,#8095,#8096,#8097,#8098,#8099,#8100,#8101,
    #8102,#8103,#8104,#8105,#8106,#8107,#8108,#8109,#8110,#8111,#8112,
    #8113,#8114,#8115,#8116,#8117,#8118,#8119,#8120,#8121,#8122,#8123,
    #8124,#8125,#8126,#8127,#8128,#8129,#8130,#8131,#8132,#8133,#8134,
    #8135,#8136,#8137,#8138,#8139,#8140,#8141,#8142,#8143),
.UNSPECIFIED.,.F.,.F.) B_SPLINE_CURVE_WITH_KNOTS((13,11,11,11,11,11,11,
    11,11,11,11,11,11,11,11,11,11,11,11,11,11,11,13),(2.030926812701,
    2.586259733145,2.863926193368,3.002759423479,3.072176038534,
    3.106884346062,3.14159265359,3.190680038802,3.239767424014,
    3.337942194439,3.534291735289,3.926990816987,4.319689898686,
    4.516039439535,4.61421420996,4.663301595172,4.712388980385,
    4.761476365597,4.810563750809,4.908738521234,5.105088062083,
5.497787143782,6.28318530718),.UNSPECIFIED.) CURVE() 
GEOMETRIC_REPRESENTATION_ITEM() RATIONAL_B_SPLINE_CURVE((1.,1.,1.,1.,1.,
    1.,1.,1.,1.,1.,1.,1.,1.,1.,1.,1.,1.,1.,1.,1.,1.,1.,1.,1.,1.,1.,1.,1.
    ,1.,1.,1.,1.,1.,1.,1.,1.,1.,1.,1.,1.,1.,1.,1.,1.,1.,1.,1.,1.,1.,1.,
    1.,1.,1.,1.,1.,1.,1.,1.,1.,1.,1.,1.,1.,1.,1.,1.,1.,0.998474514485,
    0.996957696502,0.99544954605,0.993950063129,0.99245924774,
    0.990977099882,0.989503619555,0.98803880676,0.986582661496,
    0.985135183763,0.983696373562,0.980836088222,0.979414613084,
    0.978001805476,0.9765976654,0.975202192856,0.973815387842,
    0.97243725036,0.97106778041,0.96970697799,0.968354843102,
    0.967011375746,0.96300697627,0.960372046744,0.957771787344,
    0.95520619807,0.95267527892,0.950179029896,0.947717450998,
    0.945290542224,0.942898303576,0.940540735054,0.938217836657,
    0.931353151841,0.926915375798,0.922616280257,0.918455865217,
    0.914434130678,0.910551076641,0.906806703105,0.90320101007,
    0.899733997537,0.896405665505,0.893216013974,0.884063100886,
    0.878515880833,0.873523382785,0.869085606742,0.865202552705,
    0.861874220673,0.859100610647,0.856881722625,0.855217556609,
    0.854108112599,0.853553390593,0.853553390593,0.854108112599,
    0.855217556609,0.856881722625,0.859100610647,0.861874220673,
    0.865202552705,0.869085606742,0.873523382785,0.878515880833,
    0.884063100886,0.893216013974,0.896405665505,0.899733997537,
    0.90320101007,0.906806703105,0.910551076641,0.914434130678,
    0.918455865217,0.922616280257,0.926915375798,0.931353151841,
    0.938217836657,0.940540735054,0.942898303576,0.945290542224,
    0.947717450998,0.950179029896,0.95267527892,0.95520619807,
    0.957771787344,0.960372046744,0.96300697627,0.967011375746,
    0.968354843102,0.96970697799,0.97106778041,0.97243725036,
    0.973815387842,0.975202192856,0.9765976654,0.978001805476,
    0.979414613084,0.980836088222,0.983696373562,0.985135183763,
    0.986582661496,0.98803880676,0.989503619555,0.990977099882,
    0.99245924774,0.993950063129,0.99544954605,0.996957696502,
    0.998474514485,0.998474514485,0.996957696502,0.99544954605,
    0.993950063129,0.99245924774,0.990977099882,0.989503619555,
    0.98803880676,0.986582661496,0.985135183763,0.983696373562,
    0.980836088222,0.979414613084,0.978001805476,0.9765976654,
    0.975202192856,0.973815387842,0.97243725036,0.97106778041,
    0.96970697799,0.968354843102,0.967011375746,0.96300697627,
    0.960372046744,0.957771787344,0.95520619807,0.95267527892,
    0.950179029896,0.947717450998,0.945290542224,0.942898303576,
    0.940540735054,0.938217836657,0.931353151841,0.926915375798,
    0.922616280257,0.918455865217,0.914434130678,0.910551076641,
    0.906806703105,0.90320101007,0.899733997537,0.896405665505,
    0.893216013974,0.884063100886,0.878515880833,0.873523382785,
    0.869085606742,0.865202552705,0.861874220673,0.859100610647,
    0.856881722625,0.855217556609,0.854108112599,0.853553390593,
    0.853553390593,0.855772278615,0.860210054657,0.866866718721,
    0.875742270806,0.886836710913,0.900150039041,0.91568225519,
    0.933433359361,0.953403351552,0.975592231766,1.)) 
REPRESENTATION_ITEM('') );
#7900 = CARTESIAN_POINT('',(-30.,-30.,-5.723577111428E-15));
#7901 = CARTESIAN_POINT('',(-30.,-28.75004327577,-1.610298644459E-14));
#7902 = CARTESIAN_POINT('',(-29.99999999999,-27.49994734003,
    -1.477345851565E-15));
#7903 = CARTESIAN_POINT('',(-30.,-26.24999293112,-1.847570694076E-14));
#7904 = CARTESIAN_POINT('',(-30.,-25.00002634482,-1.461365468928E-14));
#7905 = CARTESIAN_POINT('',(-30.,-23.75001054329,-2.331851203367E-15));
#7906 = CARTESIAN_POINT('',(-30.,-22.49999234338,5.614156599795E-15));
#7907 = CARTESIAN_POINT('',(-30.,-21.24999052445,6.006996655439E-15));
#7908 = CARTESIAN_POINT('',(-30.,-19.99999696446,1.632201710115E-15));
#7909 = CARTESIAN_POINT('',(-30.,-18.75000192741,-3.31060654678E-15));
#7910 = CARTESIAN_POINT('',(-30.,-17.50000278886,-6.161370154242E-15));
#7911 = CARTESIAN_POINT('',(-30.,-16.25000130468,-6.468244159477E-15));
#7912 = CARTESIAN_POINT('',(-30.,-14.3749988329,-4.526834928993E-15));
#7913 = CARTESIAN_POINT('',(-30.,-13.74999796805,-3.479411812443E-15));
#7914 = CARTESIAN_POINT('',(-30.,-13.12499733502,-2.149544836587E-15));
#7915 = CARTESIAN_POINT('',(-30.,-12.49999723319,-7.422385816019E-16));
#7916 = CARTESIAN_POINT('',(-30.,-11.87499786497,4.757664292075E-16));
#7917 = CARTESIAN_POINT('',(-30.,-11.24999919319,1.224580059342E-15));
#7918 = CARTESIAN_POINT('',(-30.,-10.62500085919,1.276638110018E-15));
#7919 = CARTESIAN_POINT('',(-30.,-10.00000226186,5.271216752803E-16));
#7920 = CARTESIAN_POINT('',(-30.,-9.375002838021,-9.471540964173E-16));
#7921 = CARTESIAN_POINT('',(-30.,-8.750002408345,-2.867096449765E-15));
#7922 = CARTESIAN_POINT('',(-30.,-8.125001265571,-4.816134966739E-15));
#7923 = CARTESIAN_POINT('',(-30.,-7.187499302227,-7.151442131282E-15));
#7924 = CARTESIAN_POINT('',(-30.,-6.874998606249,-7.83183608431E-15));
#7925 = CARTESIAN_POINT('',(-30.,-6.562497937113,-8.361530364155E-15));
#7926 = CARTESIAN_POINT('',(-30.,-6.249997379081,-8.687573764899E-15));
#7927 = CARTESIAN_POINT('',(-30.,-5.937497025499,-8.760871305751E-15));
#7928 = CARTESIAN_POINT('',(-30.,-5.62499696721,-8.541396021444E-15));
#7929 = CARTESIAN_POINT('',(-30.,-5.312497275808,-8.004326621383E-15));
#7930 = CARTESIAN_POINT('',(-30.,-4.999997982433,-7.1467220563E-15));
#7931 = CARTESIAN_POINT('',(-30.,-4.687499054787,-5.993925175054E-15));
#7932 = CARTESIAN_POINT('',(-30.,-4.375000378384,-4.604209359509E-15));
#7933 = CARTESIAN_POINT('',(-30.,-4.062501753424,-3.069102356468E-15));
#7934 = CARTESIAN_POINT('',(-30.,-3.593753513631,-7.231377216998E-16));
#7935 = CARTESIAN_POINT('',(-30.,-3.437504049974,6.60678449239E-17));
#7936 = CARTESIAN_POINT('',(-30.,-3.281254504299,8.479255456622E-16));
#7937 = CARTESIAN_POINT('',(-30.,-3.125004841653,1.60630803331E-15));
#7938 = CARTESIAN_POINT('',(-30.,-2.968755024762,2.323783970141E-15));
#7939 = CARTESIAN_POINT('',(-30.,-2.812505015583,2.98201029142E-15));
#7940 = CARTESIAN_POINT('',(-30.,-2.656254777562,3.562291888658E-15));
#7941 = CARTESIAN_POINT('',(-30.,-2.50000427878,4.046348627983E-15));
#7942 = CARTESIAN_POINT('',(-30.,-2.343753496215,4.417337445402E-15));
#7943 = CARTESIAN_POINT('',(-30.,-2.187502421379,4.661186499601E-15));
#7944 = CARTESIAN_POINT('',(-30.,-2.03125106766,4.768309259291E-15));
#7945 = CARTESIAN_POINT('',(-30.,-1.796873685775,4.719514233578E-15));
#7946 = CARTESIAN_POINT('',(-30.,-1.718747833262,4.668336030799E-15));
#7947 = CARTESIAN_POINT('',(-30.,-1.640621927783,4.581878823523E-15));
#7948 = CARTESIAN_POINT('',(-30.,-1.562495976878,4.460193054519E-15));
#7949 = CARTESIAN_POINT('',(-30.,-1.484369990339,4.303813380212E-15));
#7950 = CARTESIAN_POINT('',(-30.,-1.406243980534,4.113833828951E-15));
#7951 = CARTESIAN_POINT('',(-30.,-1.328117962768,3.891990787569E-15));
#7952 = CARTESIAN_POINT('',(-30.,-1.24999195569,3.640754496984E-15));
#7953 = CARTESIAN_POINT('',(-30.,-1.17186598173,3.363429791546E-15));
#7954 = CARTESIAN_POINT('',(-30.,-1.093740067591,3.064266874891E-15));
#7955 = CARTESIAN_POINT('',(-30.,-1.015614244785,2.748582987422E-15));
#7956 = CARTESIAN_POINT('',(-30.,-0.859362855675,2.097208787939E-15));
#7957 = CARTESIAN_POINT('',(-30.,-0.781237289371,1.761518475924E-15));
#7958 = CARTESIAN_POINT('',(-30.,-0.703111888235,1.422342710177E-15));
#7959 = CARTESIAN_POINT('',(-30.,-0.624986694588,1.087399767376E-15));
#7960 = CARTESIAN_POINT('',(-30.,-0.546861756748,7.657419237067E-16));
#7961 = CARTESIAN_POINT('',(-30.,-0.468737129675,4.679007501172E-16));
#7962 = CARTESIAN_POINT('',(-30.,-0.390612875681,2.060451436985E-16));
#7963 = CARTESIAN_POINT('',(-30.,-0.312489065194,-5.846915452569E-18));
#7964 = CARTESIAN_POINT('',(-30.,-0.234365777599,-1.51801820753E-16));
#7965 = CARTESIAN_POINT('',(-30.,-0.156243102144,-2.136478710694E-16));
#7966 = CARTESIAN_POINT('',(-30.,-7.812113893366E-02,-1.707956579341E-16
    ));
#7967 = CARTESIAN_POINT('',(-30.,0.110654235995,0.));
#7968 = CARTESIAN_POINT('',(-29.99955475337,0.221460753841,0.));
#7969 = CARTESIAN_POINT('',(-29.99866223643,0.332417355232,0.));
#7970 = CARTESIAN_POINT('',(-29.99732043653,0.443521820624,0.));
#7971 = CARTESIAN_POINT('',(-29.99552735241,0.554771909276,0.));
#7972 = CARTESIAN_POINT('',(-29.9932809944,0.666165359279,0.));
#7973 = CARTESIAN_POINT('',(-29.99057938468,0.7776998876,0.));
#7974 = CARTESIAN_POINT('',(-29.98742055758,0.88937319012,0.));
#7975 = CARTESIAN_POINT('',(-29.98380255982,1.00118294168,0.));
#7976 = CARTESIAN_POINT('',(-29.97972345077,1.113126796131,0.));
#7977 = CARTESIAN_POINT('',(-29.97518130273,1.225202386383,0.));
#7978 = CARTESIAN_POINT('',(-29.96515249804,1.449939471276,0.));
#7979 = CARTESIAN_POINT('',(-29.95966326056,1.56259869928,0.));
#7980 = CARTESIAN_POINT('',(-29.95370459606,1.675382567266,0.));
#7981 = CARTESIAN_POINT('',(-29.94727462588,1.788288613221,0.));
#7982 = CARTESIAN_POINT('',(-29.94037148564,1.901314354393,0.));
#7983 = CARTESIAN_POINT('',(-29.93299332553,2.014457287363,0.));
#7984 = CARTESIAN_POINT('',(-29.92513831054,2.127714888119,0.));
#7985 = CARTESIAN_POINT('',(-29.91680462074,2.241084612134,0.));
#7986 = CARTESIAN_POINT('',(-29.90799045158,2.354563894449,0.));
#7987 = CARTESIAN_POINT('',(-29.89869401413,2.468150149759,0.));
#7988 = CARTESIAN_POINT('',(-29.88891353535,2.581840772497,0.));
#7989 = CARTESIAN_POINT('',(-29.85802932546,2.924164214259,0.));
#7990 = CARTESIAN_POINT('',(-29.8354538028,3.153086186144,0.));
#7991 = CARTESIAN_POINT('',(-29.81090698542,3.382377418704,0.));
#7992 = CARTESIAN_POINT('',(-29.7843754474,3.612015960505,0.));
#7993 = CARTESIAN_POINT('',(-29.75584605062,3.841979546212,0.));
#7994 = CARTESIAN_POINT('',(-29.72530595338,4.072245600482,0.));
#7995 = CARTESIAN_POINT('',(-29.6927426191,4.302791242076,0.));
#7996 = CARTESIAN_POINT('',(-29.65814382493,4.533593288216,0.));
#7997 = CARTESIAN_POINT('',(-29.62149767033,4.764628259176,0.));
#7998 = CARTESIAN_POINT('',(-29.58279258563,4.995872383097,0.));
#7999 = CARTESIAN_POINT('',(-29.54201734052,5.227301601058,0.));
#8000 = CARTESIAN_POINT('',(-29.41281671842,5.925485455556,0.));
#8001 = CARTESIAN_POINT('',(-29.31805827238,6.392556597856,0.));
#8002 = CARTESIAN_POINT('',(-29.214807029,6.8599012666,0.));
#8003 = CARTESIAN_POINT('',(-29.10299050007,7.327311605278,0.));
#8004 = CARTESIAN_POINT('',(-28.98254265008,7.794575851827,0.));
#8005 = CARTESIAN_POINT('',(-28.85340414426,8.261478571929,0.));
#8006 = CARTESIAN_POINT('',(-28.7155225879,8.727800907044,0.));
#8007 = CARTESIAN_POINT('',(-28.56885275597,9.193320836849,0.));
#8008 = CARTESIAN_POINT('',(-28.41335681202,9.657813455658,0.));
#8009 = CARTESIAN_POINT('',(-28.24900451533,10.121051262332,0.));
#8010 = CARTESIAN_POINT('',(-28.07577341526,10.582804463132,0.));
#8011 = CARTESIAN_POINT('',(-27.52562911198,11.972440673045,0.));
#8012 = CARTESIAN_POINT('',(-27.12195402943,12.893412152483,0.));
#8013 = CARTESIAN_POINT('',(-26.68271356001,13.80383679299,0.));
#8014 = CARTESIAN_POINT('',(-26.20813586154,14.70178951037,0.));
#8015 = CARTESIAN_POINT('',(-25.69859000363,15.585351233539,0.));
#8016 = CARTESIAN_POINT('',(-25.15458721996,16.45262141091,0.));
#8017 = CARTESIAN_POINT('',(-24.57678082013,17.301730700807,0.));
#8018 = CARTESIAN_POINT('',(-23.96596471959,18.130853679204,0.));
#8019 = CARTESIAN_POINT('',(-23.32307057005,18.938221392186,0.));
#8020 = CARTESIAN_POINT('',(-22.6491634978,19.722133578382,0.));
#8021 = CARTESIAN_POINT('',(-21.94543648263,20.480970388563,0.));
#8022 = CARTESIAN_POINT('',(-20.48097038856,21.94543648263,0.));
#8023 = CARTESIAN_POINT('',(-19.72213357838,22.649163497807,0.));
#8024 = CARTESIAN_POINT('',(-18.93822139218,23.323070570058,0.));
#8025 = CARTESIAN_POINT('',(-18.1308536792,23.965964719595,0.));
#8026 = CARTESIAN_POINT('',(-17.3017307008,24.576780820136,0.));
#8027 = CARTESIAN_POINT('',(-16.45262141091,25.154587219961,0.));
#8028 = CARTESIAN_POINT('',(-15.58535123353,25.69859000363,0.));
#8029 = CARTESIAN_POINT('',(-14.70178951037,26.208135861545,0.));
#8030 = CARTESIAN_POINT('',(-13.80383679299,26.68271356001,0.));
#8031 = CARTESIAN_POINT('',(-12.89341215248,27.121954029435,0.));
#8032 = CARTESIAN_POINT('',(-11.97244067304,27.525629111987,0.));
#8033 = CARTESIAN_POINT('',(-10.58280446313,28.075773415265,0.));
#8034 = CARTESIAN_POINT('',(-10.12105126233,28.249004515335,0.));
#8035 = CARTESIAN_POINT('',(-9.657813455658,28.413356812024,0.));
#8036 = CARTESIAN_POINT('',(-9.193320836849,28.568852755974,0.));
#8037 = CARTESIAN_POINT('',(-8.727800907044,28.715522587907,0.));
#8038 = CARTESIAN_POINT('',(-8.261478571929,28.853404144267,0.));
#8039 = CARTESIAN_POINT('',(-7.794575851827,28.982542650084,0.));
#8040 = CARTESIAN_POINT('',(-7.327311605278,29.102990500072,0.));
#8041 = CARTESIAN_POINT('',(-6.8599012666,29.214807029006,0.));
#8042 = CARTESIAN_POINT('',(-6.392556597856,29.318058272382,0.));
#8043 = CARTESIAN_POINT('',(-5.925485455556,29.412816718428,0.));
#8044 = CARTESIAN_POINT('',(-5.227301601058,29.542017340524,0.));
#8045 = CARTESIAN_POINT('',(-4.995872383097,29.58279258563,0.));
#8046 = CARTESIAN_POINT('',(-4.764628259176,29.62149767033,0.));
#8047 = CARTESIAN_POINT('',(-4.533593288216,29.658143824934,0.));
#8048 = CARTESIAN_POINT('',(-4.302791242076,29.692742619109,0.));
#8049 = CARTESIAN_POINT('',(-4.072245600482,29.725305953389,0.));
#8050 = CARTESIAN_POINT('',(-3.841979546212,29.755846050627,0.));
#8051 = CARTESIAN_POINT('',(-3.612015960505,29.784375447409,0.));
#8052 = CARTESIAN_POINT('',(-3.382377418704,29.810906985423,0.));
#8053 = CARTESIAN_POINT('',(-3.153086186144,29.835453802807,0.));
#8054 = CARTESIAN_POINT('',(-2.924164214259,29.858029325468,0.));
#8055 = CARTESIAN_POINT('',(-2.581840772497,29.888913535358,0.));
#8056 = CARTESIAN_POINT('',(-2.468150149759,29.898694014137,0.));
#8057 = CARTESIAN_POINT('',(-2.354563894449,29.907990451588,0.));
#8058 = CARTESIAN_POINT('',(-2.241084612134,29.916804620746,0.));
#8059 = CARTESIAN_POINT('',(-2.127714888119,29.925138310541,0.));
#8060 = CARTESIAN_POINT('',(-2.014457287363,29.932993325535,0.));
#8061 = CARTESIAN_POINT('',(-1.901314354393,29.940371485646,0.));
#8062 = CARTESIAN_POINT('',(-1.788288613221,29.94727462588,0.));
#8063 = CARTESIAN_POINT('',(-1.675382567266,29.953704596062,0.));
#8064 = CARTESIAN_POINT('',(-1.56259869928,29.959663260566,0.));
#8065 = CARTESIAN_POINT('',(-1.449939471276,29.965152498047,0.));
#8066 = CARTESIAN_POINT('',(-1.225202386383,29.975181302731,0.));
#8067 = CARTESIAN_POINT('',(-1.113126796131,29.979723450776,0.));
#8068 = CARTESIAN_POINT('',(-1.00118294168,29.983802559826,0.));
#8069 = CARTESIAN_POINT('',(-0.88937319012,29.987420557586,0.));
#8070 = CARTESIAN_POINT('',(-0.7776998876,29.990579384683,0.));
#8071 = CARTESIAN_POINT('',(-0.666165359279,29.993280994402,0.));
#8072 = CARTESIAN_POINT('',(-0.554771909276,29.995527352418,0.));
#8073 = CARTESIAN_POINT('',(-0.443521820624,29.997320436537,0.));
#8074 = CARTESIAN_POINT('',(-0.332417355232,29.998662236432,0.));
#8075 = CARTESIAN_POINT('',(-0.221460753841,29.999554753379,0.));
#8076 = CARTESIAN_POINT('',(-0.110654235995,30.,0.));
#8077 = CARTESIAN_POINT('',(0.110654235995,30.,0.));
#8078 = CARTESIAN_POINT('',(0.221460753841,29.999554753379,0.));
#8079 = CARTESIAN_POINT('',(0.332417355232,29.998662236432,0.));
#8080 = CARTESIAN_POINT('',(0.443521820624,29.997320436537,0.));
#8081 = CARTESIAN_POINT('',(0.554771909276,29.995527352418,0.));
#8082 = CARTESIAN_POINT('',(0.666165359279,29.993280994402,0.));
#8083 = CARTESIAN_POINT('',(0.7776998876,29.990579384683,0.));
#8084 = CARTESIAN_POINT('',(0.88937319012,29.987420557586,0.));
#8085 = CARTESIAN_POINT('',(1.00118294168,29.983802559826,0.));
#8086 = CARTESIAN_POINT('',(1.113126796131,29.979723450776,0.));
#8087 = CARTESIAN_POINT('',(1.225202386383,29.975181302731,0.));
#8088 = CARTESIAN_POINT('',(1.449939471276,29.965152498047,0.));
#8089 = CARTESIAN_POINT('',(1.56259869928,29.959663260566,0.));
#8090 = CARTESIAN_POINT('',(1.675382567266,29.953704596062,0.));
#8091 = CARTESIAN_POINT('',(1.788288613221,29.94727462588,0.));
#8092 = CARTESIAN_POINT('',(1.901314354393,29.940371485646,0.));
#8093 = CARTESIAN_POINT('',(2.014457287363,29.932993325535,0.));
#8094 = CARTESIAN_POINT('',(2.127714888119,29.925138310541,0.));
#8095 = CARTESIAN_POINT('',(2.241084612134,29.916804620746,0.));
#8096 = CARTESIAN_POINT('',(2.354563894449,29.907990451588,0.));
#8097 = CARTESIAN_POINT('',(2.468150149759,29.898694014137,0.));
#8098 = CARTESIAN_POINT('',(2.581840772497,29.888913535358,0.));
#8099 = CARTESIAN_POINT('',(2.924164214259,29.858029325468,0.));
#8100 = CARTESIAN_POINT('',(3.153086186144,29.835453802807,0.));
#8101 = CARTESIAN_POINT('',(3.382377418704,29.810906985423,0.));
#8102 = CARTESIAN_POINT('',(3.612015960505,29.784375447409,0.));
#8103 = CARTESIAN_POINT('',(3.841979546212,29.755846050627,0.));
#8104 = CARTESIAN_POINT('',(4.072245600482,29.725305953389,0.));
#8105 = CARTESIAN_POINT('',(4.302791242076,29.692742619109,0.));
#8106 = CARTESIAN_POINT('',(4.533593288216,29.658143824934,0.));
#8107 = CARTESIAN_POINT('',(4.764628259176,29.62149767033,0.));
#8108 = CARTESIAN_POINT('',(4.995872383097,29.58279258563,0.));
#8109 = CARTESIAN_POINT('',(5.227301601058,29.542017340524,0.));
#8110 = CARTESIAN_POINT('',(5.925485455556,29.412816718428,0.));
#8111 = CARTESIAN_POINT('',(6.392556597856,29.318058272382,0.));
#8112 = CARTESIAN_POINT('',(6.8599012666,29.214807029006,0.));
#8113 = CARTESIAN_POINT('',(7.327311605278,29.102990500072,0.));
#8114 = CARTESIAN_POINT('',(7.794575851827,28.982542650084,0.));
#8115 = CARTESIAN_POINT('',(8.261478571929,28.853404144267,0.));
#8116 = CARTESIAN_POINT('',(8.727800907044,28.715522587907,0.));
#8117 = CARTESIAN_POINT('',(9.193320836849,28.568852755974,0.));
#8118 = CARTESIAN_POINT('',(9.657813455658,28.413356812024,0.));
#8119 = CARTESIAN_POINT('',(10.121051262332,28.249004515335,0.));
#8120 = CARTESIAN_POINT('',(10.582804463132,28.075773415265,0.));
#8121 = CARTESIAN_POINT('',(11.972440673045,27.525629111987,0.));
#8122 = CARTESIAN_POINT('',(12.893412152483,27.121954029435,0.));
#8123 = CARTESIAN_POINT('',(13.80383679299,26.68271356001,0.));
#8124 = CARTESIAN_POINT('',(14.70178951037,26.208135861545,0.));
#8125 = CARTESIAN_POINT('',(15.585351233539,25.69859000363,0.));
#8126 = CARTESIAN_POINT('',(16.45262141091,25.154587219961,0.));
#8127 = CARTESIAN_POINT('',(17.301730700807,24.576780820136,0.));
#8128 = CARTESIAN_POINT('',(18.130853679204,23.965964719595,0.));
#8129 = CARTESIAN_POINT('',(18.938221392186,23.323070570058,0.));
#8130 = CARTESIAN_POINT('',(19.722133578382,22.649163497807,0.));
#8131 = CARTESIAN_POINT('',(20.480970388563,21.94543648263,0.));
#8132 = CARTESIAN_POINT('',(22.677669529664,19.748737341529,0.));
#8133 = CARTESIAN_POINT('',(24.024536092809,18.181860272444,0.));
#8134 = CARTESIAN_POINT('',(25.244290544198,16.525489875228,0.));
#8135 = CARTESIAN_POINT('',(26.329518583304,14.793719845117,0.));
#8136 = CARTESIAN_POINT('',(27.275038883111,13.001433032739,0.));
#8137 = CARTESIAN_POINT('',(28.077948923889,11.163899454108,0.));
#8138 = CARTESIAN_POINT('',(28.73758419477,9.296380794227,0.));
#8139 = CARTESIAN_POINT('',(29.255398717237,7.413761089511,0.));
#8140 = CARTESIAN_POINT('',(29.634779400703,5.530219847129,0.));
#8141 = CARTESIAN_POINT('',(29.880809771173,3.658959429139,0.));
#8142 = CARTESIAN_POINT('',(30.,1.811993674619,0.));
#8143 = CARTESIAN_POINT('',(30.,7.347880794884E-15,0.));
#8144 = PCURVE('',#220,#8145);
#8145 = DEFINITIONAL_REPRESENTATION('',(#8146),#8436);
#8146 = B_SPLINE_CURVE_WITH_KNOTS('',3,(#8147,#8148,#8149,#8150,#8151,
    #8152,#8153,#8154,#8155,#8156,#8157,#8158,#8159,#8160,#8161,#8162,
    #8163,#8164,#8165,#8166,#8167,#8168,#8169,#8170,#8171,#8172,#8173,
    #8174,#8175,#8176,#8177,#8178,#8179,#8180,#8181,#8182,#8183,#8184,
    #8185,#8186,#8187,#8188,#8189,#8190,#8191,#8192,#8193,#8194,#8195,
    #8196,#8197,#8198,#8199,#8200,#8201,#8202,#8203,#8204,#8205,#8206,
    #8207,#8208,#8209,#8210,#8211,#8212,#8213,#8214,#8215,#8216,#8217,
    #8218,#8219,#8220,#8221,#8222,#8223,#8224,#8225,#8226,#8227,#8228,
    #8229,#8230,#8231,#8232,#8233,#8234,#8235,#8236,#8237,#8238,#8239,
    #8240,#8241,#8242,#8243,#8244,#8245,#8246,#8247,#8248,#8249,#8250,
    #8251,#8252,#8253,#8254,#8255,#8256,#8257,#8258,#8259,#8260,#8261,
    #8262,#8263,#8264,#8265,#8266,#8267,#8268,#8269,#8270,#8271,#8272,
    #8273,#8274,#8275,#8276,#8277,#8278,#8279,#8280,#8281,#8282,#8283,
    #8284,#8285,#8286,#8287,#8288,#8289,#8290,#8291,#8292,#8293,#8294,
    #8295,#8296,#8297,#8298,#8299,#8300,#8301,#8302,#8303,#8304,#8305,
    #8306,#8307,#8308,#8309,#8310,#8311,#8312,#8313,#8314,#8315,#8316,
    #8317,#8318,#8319,#8320,#8321,#8322,#8323,#8324,#8325,#8326,#8327,
    #8328,#8329,#8330,#8331,#8332,#8333,#8334,#8335,#8336,#8337,#8338,
    #8339,#8340,#8341,#8342,#8343,#8344,#8345,#8346,#8347,#8348,#8349,
    #8350,#8351,#8352,#8353,#8354,#8355,#8356,#8357,#8358,#8359,#8360,
    #8361,#8362,#8363,#8364,#8365,#8366,#8367,#8368,#8369,#8370,#8371,
    #8372,#8373,#8374,#8375,#8376,#8377,#8378,#8379,#8380,#8381,#8382,
    #8383,#8384,#8385,#8386,#8387,#8388,#8389,#8390,#8391,#8392,#8393,
    #8394,#8395,#8396,#8397,#8398,#8399,#8400,#8401,#8402,#8403,#8404,
    #8405,#8406,#8407,#8408,#8409,#8410,#8411,#8412,#8413,#8414,#8415,
    #8416,#8417,#8418,#8419,#8420,#8421,#8422,#8423,#8424,#8425,#8426,
    #8427,#8428,#8429,#8430,#8431,#8432,#8433,#8434,#8435),
  .UNSPECIFIED.,.F.,.F.,(4,1,1,1,1,1,1,1,1,1,1,1,1,1,1,1,1,1,1,1,1,1,1,1
    ,1,1,1,1,1,1,1,1,1,1,1,1,1,1,1,1,1,1,1,1,1,1,1,1,1,1,1,1,1,1,1,1,1,1
    ,1,1,1,1,1,1,1,1,1,1,1,1,1,1,1,1,1,1,1,1,1,1,1,1,1,1,1,1,1,1,1,1,1,1
    ,1,1,1,1,1,1,1,1,1,1,1,1,1,1,1,1,1,1,1,1,1,1,1,1,1,1,1,1,1,1,1,1,1,1
    ,1,1,1,1,1,1,1,1,1,1,1,1,1,1,1,1,1,1,1,1,1,1,1,1,1,1,1,1,1,1,1,1,1,1
    ,1,1,1,1,1,1,1,1,1,1,1,1,1,1,1,1,1,1,1,1,1,1,1,1,1,1,1,1,1,1,1,1,1,1
    ,1,1,1,1,1,1,1,1,1,1,1,1,1,1,1,1,1,1,1,1,1,1,1,1,1,1,1,1,1,1,1,1,1,1
    ,1,1,1,1,1,1,1,1,1,1,1,1,1,1,1,1,1,1,1,1,1,1,1,1,1,1,1,1,1,1,1,1,1,1
    ,1,1,1,1,1,1,1,1,1,1,1,1,1,1,1,1,1,1,1,1,1,1,1,1,4),(2.030926812701,
    2.045794849395,2.060662886089,2.075530922783,2.090398959477,
    2.105266996171,2.120135032865,2.135003069559,2.149871106253,
    2.164739142947,2.179607179641,2.194475216335,2.209343253029,
    2.224211289722,2.239079326416,2.25394736311,2.268815399804,
    2.283683436498,2.298551473192,2.313419509886,2.32828754658,
    2.343155583274,2.358023619968,2.372891656662,2.387759693356,
    2.40262773005,2.417495766744,2.432363803438,2.447231840132,
    2.462099876826,2.47696791352,2.491835950214,2.506703986908,
    2.521572023602,2.536440060296,2.55130809699,2.566176133684,
    2.581044170378,2.595912207072,2.610780243766,2.62564828046,
    2.640516317154,2.655384353848,2.670252390542,2.685120427236,
    2.69998846393,2.714856500624,2.729724537318,2.744592574012,
    2.759460610706,2.7743286474,2.789196684094,2.804064720788,
    2.818932757482,2.833800794176,2.84866883087,2.863536867564,
    2.878404904258,2.893272940952,2.908140977646,2.92300901434,
    2.937877051034,2.952745087728,2.967613124422,2.982481161116,
    2.99734919781,3.012217234504,3.027085271198,3.041953307892,
    3.056821344585,3.071689381279,3.086557417973,3.101425454667,
    3.116293491361,3.131161528055,3.146029564749,3.160897601443,
    3.175765638137,3.190633674831,3.205501711525,3.220369748219,
    3.235237784913,3.250105821607,3.264973858301,3.279841894995,
    3.294709931689,3.309577968383,3.324446005077,3.339314041771,
    3.354182078465,3.369050115159,3.383918151853,3.398786188547,
    3.413654225241,3.428522261935,3.443390298629,3.458258335323,
    3.473126372017,3.487994408711,3.502862445405,3.517730482099,
    3.532598518793,3.547466555487,3.562334592181,3.577202628875,
    3.592070665569,3.606938702263,3.621806738957,3.636674775651,
    3.651542812345,3.666410849039,3.681278885733,3.696146922427,
    3.711014959121,3.725882995815,3.740751032509,3.755619069203,
    3.770487105897,3.785355142591,3.800223179285,3.815091215979,
    3.829959252673,3.844827289367,3.859695326061,3.874563362754,
    3.889431399448,3.904299436142,3.919167472836,3.93403550953,
    3.948903546224,3.963771582918,3.978639619612,3.993507656306,
    4.008375693,4.023243729694,4.038111766388,4.052979803082,
    4.067847839776,4.08271587647,4.097583913164,4.112451949858,
    4.127319986552,4.142188023246,4.15705605994,4.171924096634,
    4.186792133328,4.201660170022,4.216528206716,4.23139624341,
    4.246264280104,4.261132316798,4.276000353492,4.290868390186,
    4.30573642688,4.320604463574,4.335472500268,4.350340536962,
    4.365208573656,4.38007661035,4.394944647044,4.409812683738,
    4.424680720432,4.439548757126,4.45441679382,4.469284830514,
    4.484152867208,4.499020903902,4.513888940596,4.52875697729,
    4.543625013984,4.558493050678,4.573361087372,4.588229124066,
    4.60309716076,4.617965197454,4.632833234148,4.647701270842,
    4.662569307536,4.67743734423,4.692305380924,4.707173417617,
    4.722041454311,4.736909491005,4.751777527699,4.766645564393,
    4.781513601087,4.796381637781,4.811249674475,4.826117711169,
    4.840985747863,4.855853784557,4.870721821251,4.885589857945,
    4.900457894639,4.915325931333,4.930193968027,4.945062004721,
    4.959930041415,4.974798078109,4.989666114803,5.004534151497,
    5.019402188191,5.034270224885,5.049138261579,5.064006298273,
    5.078874334967,5.093742371661,5.108610408355,5.123478445049,
    5.138346481743,5.153214518437,5.168082555131,5.182950591825,
    5.197818628519,5.212686665213,5.227554701907,5.242422738601,
    5.257290775295,5.272158811989,5.287026848683,5.301894885377,
    5.316762922071,5.331630958765,5.346498995459,5.361367032153,
    5.376235068847,5.391103105541,5.405971142235,5.420839178929,
    5.435707215623,5.450575252317,5.465443289011,5.480311325705,
    5.495179362399,5.510047399093,5.524915435787,5.53978347248,
    5.554651509174,5.569519545868,5.584387582562,5.599255619256,
    5.61412365595,5.628991692644,5.643859729338,5.658727766032,
    5.673595802726,5.68846383942,5.703331876114,5.718199912808,
    5.733067949502,5.747935986196,5.76280402289,5.777672059584,
    5.792540096278,5.807408132972,5.822276169666,5.83714420636,
    5.852012243054,5.866880279748,5.881748316442,5.896616353136,
    5.91148438983,5.926352426524,5.941220463218,5.956088499912,
    5.970956536606,5.9858245733,6.000692609994,6.015560646688,
    6.030428683382,6.045296720076,6.06016475677,6.075032793464,
    6.089900830158,6.104768866852,6.119636903546,6.13450494024,
    6.149372976934,6.164241013628,6.179109050322,6.193977087016,
    6.20884512371,6.223713160404,6.238581197098,6.253449233792,
    6.268317270486,6.28318530718),.QUASI_UNIFORM_KNOTS.);
#8147 = CARTESIAN_POINT('',(1.9728522103,14.142835855892));
#8148 = CARTESIAN_POINT('',(1.977541094065,14.142833829785));
#8149 = CARTESIAN_POINT('',(1.986945563133,14.142829782343));
#8150 = CARTESIAN_POINT('',(2.001131757931,14.142823725831));
#8151 = CARTESIAN_POINT('',(2.015396827812,14.142817684316));
#8152 = CARTESIAN_POINT('',(2.029740166083,14.142811658117));
#8153 = CARTESIAN_POINT('',(2.044161152126,14.142805647546));
#8154 = CARTESIAN_POINT('',(2.05865914119,14.142799652903));
#8155 = CARTESIAN_POINT('',(2.073233453791,14.14279367449));
#8156 = CARTESIAN_POINT('',(2.087883367901,14.142787712607));
#8157 = CARTESIAN_POINT('',(2.102608112628,14.142781767557));
#8158 = CARTESIAN_POINT('',(2.117406863382,14.142775839645));
#8159 = CARTESIAN_POINT('',(2.132278738162,14.142769929184));
#8160 = CARTESIAN_POINT('',(2.147222794776,14.142764036488));
#8161 = CARTESIAN_POINT('',(2.162238028771,14.142758161879));
#8162 = CARTESIAN_POINT('',(2.177323371905,14.142752305682));
#8163 = CARTESIAN_POINT('',(2.192477691008,14.142746468228));
#8164 = CARTESIAN_POINT('',(2.207699787124,14.142740649852));
#8165 = CARTESIAN_POINT('',(2.22298839482,14.142734850894));
#8166 = CARTESIAN_POINT('',(2.238342181586,14.142729071695));
#8167 = CARTESIAN_POINT('',(2.253759747292,14.142723312603));
#8168 = CARTESIAN_POINT('',(2.269239623631,14.142717573966));
#8169 = CARTESIAN_POINT('',(2.284780273548,14.142711856135));
#8170 = CARTESIAN_POINT('',(2.300380090647,14.142706159465));
#8171 = CARTESIAN_POINT('',(2.316037398556,14.142700484312));
#8172 = CARTESIAN_POINT('',(2.331750450296,14.142694831032));
#8173 = CARTESIAN_POINT('',(2.34751742764,14.142689199986));
#8174 = CARTESIAN_POINT('',(2.363336440514,14.142683591532));
#8175 = CARTESIAN_POINT('',(2.379205526451,14.142678006034));
#8176 = CARTESIAN_POINT('',(2.395122650135,14.142672443853));
#8177 = CARTESIAN_POINT('',(2.411085703072,14.142666905351));
#8178 = CARTESIAN_POINT('',(2.427092503402,14.142661390893));
#8179 = CARTESIAN_POINT('',(2.443140795896,14.142655900842));
#8180 = CARTESIAN_POINT('',(2.459228252147,14.14265043556));
#8181 = CARTESIAN_POINT('',(2.475352470997,14.142644995411));
#8182 = CARTESIAN_POINT('',(2.491510979182,14.142639580756));
#8183 = CARTESIAN_POINT('',(2.507701232239,14.142634191955));
#8184 = CARTESIAN_POINT('',(2.52392061566,14.142628829366));
#8185 = CARTESIAN_POINT('',(2.540166446299,14.142623493346));
#8186 = CARTESIAN_POINT('',(2.55643597403,14.142618184248));
#8187 = CARTESIAN_POINT('',(2.572726383641,14.142612902421));
#8188 = CARTESIAN_POINT('',(2.589034796966,14.142607648212));
#8189 = CARTESIAN_POINT('',(2.605358275216,14.142602421961));
#8190 = CARTESIAN_POINT('',(2.621693821528,14.142597224005));
#8191 = CARTESIAN_POINT('',(2.638038383675,14.142592054674));
#8192 = CARTESIAN_POINT('',(2.65438885696,14.142586914293));
#8193 = CARTESIAN_POINT('',(2.67074208725,14.14258180318));
#8194 = CARTESIAN_POINT('',(2.687094874152,14.142576721644));
#8195 = CARTESIAN_POINT('',(2.703443974321,14.142571669989));
#8196 = CARTESIAN_POINT('',(2.719786104894,14.142566648508));
#8197 = CARTESIAN_POINT('',(2.736117947049,14.142561657488));
#8198 = CARTESIAN_POINT('',(2.752436149701,14.142556697204));
#8199 = CARTESIAN_POINT('',(2.768737333331,14.142551767925));
#8200 = CARTESIAN_POINT('',(2.78501809398,14.142546869907));
#8201 = CARTESIAN_POINT('',(2.801275007418,14.142542003397));
#8202 = CARTESIAN_POINT('',(2.817504633504,14.14253716863));
#8203 = CARTESIAN_POINT('',(2.833703520769,14.142532365832));
#8204 = CARTESIAN_POINT('',(2.849868211231,14.142527595215));
#8205 = CARTESIAN_POINT('',(2.865995245464,14.14252285698));
#8206 = CARTESIAN_POINT('',(2.882081167925,14.142518151316));
#8207 = CARTESIAN_POINT('',(2.898122532533,14.142513478396));
#8208 = CARTESIAN_POINT('',(2.914115908474,14.142508838382));
#8209 = CARTESIAN_POINT('',(2.930057886195,14.142504231421));
#8210 = CARTESIAN_POINT('',(2.945945083502,14.142499657644));
#8211 = CARTESIAN_POINT('',(2.961774151662,14.142495117167));
#8212 = CARTESIAN_POINT('',(2.977541781374,14.142490610091));
#8213 = CARTESIAN_POINT('',(2.993244708326,14.1424861365));
#8214 = CARTESIAN_POINT('',(3.008879718404,14.142481696462));
#8215 = CARTESIAN_POINT('',(3.024443651048,14.142477290019));
#8216 = CARTESIAN_POINT('',(3.039933404782,14.142472917239));
#8217 = CARTESIAN_POINT('',(3.055345927936,14.142468578024));
#8218 = CARTESIAN_POINT('',(3.070678255605,14.142464272812));
#8219 = CARTESIAN_POINT('',(3.08592736228,14.14245999999));
#8220 = CARTESIAN_POINT('',(3.101090687309,14.142455765547));
#8221 = CARTESIAN_POINT('',(3.116164130481,14.142451547065));
#8222 = CARTESIAN_POINT('',(3.131149466056,14.142447428137));
#8223 = CARTESIAN_POINT('',(3.146026033792,14.14244309689));
#8224 = CARTESIAN_POINT('',(3.160890426139,14.142436999285));
#8225 = CARTESIAN_POINT('',(3.175759432972,14.142431622761));
#8226 = CARTESIAN_POINT('',(3.190627267805,14.142426287919));
#8227 = CARTESIAN_POINT('',(3.205495432127,14.142421184939));
#8228 = CARTESIAN_POINT('',(3.220363523477,14.142416279797));
#8229 = CARTESIAN_POINT('',(3.235231649562,14.142411598854));
#8230 = CARTESIAN_POINT('',(3.250099781371,14.142407152403));
#8231 = CARTESIAN_POINT('',(3.264967926513,14.142402955067));
#8232 = CARTESIAN_POINT('',(3.279836082771,14.142399020303));
#8233 = CARTESIAN_POINT('',(3.294704250544,14.14239536188));
#8234 = CARTESIAN_POINT('',(3.309572429513,14.142391993499));
#8235 = CARTESIAN_POINT('',(3.324440619535,14.142388928919));
#8236 = CARTESIAN_POINT('',(3.339308820403,14.142386181929));
#8237 = CARTESIAN_POINT('',(3.354177031907,14.142383766351));
#8238 = CARTESIAN_POINT('',(3.369045253821,14.142381696028));
#8239 = CARTESIAN_POINT('',(3.383913485904,14.142379984792));
#8240 = CARTESIAN_POINT('',(3.398781727898,14.142378646432));
#8241 = CARTESIAN_POINT('',(3.413649979533,14.142377694651));
#8242 = CARTESIAN_POINT('',(3.428518240524,14.142377143023));
#8243 = CARTESIAN_POINT('',(3.44338651057,14.142377004945));
#8244 = CARTESIAN_POINT('',(3.458254789359,14.142377293593));
#8245 = CARTESIAN_POINT('',(3.473123076562,14.142378021878));
#8246 = CARTESIAN_POINT('',(3.487991371841,14.14237920241));
#8247 = CARTESIAN_POINT('',(3.50285967484,14.142380847463));
#8248 = CARTESIAN_POINT('',(3.517727985193,14.142382968945));
#8249 = CARTESIAN_POINT('',(3.532596302521,14.142385578373));
#8250 = CARTESIAN_POINT('',(3.547464626432,14.142388686851));
#8251 = CARTESIAN_POINT('',(3.562332956519,14.142392305047));
#8252 = CARTESIAN_POINT('',(3.577201292366,14.142396443176));
#8253 = CARTESIAN_POINT('',(3.592069633541,14.142401110974));
#8254 = CARTESIAN_POINT('',(3.606937979601,14.142406317682));
#8255 = CARTESIAN_POINT('',(3.621806330091,14.142412072014));
#8256 = CARTESIAN_POINT('',(3.636674684544,14.14241838213));
#8257 = CARTESIAN_POINT('',(3.65154304248,14.142425255602));
#8258 = CARTESIAN_POINT('',(3.666411403412,14.142432699378));
#8259 = CARTESIAN_POINT('',(3.681279766839,14.142440719745));
#8260 = CARTESIAN_POINT('',(3.696148132253,14.142449322289));
#8261 = CARTESIAN_POINT('',(3.711016499139,14.142458511855));
#8262 = CARTESIAN_POINT('',(3.725884866973,14.142468292519));
#8263 = CARTESIAN_POINT('',(3.740753235226,14.142478667552));
#8264 = CARTESIAN_POINT('',(3.755621603361,14.142489639425));
#8265 = CARTESIAN_POINT('',(3.770489970838,14.142501209713));
#8266 = CARTESIAN_POINT('',(3.785358337114,14.14251337942));
#8267 = CARTESIAN_POINT('',(3.800226701625,14.142526147793));
#8268 = CARTESIAN_POINT('',(3.815095063862,14.142539516824));
#8269 = CARTESIAN_POINT('',(3.829963423089,14.142553474547));
#8270 = CARTESIAN_POINT('',(3.844831779384,14.142568057514));
#8271 = CARTESIAN_POINT('',(3.859700129752,14.142583117712));
#8272 = CARTESIAN_POINT('',(3.874568482651,14.142599192462));
#8273 = CARTESIAN_POINT('',(3.889436803763,14.14261425774));
#8274 = CARTESIAN_POINT('',(3.904305218414,14.142635844515));
#8275 = CARTESIAN_POINT('',(3.919173256167,14.142635819118));
#8276 = CARTESIAN_POINT('',(3.934042670084,14.14271914375));
#8277 = CARTESIAN_POINT('',(3.948885917784,14.14134812449));
#8278 = CARTESIAN_POINT('',(3.9637270899,14.139786842903));
#8279 = CARTESIAN_POINT('',(3.978569723151,14.138240021235));
#8280 = CARTESIAN_POINT('',(3.99341405578,14.136723360649));
#8281 = CARTESIAN_POINT('',(4.008257284959,14.135070284969));
#8282 = CARTESIAN_POINT('',(4.023096503985,14.133089634773));
#8283 = CARTESIAN_POINT('',(4.037929573172,14.130620976272));
#8284 = CARTESIAN_POINT('',(4.052755603753,14.127570411902));
#8285 = CARTESIAN_POINT('',(4.067574931422,14.123917827179));
#8286 = CARTESIAN_POINT('',(4.082388867941,14.119709330405));
#8287 = CARTESIAN_POINT('',(4.097199342948,14.115040472553));
#8288 = CARTESIAN_POINT('',(4.112008537197,14.110035909515));
#8289 = CARTESIAN_POINT('',(4.126818563673,14.104829200487));
#8290 = CARTESIAN_POINT('',(4.141631228243,14.099545310022));
#8291 = CARTESIAN_POINT('',(4.156447881257,14.094287348228));
#8292 = CARTESIAN_POINT('',(4.171269358012,14.089128305023));
#8293 = CARTESIAN_POINT('',(4.186095996777,14.084107908143));
#8294 = CARTESIAN_POINT('',(4.200927717366,14.079234238193));
#8295 = CARTESIAN_POINT('',(4.215764140195,14.074489344483));
#8296 = CARTESIAN_POINT('',(4.230604725014,14.069837819909));
#8297 = CARTESIAN_POINT('',(4.245448909628,14.065237115929));
#8298 = CARTESIAN_POINT('',(4.260296231722,14.060648314473));
#8299 = CARTESIAN_POINT('',(4.27514642085,14.056046120821));
#8300 = CARTESIAN_POINT('',(4.289999452363,14.051426989563));
#8301 = CARTESIAN_POINT('',(4.304855559989,14.046814525379));
#8302 = CARTESIAN_POINT('',(4.31971520854,14.042261587167));
#8303 = CARTESIAN_POINT('',(4.334579032291,14.037848842625));
#8304 = CARTESIAN_POINT('',(4.349447747921,14.0336798485));
#8305 = CARTESIAN_POINT('',(4.364322053093,14.029873051956));
#8306 = CARTESIAN_POINT('',(4.379202523004,14.026551408498));
#8307 = CARTESIAN_POINT('',(4.394089517332,14.023830581771));
#8308 = CARTESIAN_POINT('',(4.408983109094,14.021806920172));
#8309 = CARTESIAN_POINT('',(4.423883044974,14.020546580433));
#8310 = CARTESIAN_POINT('',(4.438788743712,14.02007726879));
#8311 = CARTESIAN_POINT('',(4.453699335247,14.020384068437));
#8312 = CARTESIAN_POINT('',(4.468613738628,14.021410684578));
#8313 = CARTESIAN_POINT('',(4.48353077148,14.023067131319));
#8314 = CARTESIAN_POINT('',(4.498449278504,14.025244378913));
#8315 = CARTESIAN_POINT('',(4.513368261671,14.027835757545));
#8316 = CARTESIAN_POINT('',(4.528286991179,14.030763971626));
#8317 = CARTESIAN_POINT('',(4.543205074598,14.034011422406));
#8318 = CARTESIAN_POINT('',(4.558122462734,14.037650174049));
#8319 = CARTESIAN_POINT('',(4.573039375431,14.04186630926));
#8320 = CARTESIAN_POINT('',(4.587956138545,14.046971583702));
#8321 = CARTESIAN_POINT('',(4.602872939599,14.053393019071));
#8322 = CARTESIAN_POINT('',(4.617789519587,14.061628618085));
#8323 = CARTESIAN_POINT('',(4.632704883036,14.072153312597));
#8324 = CARTESIAN_POINT('',(4.647617008191,14.085258620613));
#8325 = CARTESIAN_POINT('',(4.662523104116,14.100793968757));
#8326 = CARTESIAN_POINT('',(4.677419102686,14.117817734494));
#8327 = CARTESIAN_POINT('',(4.692304320764,14.134002771597));
#8328 = CARTESIAN_POINT('',(4.70717020625,14.14524526662));
#8329 = CARTESIAN_POINT('',(4.72204365935,14.143671901593));
#8330 = CARTESIAN_POINT('',(4.736907741491,14.144061273787));
#8331 = CARTESIAN_POINT('',(4.751776043417,14.143924497729));
#8332 = CARTESIAN_POINT('',(4.766643258381,14.143928353431));
#8333 = CARTESIAN_POINT('',(4.781510793428,14.143894190149));
#8334 = CARTESIAN_POINT('',(4.796378271546,14.143869893703));
#8335 = CARTESIAN_POINT('',(4.811245793744,14.143842650294));
#8336 = CARTESIAN_POINT('',(4.826113332931,14.14381591107));
#8337 = CARTESIAN_POINT('',(4.840980896327,14.143788769487));
#8338 = CARTESIAN_POINT('',(4.855848481944,14.143761487122));
#8339 = CARTESIAN_POINT('',(4.870716090246,14.143734013061));
#8340 = CARTESIAN_POINT('',(4.885583721024,14.143706380663));
#8341 = CARTESIAN_POINT('',(4.900451374232,14.143678601267));
#8342 = CARTESIAN_POINT('',(4.915319049765,14.143650692699));
#8343 = CARTESIAN_POINT('',(4.930186747513,14.143622671629));
#8344 = CARTESIAN_POINT('',(4.945054467348,14.143594555608));
#8345 = CARTESIAN_POINT('',(4.959922209131,14.143566362496));
#8346 = CARTESIAN_POINT('',(4.974789972704,14.143538110578));
#8347 = CARTESIAN_POINT('',(4.989657757896,14.143509818484));
#8348 = CARTESIAN_POINT('',(5.004525564521,14.143481505161));
#8349 = CARTESIAN_POINT('',(5.019393392376,14.143453189826));
#8350 = CARTESIAN_POINT('',(5.034261241247,14.143424891926));
#8351 = CARTESIAN_POINT('',(5.049129110902,14.143396631096));
#8352 = CARTESIAN_POINT('',(5.063997001098,14.143368427126));
#8353 = CARTESIAN_POINT('',(5.078864911574,14.143340299927));
#8354 = CARTESIAN_POINT('',(5.093732842058,14.143312269499));
#8355 = CARTESIAN_POINT('',(5.10860079226,14.143284355908));
#8356 = CARTESIAN_POINT('',(5.123468761878,14.143256579259));
#8357 = CARTESIAN_POINT('',(5.138336750595,14.143228959669));
#8358 = CARTESIAN_POINT('',(5.153204758079,14.143201517244));
#8359 = CARTESIAN_POINT('',(5.168072783981,14.143174272051));
#8360 = CARTESIAN_POINT('',(5.18294082794,14.143147244081));
#8361 = CARTESIAN_POINT('',(5.19780888958,14.143120453221));
#8362 = CARTESIAN_POINT('',(5.212676968509,14.143093919205));
#8363 = CARTESIAN_POINT('',(5.227545064322,14.143067661573));
#8364 = CARTESIAN_POINT('',(5.242413176602,14.143041699623));
#8365 = CARTESIAN_POINT('',(5.257281304917,14.143016052355));
#8366 = CARTESIAN_POINT('',(5.272149448824,14.142990738421));
#8367 = CARTESIAN_POINT('',(5.287017607869,14.142965776072));
#8368 = CARTESIAN_POINT('',(5.301885781587,14.14294118311));
#8369 = CARTESIAN_POINT('',(5.316753969505,14.142916976848));
#8370 = CARTESIAN_POINT('',(5.331622171139,14.142893174074));
#8371 = CARTESIAN_POINT('',(5.346490385997,14.142869791026));
#8372 = CARTESIAN_POINT('',(5.361358613577,14.142846843384));
#8373 = CARTESIAN_POINT('',(5.376226853368,14.142824346258));
#8374 = CARTESIAN_POINT('',(5.39109510485,14.142802314202));
#8375 = CARTESIAN_POINT('',(5.405963367491,14.142780761208));
#8376 = CARTESIAN_POINT('',(5.420831640751,14.142759700711));
#8377 = CARTESIAN_POINT('',(5.435699924077,14.142739145559));
#8378 = CARTESIAN_POINT('',(5.450568216908,14.142719107957));
#8379 = CARTESIAN_POINT('',(5.46543651868,14.142699599346));
#8380 = CARTESIAN_POINT('',(5.48030482883,14.142680630147));
#8381 = CARTESIAN_POINT('',(5.495173146819,14.142662209595));
#8382 = CARTESIAN_POINT('',(5.510041472103,14.142644344524));
#8383 = CARTESIAN_POINT('',(5.52490980406,14.142627044286));
#8384 = CARTESIAN_POINT('',(5.539778142178,14.142610317037));
#8385 = CARTESIAN_POINT('',(5.554646485881,14.142594169162));
#8386 = CARTESIAN_POINT('',(5.56951483459,14.142578605951));
#8387 = CARTESIAN_POINT('',(5.584383187724,14.142563631747));
#8388 = CARTESIAN_POINT('',(5.599251544703,14.142549250102));
#8389 = CARTESIAN_POINT('',(5.614119904954,14.142535463824));
#8390 = CARTESIAN_POINT('',(5.62898826791,14.142522274991));
#8391 = CARTESIAN_POINT('',(5.643856633011,14.142509684935));
#8392 = CARTESIAN_POINT('',(5.658724999702,14.142497694219));
#8393 = CARTESIAN_POINT('',(5.673593367432,14.14248630261));
#8394 = CARTESIAN_POINT('',(5.688461735659,14.142475509059));
#8395 = CARTESIAN_POINT('',(5.703330103842,14.14246531169));
#8396 = CARTESIAN_POINT('',(5.718198471448,14.142455707801));
#8397 = CARTESIAN_POINT('',(5.73306683795,14.142446693876));
#8398 = CARTESIAN_POINT('',(5.747935202825,14.142438265607));
#8399 = CARTESIAN_POINT('',(5.76280356556,14.142430417923));
#8400 = CARTESIAN_POINT('',(5.77767192565,14.142423145025));
#8401 = CARTESIAN_POINT('',(5.792540282597,14.142416440426));
#8402 = CARTESIAN_POINT('',(5.807408635917,14.142410296987));
#8403 = CARTESIAN_POINT('',(5.822276985133,14.142404706957));
#8404 = CARTESIAN_POINT('',(5.837145329783,14.142399662007));
#8405 = CARTESIAN_POINT('',(5.852013669413,14.142395153262));
#8406 = CARTESIAN_POINT('',(5.866882003586,14.142391171333));
#8407 = CARTESIAN_POINT('',(5.881750331873,14.142387706337));
#8408 = CARTESIAN_POINT('',(5.896618653861,14.142384747922));
#8409 = CARTESIAN_POINT('',(5.911486969149,14.142382285288));
#8410 = CARTESIAN_POINT('',(5.926355277347,14.142380307205));
#8411 = CARTESIAN_POINT('',(5.94122357808,14.142378802038));
#8412 = CARTESIAN_POINT('',(5.956091870985,14.142377757766));
#8413 = CARTESIAN_POINT('',(5.970960155712,14.142377162012));
#8414 = CARTESIAN_POINT('',(5.985828431926,14.142377002072));
#8415 = CARTESIAN_POINT('',(6.000696699302,14.142377264951));
#8416 = CARTESIAN_POINT('',(6.015564957531,14.142377937404));
#8417 = CARTESIAN_POINT('',(6.030433206318,14.142379005975));
#8418 = CARTESIAN_POINT('',(6.045301445382,14.142380457048));
#8419 = CARTESIAN_POINT('',(6.060169674456,14.142382276889));
#8420 = CARTESIAN_POINT('',(6.075037893289,14.142384451691));
#8421 = CARTESIAN_POINT('',(6.089906101642,14.142386967618));
#8422 = CARTESIAN_POINT('',(6.104774299295,14.142389810829));
#8423 = CARTESIAN_POINT('',(6.119642486039,14.142392967511));
#8424 = CARTESIAN_POINT('',(6.134510661683,14.142396423884));
#8425 = CARTESIAN_POINT('',(6.149378826047,14.142400166207));
#8426 = CARTESIAN_POINT('',(6.164246978965,14.142404180766));
#8427 = CARTESIAN_POINT('',(6.179115120286,14.14240845386));
#8428 = CARTESIAN_POINT('',(6.193983249868,14.142412971786));
#8429 = CARTESIAN_POINT('',(6.208851367583,14.142417720833));
#8430 = CARTESIAN_POINT('',(6.223719473315,14.14242268731));
#8431 = CARTESIAN_POINT('',(6.238587566959,14.142427857617));
#8432 = CARTESIAN_POINT('',(6.253455648424,14.142433218396));
#8433 = CARTESIAN_POINT('',(6.268323717632,14.142438756824));
#8434 = CARTESIAN_POINT('',(6.278235755569,14.142442559582));
#8435 = CARTESIAN_POINT('',(6.283191772478,14.142444486547));
#8436 = ( GEOMETRIC_REPRESENTATION_CONTEXT(2) 
PARAMETRIC_REPRESENTATION_CONTEXT() REPRESENTATION_CONTEXT('2D SPACE',''
  ) );
#8437 = ADVANCED_FACE('',(#8438),#7771,.T.);
#8438 = FACE_BOUND('',#8439,.T.);
#8439 = EDGE_LOOP('',(#8440,#8441));
#8440 = ORIENTED_EDGE('',*,*,#7591,.T.);
#8441 = ORIENTED_EDGE('',*,*,#8442,.T.);
#8442 = EDGE_CURVE('',#7233,#7592,#8443,.T.);
#8443 = SURFACE_CURVE('',#8444,(#8449),.PCURVE_S1.);
#8444 = CIRCLE('',#8445,10.);
#8445 = AXIS2_PLACEMENT_3D('',#8446,#8447,#8448);
#8446 = CARTESIAN_POINT('',(0.,0.,20.));
#8447 = DIRECTION('',(0.,0.,1.));
#8448 = DIRECTION('',(1.,0.,-0.));
#8449 = PCURVE('',#7771,#8450);
#8450 = DEFINITIONAL_REPRESENTATION('',(#8451),#8455);
#8451 = CIRCLE('',#8452,10.);
#8452 = AXIS2_PLACEMENT_2D('',#8453,#8454);
#8453 = CARTESIAN_POINT('',(0.,0.));
#8454 = DIRECTION('',(1.,0.));
#8455 = ( GEOMETRIC_REPRESENTATION_CONTEXT(2) 
PARAMETRIC_REPRESENTATION_CONTEXT() REPRESENTATION_CONTEXT('2D SPACE',''
  ) );
#8456 = ( GEOMETRIC_REPRESENTATION_CONTEXT(3) 
GLOBAL_UNCERTAINTY_ASSIGNED_CONTEXT((#8460)) 
GLOBAL_UNIT_ASSIGNED_CONTEXT((#8457,#8458,#8459)) REPRESENTATION_CONTEXT
('Context #1','3D Context with UNIT and UNCERTAINTY') );
#8457 = ( LENGTH_UNIT() NAMED_UNIT(*) SI_UNIT(.MILLI.,.METRE.) );
#8458 = ( NAMED_UNIT(*) PLANE_ANGLE_UNIT() SI_UNIT($,.RADIAN.) );
#8459 = ( NAMED_UNIT(*) SI_UNIT($,.STERADIAN.) SOLID_ANGLE_UNIT() );
#8460 = UNCERTAINTY_MEASURE_WITH_UNIT(LENGTH_MEASURE(2.E-04),#8457,
  'distance_accuracy_value','confusion accuracy');
#8461 = PRODUCT_RELATED_PRODUCT_CATEGORY('part',$,(#7));
ENDSEC;
END-ISO-10303-21;
